,item_id,i_name,i_category,r_substitute,r_buy_together,r_complement
0,1317,Texas Instruments TI-1795 SV Standard Function Calculator,4,[],"[1583, 1976]","[516, 1676, 115, 361, 124, 2064, 963, 49, 494, 834, 378, 1473, 505, 2102, 89, 633, 1728, 1869, 745, 2078, 966, 1357, 587, 1694, 944, 998, 699, 1583, 1264, 421, 1235, 1616, 1322, 835, 1218, 2237, 1396, 484, 2116, 435, 1976, 736, 1713, 557, 850, 139]"
1,599,"Texas Instruments TI-30X IIS 2-Line Scientific Calculator, Black",4,[],"[1185, 1590]","[1050, 903, 215, 1082, 774, 1151, 1468, 1464, 505, 206, 1969, 2386, 2078, 1134, 2359, 1481, 1925, 859, 890, 2058, 1924, 1624, 243, 800, 2168, 1139, 557, 1755, 1559]"
2,1203,Texas Instruments TI-83 Graphing Calculator,4,[],[1633],[]
3,1445,HP 12C Financial Calculator,4,"[886, 1496, 1681, 599, 2112]",[],"[886, 1496, 518, 590, 589, 2112]"
4,355,"Avery Half-Fold Greeting Cards for Inkjet Printers, 5.5 inches x 8.5 inches, White, Matte, Pack of 20 (03265)",25,"[1739, 1611, 2094, 941, 1644, 2096, 1465, 960]",[],"[1783, 946, 681, 1914, 1465, 444, 49, 1611, 1353, 2096, 980, 960, 112, 142, 75, 770, 168, 2094, 1436, 182, 1448]"
5,886,Texas Instruments BA II Plus Financial Calculator,4,"[1496, 1185, 1359, 1445, 599, 1590, 1633, 2112]",[],"[736, 1481, 2082, 1185, 1359, 1445, 599, 2112]"
6,2053,Canon LS-85H Portable Display Calculator,4,[],"[1319, 594, 1317]",[]
7,2054,"Fellowes Gel Wrist Rest, Graphite/Platinum (91737)",11,"[499, 409, 1797, 2238, 448, 1361, 1795, 2211, 835]",[],"[834, 1614, 835, 293, 1361, 1580, 1795, 1479, 2211, 1861]"
8,833,"DYMO Labeling Tape, &frac12;&quot; x 23', Black Print on White Tape (45013) D1 Label Cassette, Split Back Easy Peel Adhesive",22,"[1285, 807, 401, 103, 253, 108, 1276, 970, 1206, 1170, 71]",[],"[516, 361, 313, 49, 807, 378, 494, 94, 1206, 966, 1667, 253, 1807, 1276, 850, 1086, 71, 484, 736, 557, 589]"
9,1794,"DYMO 30323 LaberWriter Standard Shipping Labels for LabelWriter Label Printers, 2 1/8- by 4-inch, White, Roll of 220",22,"[253, 1276, 1206, 1420, 2278, 912, 2289, 1796]",[],"[833, 516, 2161, 313, 151, 2289, 49, 494, 365, 1470, 1206, 2278, 587, 1968, 1276, 1933, 1149, 1560, 421, 1322, 912, 1295, 786, 47, 484, 1796]"
10,936,Fellowes 58021 Medium Mouse Pad (Blue),11,"[834, 536, 600, 2110, 1205, 1891, 1974, 997]",[],"[1398, 115, 834, 1473, 600, 633, 1205, 1260, 1320, 1361, 2087, 1357, 997, 1479, 587, 1694, 1583, 421, 1462, 536, 484, 769, 736, 835, 2211, 850]"
11,1609,Fellowes EXL45-2 Small-Size Laminating System,27,"[137, 1965, 383, 437, 1364, 1699, 901, 94, 1742, 665, 1501, 1075, 194, 1163, 664, 2205]",[],"[2184, 908, 2068, 1364, 1699, 94, 635, 75, 104, 1501, 1075, 1163]"
12,834,Fellowes 58024 Medium Mouse Pad (Black),11,[],"[155, 536, 704]","[115, 361, 1974, 49, 378, 630, 1473, 704, 1260, 155, 1361, 2101, 587, 1694, 1807, 998, 850, 1235, 1322, 2099, 536, 936, 1107, 773, 484, 1321, 740, 835, 589, 139]"
13,1795,"Fellowes Gel Wrist Rest and Mouse Pad, Graphite/Platinum (91741)",11,"[499, 2054, 2241, 419, 59, 1798, 268, 798, 1320, 422, 1361, 835, 2211]",[],"[499, 2054, 59, 1798, 1358, 633, 1361, 835, 1479, 2211, 1580]"
14,2055,Brother TN460 High Yield Toner Cartridge - Retail Packaging,28,[],"[151, 705]","[1518, 1975, 1517, 2312, 151, 378, 1557, 1103, 109, 1953, 911, 1807, 1342, 1458, 1933, 1322, 2203, 1178, 705, 1988, 1852, 737]"
15,2056,HP 23 Tri-Color Inkjet Print Ink Cartridge in Retail Packaging,28,[],[2163],"[541, 1804, 1176, 1267, 895, 1914, 1627, 1014, 2163, 1103, 2136, 950, 1357, 2121, 887, 1253, 1077, 1255, 1640, 1671, 2122, 2166, 1229, 1178, 705, 1369, 737]"
16,1610,"Epson Premium Presentation Paper MATTE (8.5x11 Inches, 50 Sheets) (S041257)",25,"[938, 1819, 893, 941, 1257, 2161, 770, 1222, 2202]",[],"[427, 938, 74, 946, 1611, 451, 681, 694, 770, 447, 1298, 182, 2202, 49]"
17,1126,"Epson Presentation Paper Matte, 8.5 x 11 Inches, 100 Sheets (S041062)",25,"[938, 1257, 1610, 770, 447, 2202]",[],"[458, 427, 938, 2396, 224, 694, 369, 336, 1314, 770, 2161, 1610, 459, 182, 795, 627, 49]"
18,937,Canon 4479A003 BCI-3eBK Black Ink Cartridge,28,[],"[561, 692]","[2186, 269, 224, 1874, 1436, 561, 673, 444, 2150, 1568]"
19,1127,Brother PT-65 P-touch Home and Hobby Labeler with LCD Screen,24,"[1285, 103, 108, 1105, 851, 2165, 296, 1964, 1170, 71]",[],[2165]
20,996,"BIC Round Stic Ball Pens, Medium Point, Blue, 10 Pens",39,"[1980, 903, 2075, 494, 2088, 505, 34, 1297, 1134, 1481, 1925, 890, 243, 800, 1327, 484, 769, 1648, 1324, 1336, 2078]",[],"[1980, 516, 1676, 115, 774, 49, 494, 378, 139, 1473, 2088, 505, 34, 2386, 745, 966, 2087, 1357, 1134, 587, 2078, 1481, 1807, 1925, 890, 1583, 1264, 2058, 1322, 1624, 1135, 243, 800, 557, 484, 769, 1648, 2168, 19, 1713, 1324, 850, 1934]"
21,1204,"Mead Spiral 1-Subject Wide-Ruled Notebook, 1 Notebook, Color May Vary, Assorted Colors  (05510)",25,"[2359, 979, 903, 243, 800, 1504, 890, 206, 2058, 2168, 2386, 1367, 1464]",[],"[1050, 903, 215, 115, 1082, 1367, 49, 1464, 494, 505, 206, 1969, 2386, 1134, 2359, 1925, 890, 2058, 1924, 1624, 243, 800, 1504, 484, 2168, 1139, 557]"
22,1446,"3M Scotch Heavy Duty Mounting Tape, 1-Inch by 50-Inch",35,"[2057, 1047, 263, 170, 199, 1456]",[],"[494, 762, 139, 2057, 998, 1456, 1047, 1419, 484, 170, 199, 838, 19, 263, 796, 1336, 220]"
23,170,"3M Scotch Mounting Tape, .5-Inch by 75-Inch (110)",35,"[222, 2057, 1047, 263, 1446, 199, 1456, 8]",[],"[2057, 859, 1047, 1419, 484, 1446, 19, 199, 838, 263, 220]"
24,1047,"Scotch Exterior Mounting Tape, 1-Inch by 60-Inch",35,"[2057, 263, 2215, 1446, 170, 199, 1456, 1166]",[],"[199, 484, 170, 1446, 844, 263]"
25,2057,"3M  Double-Sided Tape with Dispenser, Permanent, 1/2 X 250 Inches, Clear (MMM136)",35,"[199, 1048, 222, 505, 859, 1047, 263, 484, 170, 1446, 19, 1456, 220]",[],"[1047, 378, 1473, 505, 2397, 34, 633, 170, 1134, 1481, 859, 699, 1446, 199, 1212, 1456, 220, 1048, 1346, 941, 800, 1644, 2237, 484, 2168, 19, 263]"
26,600,Belkin Standard Mouse Pad -Blue,11,"[834, 536, 936, 704, 2110, 1205, 1891, 155, 1974, 997]",[],"[516, 1676, 115, 840, 49, 494, 834, 378, 2088, 505, 34, 1662, 1205, 745, 966, 2087, 587, 997, 1933, 1583, 850, 1264, 421, 835, 536, 936, 1396, 484, 2116, 736, 1713, 557, 589, 139]"
27,1205,Belkin Premium Mouse Pad 215 X 265 X 3MM (Blue),11,"[834, 536, 936, 600, 155, 1974, 997]",[],"[1588, 1398, 115, 49, 494, 378, 1473, 2088, 600, 505, 1260, 1320, 745, 966, 2087, 997, 1807, 1583, 421, 1235, 1322, 1212, 536, 936, 2237, 1419, 484, 1396, 19, 1596, 2214, 835, 850, 139]"
28,392,"Avery Easy Peel Return Address Labels for Laser Printers, 0.5 x 1.75 Inches, White, Pack of 2000 (05267)",22,"[1447, 2004, 433, 152, 109, 460, 249, 1759, 334, 2095, 112, 142, 304, 1018, 439, 463]",[],"[516, 1676, 460, 334, 313, 151, 1800, 1328, 49, 304, 439, 494, 378, 407, 1103, 1625, 1470, 112, 1231, 142, 2087, 109, 463, 249, 1807, 152, 171, 2325, 1684, 421, 1322, 47, 484, 2116, 1234, 769, 736, 263, 139]"
29,835,Belkin Wave Rest Gel-Filled Cushion Wrist Pad -Black,11,[],[],"[1588, 836, 49, 834, 630, 1239, 704, 1320, 1361, 745, 1479, 587, 1090, 1583, 964, 1580, 536, 843, 2116, 740, 850, 1614]"
30,112,"Avery Easy Peel Address Labels, Inkjet Printers, White, 1 x 2.5/8 Inch, Box of 750 labels (25 Sheets / 30 per Sheet) (08160)",22,"[1447, 320, 433, 460, 334, 304, 439, 1625, 133, 142, 1018, 109, 249, 463, 392, 1684, 2350, 2004, 335]",[],"[1447, 433, 38, 460, 1160, 840, 2028, 1509, 1628, 49, 439, 494, 2088, 407, 1625, 94, 635, 142, 109, 949, 392, 463, 1615, 1807, 1394, 152, 1276, 1264, 114, 2350, 466, 1295, 941, 368, 47, 1644, 2095, 484, 2116, 547, 2168, 736, 1905, 1713, 557, 1676]"
31,249,"Avery Easy Peel Address Labels for Laser Printers, 1 x 2.625 Inches, White, Pack of 750 (05260)",22,"[1447, 433, 460, 1800, 304, 439, 133, 1625, 112, 142, 1018, 109, 463, 392, 152, 607, 1684, 7, 2004]",[],"[433, 115, 460, 840, 267, 334, 2028, 151, 49, 357, 494, 378, 2068, 407, 1625, 2227, 112, 2101, 142, 1231, 109, 587, 392, 1807, 998, 152, 86, 1370, 421, 1817, 1322, 466, 2381, 1462, 47, 214, 2237, 484, 2116, 19, 736]"
32,1447,"Avery Easy Peel Mailing Labels for Ink Jet Printers, 1 x 2-5/8 Inches, Clear, Pack of 300 (18660)",22,"[335, 1018, 320, 433, 460, 463, 133, 1625, 334, 392, 607, 1370, 112, 142, 304, 109, 249]",[],"[320, 1783, 1329, 946, 38, 941, 368, 460, 1644, 267, 75, 2028, 56, 1370, 112, 142, 745, 111]"
33,1318,"Fellowes Booklift Copyholder, Platinum (21100)",11,"[629, 1675, 1192]",[],"[629, 1192, 1228, 421, 1015, 1208, 589]"
34,460,"Avery Shipping Labels with TrueBlock Technology, 2 x 4, White, 250/Pack, PK - AVE8163",22,"[1447, 320, 433, 38, 334, 1379, 1800, 304, 1421, 1625, 1816, 112, 1231, 142, 1018, 109, 249, 463, 152, 466, 382, 335, 2384]",[],"[1447, 320, 433, 38, 1676, 840, 334, 49, 304, 494, 407, 1662, 1625, 2227, 112, 1231, 142, 109, 587, 249, 1807, 75, 1370, 1086, 421, 1817, 1322, 1212, 2065, 941, 368, 484, 736, 335, 557, 850, 139]"
35,142,"Avery Easy Peel Return Address Labels for Inkjet Printers, 0.5 x 1.75 Inches, White, Pack of 2000 (08167)",22,"[1447, 433, 109, 460, 1759, 1625, 133, 334, 392, 1684, 112, 249, 304, 1018, 439, 463]",[],"[1447, 320, 946, 38, 893, 460, 334, 2028, 355, 1800, 49, 1628, 1309, 439, 304, 494, 1473, 2290, 1611, 133, 1625, 112, 2101, 1231, 1018, 109, 392, 853, 1807, 1759, 699, 75, 1264, 466, 1322, 1286, 941, 1644, 2082, 1801, 484, 733, 736, 335, 263]"
36,1611,"Avery Note Cards, 4.25 x 5.5 Inches, Matte, White, Box of 60 (08315)",25,"[946, 1739, 2094, 941, 1644, 75, 1465, 355, 1799, 1652]",[],"[1447, 320, 946, 267, 2028, 1465, 444, 355, 49, 1421, 357, 1739, 224, 1625, 1610, 960, 112, 22, 75, 770, 1568, 1799, 649, 2094, 941, 1644, 335, 263]"
37,439,"Avery File Folder Labels for Laser and Inkjet Printers, 0.6 x 3.43 Inches, White, Pack of 750 (08366)",22,"[1807, 421, 249, 13, 392, 112, 736, 142, 1800, 313, 109, 463]",[],"[1514, 516, 1676, 115, 1376, 361, 313, 49, 1628, 1309, 494, 378, 1378, 1473, 2088, 407, 633, 112, 142, 966, 2087, 109, 587, 2078, 1807, 1264, 421, 1322, 214, 2082, 2237, 484, 2116, 1234, 736, 2214, 557, 1368, 589, 139]"
38,1796,"DYMO 30256 LabelWriter Self-Adhesive Large Shipping Labels, 2 5/16- by 4-inch, White, Roll of 300",22,"[833, 1276, 898, 1845, 1206, 1794, 1560, 1420, 2278, 912, 2289]",[],"[833, 2415, 151, 1628, 2289, 1421, 449, 1353, 1206, 1794, 1009, 2278, 911, 253, 1276, 171, 1933, 1370, 1560, 421, 1817, 1322, 1212, 2099, 912, 1295, 484, 2116, 769]"
39,133,"Avery Easy Peel Address Labels for Inkjet Printers, 1 x 2.625 Inches, Clear, Pack of 750 (08660)",22,"[1447, 335, 1018, 320, 433, 460, 249, 1625, 607, 334, 392, 7, 112, 142, 304, 109, 242]",[],"[1447, 516, 433, 1141, 334, 1628, 49, 439, 378, 407, 2227, 960, 112, 142, 109, 1807, 171, 75, 1264, 1370, 421, 1799, 1322, 1065, 2381, 941, 368, 47, 484, 2116, 733, 335, 2214, 1335, 1368]"
40,1206,"DYMO 30252 LabelWriter Self-Adhesive Address Labels, 1 1/8- by 3 1/2-inch, White, Roll of 350",22,"[833, 253, 1276, 1845, 1794, 1560, 1420, 2278, 912, 1796]",[],"[833, 313, 151, 2289, 1309, 494, 2088, 407, 359, 1794, 2278, 1807, 998, 1276, 171, 2291, 1264, 1370, 1560, 1322, 912, 1295, 2237, 484, 547, 769, 1905, 1368, 1796]"
41,548,"Epson Premium Photo Paper GLOSSY (11x17 Inches, 20 Sheets) (S041290)",25,"[1493, 938, 952, 770, 549]",[],"[938, 179, 823, 281, 681, 694, 1353, 770, 182]"
42,997,Belkin Standard Mouse Pad (Gray),11,"[834, 536, 1893, 936, 600, 704, 2110, 1205, 1891, 155, 1974]",[],"[1588, 115, 836, 361, 1473, 2088, 600, 1205, 736, 1893, 1807, 1235, 536, 936, 1257, 2237, 484, 1217, 835, 850]"
43,472,"AT&amp;T 210 Corded Phone, White, 1 Handset",37,[],"[2267, 504, 1423, 1299]","[2267, 494, 1091, 2027, 2266, 1031, 1106, 504, 2008, 1299, 412, 580, 821, 1423, 1183, 2127, 1382]"
44,24,"Scotch(R) Gift Wrap Tape, 0.75 x 300 Inches, 3 Pack (311)",35,"[1048, 1466, 699, 19, 551, 454, 1944]",[],"[49, 378, 2397, 89, 47, 1944, 1677, 1644, 699, 1011, 484, 551, 19, 1212, 263, 454, 220]"
45,2058,"Mead Spiral Notebook, College Ruled, 1 Subject, 70 Sheets,8 x 10.5 Inches, Assorted Colors (05512)",25,"[1050, 2359, 1624, 903, 1481, 505, 243, 1372, 800, 557, 890, 206, 2168, 1204, 1924, 1134, 1464]",[],"[1050, 903, 215, 1082, 774, 1367, 1464, 494, 505, 34, 1617, 206, 1969, 2386, 2078, 1134, 2359, 1481, 1925, 1949, 890, 1259, 1924, 842, 1624, 1135, 243, 800, 871, 484, 2168, 1139, 557, 1755, 1336, 1324]"
46,2059,Brother TN-560 High-Yield Toner Cartridge - Retail Packaging,28,"[1417, 911, 1342, 2343, 705, 2055, 86, 1033, 2312, 151, 772, 187, 917, 737]",[],"[2033, 1953, 911, 1342, 705, 2237, 1988, 151, 737]"
47,1048,"Scotch Magic Tape, 1/2 x 450 Inches (104)",35,"[2057, 24, 505, 903, 34, 243, 859, 699, 587, 890, 484, 19, 551, 454, 220, 1134, 1944]",[],"[1050, 903, 2057, 115, 215, 1141, 1367, 1464, 505, 34, 1969, 2087, 1134, 587, 2359, 1352, 1481, 859, 890, 1924, 220, 842, 1624, 243, 800, 484, 2168, 19, 1921, 263, 1755, 850, 1324]"
48,243,"Filler Paper by Mead, Wide Ruled, 200 Sheets (15200)",25,"[1050, 903, 215, 774, 1204, 1367, 1464, 505, 1969, 2386, 1134, 2359, 1481, 890, 2058, 1924, 1624, 800, 2168, 1648, 557, 1755]",[],"[1050, 903, 215, 1082, 774, 1468, 1367, 1464, 979, 505, 1969, 2386, 1134, 2359, 1481, 1925, 890, 2058, 1924, 1624, 1135, 800, 865, 484, 2168, 1648, 557, 1755, 1336]"
49,561,Canon BCI-6BK Ink Tank-Black,28,[],"[1874, 937]","[269, 649, 224, 1874, 1257, 937, 2176, 237, 770, 1436, 586, 673, 444, 2150]"
50,1128,Brother HL-1440 Laser Printer,29,"[1975, 2055, 606, 917, 870, 2010, 2243, 1392, 2043, 718, 1412, 86, 1030, 1108, 2033, 1417, 1607, 705, 1033]","[2055, 86]",[]
51,504,"AT&amp;T 210 Corded Phone, Black, 1 Handset",37,[],"[2267, 472]","[2419, 2394, 1031, 2008, 1423, 1299, 412, 580, 821, 472, 1183, 1382]"
52,938,"Epson Bright White Paper (8.5x11 Inches, 500 Sheets) (S041586)",25,"[273, 1461, 1656, 447, 49, 458, 451, 1610, 2202, 111, 74, 1819, 1066, 1582, 79, 1257, 182, 459, 947]",[],"[1193, 681, 447, 355, 319, 2186, 458, 179, 89, 451, 281, 230, 1353, 1011, 406, 1610, 2107, 112, 111, 88, 427, 74, 823, 248, 1782, 79, 2040, 696, 1257, 182, 58, 508]"
53,1319,Canon LS-82Z Calculator,4,[],"[1583, 1976, 1317]","[2247, 516, 1317, 115, 840, 361, 1151, 963, 49, 1309, 494, 378, 2088, 505, 2102, 89, 407, 633, 1260, 1297, 1969, 112, 745, 2078, 966, 1357, 587, 1134, 944, 1159, 171, 1008, 699, 2325, 1583, 1264, 1370, 421, 1235, 1322, 1212, 843, 2237, 484, 1333, 2116, 1343, 769, 1976, 736, 557, 1368, 850, 139]"
54,2060,DYMO LetraTag Personal Label Maker 11944 Silver,24,"[1285, 833, 1127, 103, 1105, 2165, 851, 108, 253, 1276, 296, 1170, 71]",[],[]
55,1612,HP 57 Tri-Color Ink Cartridge in Retail Packaging,28,[],"[1507, 1070]","[1783, 717, 1914, 1569, 1505, 49, 1537, 1070, 1014, 978, 952, 2136, 950, 1076, 1079, 1507, 2121, 887, 911, 1253, 1995, 1077, 1775, 1640, 2122, 1229, 769, 1369]"
56,1049,Sharp Electronics EL243SB 8-Digit Twin Powered Calculator,4,[],"[1151, 1583, 1976]","[2247, 1050, 115, 774, 1151, 1628, 494, 378, 1473, 2088, 505, 407, 1662, 1056, 1969, 112, 1013, 966, 587, 1134, 147, 1481, 1583, 890, 1264, 846, 421, 1322, 1212, 2381, 1624, 243, 2214, 557, 1396, 484, 1333, 195, 769, 1976, 19, 1148, 835, 1336, 139]"
57,447,"HP Multipurpose Copy/Laser/Inkjet Paper, 96 Brightness, 20 lb, Letter Size (8.5 x 11), 500 Sheets (11200-0)",25,"[1918, 1582, 938, 1819, 243, 1257, 273, 1058, 1461, 1066, 1222, 49, 1368, 487, 947]",[],"[706, 541, 1050, 903, 1783, 1141, 840, 1509, 1367, 1464, 505, 281, 451, 1260, 1056, 2386, 111, 1134, 718, 1066, 890, 770, 2058, 187, 452, 1624, 897, 648, 693, 243, 800, 1257, 761, 692, 484, 1327, 2168, 19, 736, 826, 1000]"
58,730,"Whitmor 6056-344-N Supreme Cart, Chrome",2,[1474],[],[2130]
59,2061,Sharp EL-344TB Twin Power 10-Digit Calculator with Kick Stand,4,[],"[1583, 1976]","[2247, 516, 1676, 115, 361, 1800, 494, 378, 2088, 1103, 633, 1969, 745, 966, 1635, 587, 944, 1159, 699, 2325, 1583, 1264, 846, 421, 1322, 1212, 1812, 842, 735, 2237, 1396, 484, 2116, 1234, 769, 1976, 736, 1713, 557, 1049, 850, 139]"
60,2062,Epson Stylus Photo 2200 Ink Jet Printer (C11C387011),29,"[2184, 896, 694, 426, 1314, 1256, 1570, 862, 1632, 1093, 427, 567, 1073, 369, 336, 2292, 657, 716, 1301, 696, 1262, 1482, 1298, 459, 1494]",[],[]
61,1613,TeleZapper TZ 900,0,[],[],[]
62,1050,"Mead Filler Paper, College Ruled, 200 Sheets (15326)",25,"[2359, 1624, 215, 903, 505, 1481, 243, 1755, 890, 206, 2058, 1969, 2168, 2386, 557, 1134, 1464]",[],"[903, 215, 1082, 774, 1468, 599, 1367, 1464, 505, 34, 1755, 53, 206, 1969, 2386, 2070, 1134, 2359, 1481, 1925, 1636, 890, 2058, 1924, 1624, 243, 800, 865, 484, 1327, 2168, 557, 1665, 1336, 1559]"
63,887,HP 56 C6656AN#140 Ink Cartridge in Retail Packaging-Black,28,[],"[950, 1507, 1070]","[541, 717, 1914, 772, 1744, 1882, 1070, 1014, 978, 2136, 950, 1079, 1507, 2376, 2121, 1253, 1077, 1506, 1640, 2122, 648, 1229, 1612, 1676]"
64,1207,"Panasonic KX-TS105W Corded Phone, White",37,[],[1423],"[472, 1382]"
65,2063,Canon CanoScan LiDE 30 Scanner,30,"[750, 1718, 477, 743, 470, 1435, 866, 1734, 307, 814, 1486, 860, 1101, 1982, 709, 2156, 1374]","[814, 477, 470]",[]
66,1051,"3M Keyboard cleaner kit, White (674)",11,[],[],"[971, 1060, 704, 2012, 736, 997]"
67,1129,"Memorex White CD Labels, Matte Finish. 300 Count (32020403)",22,"[1653, 2141, 1634, 949]",[],"[1634, 2202, 1510, 2227, 484, 1222, 587, 949, 1676]"
68,282,"3M Adjustable In-Line Document Holder with Elastic Line Guide, 18 in Wide, 300 Sheet Capacity, Weighted Base, Black",11,"[629, 1192, 293, 1675, 1318, 1614]",[],"[1588, 344, 1460, 293, 1580, 835, 1479, 1614]"
69,152,"Avery&reg; White Shipping Labels for Laser Printers with  TrueBlock(TM) Technology, 2 inches x 4 inches, Pack of 250 (5263)",22,"[38, 1153, 460, 334, 1800, 304, 439, 1625, 1816, 112, 1231, 142, 1018, 109, 249, 392, 466, 1817, 2384, 915]",[],"[516, 320, 115, 38, 460, 334, 313, 151, 1800, 49, 304, 439, 378, 2068, 1466, 1662, 407, 1625, 112, 1231, 142, 966, 109, 587, 392, 249, 1807, 699, 1933, 1264, 421, 1817, 1322, 382, 220, 1178, 484, 420, 1234, 736, 1378]"
70,214,Avery Index Maker Clear Label Dividers with 5 White Tabs 25 Count (11446),22,"[114, 82, 1472, 557, 1104, 1309]",[],"[516, 1676, 840, 313, 1800, 439, 1309, 378, 356, 2195, 203, 1104, 109, 587, 1807, 1933, 1264, 421, 1322, 484, 2116, 1234, 736, 557, 589, 139]"
71,1798,"Fellowes Gel Crystal Mousepad/Wrist Rest, Blue (91141)",11,"[2241, 59, 268, 798, 1797, 2238, 1320, 1361, 1795, 835]",[],"[2241, 89, 268, 1107, 798, 1614, 835, 1797, 124, 2211, 421, 1361, 1795, 587, 139]"
72,109,"Avery Easy Peel White Mailing Labels for Laser Printers, 1 x 2.62 Inch, Box of 3000 Labels (5160)",22,"[1447, 2004, 460, 249, 133, 1625, 463, 1684, 7, 112, 1231, 142, 1800, 1018, 439, 392]",[],"[1918, 516, 893, 460, 590, 151, 1800, 49, 439, 494, 378, 407, 2101, 142, 1231, 966, 1018, 1357, 392, 1807, 171, 699, 1933, 2271, 1370, 421, 1322, 1462, 484, 1921, 736, 139]"
73,629,Fellowes Wire Study Stand-Silver (10024),11,"[1675, 1318, 1192]",[],"[998, 1239, 1192, 1228, 361, 1519, 1205, 1675, 1318, 589, 1015, 37, 1324]"
74,1797,"Fellowes Gel Crystals Wrist Rest, Blue (91137)",11,"[499, 2054, 2241, 1798, 268, 798, 2238, 1320, 1361, 835, 2211]",[],"[1473, 2241, 1798, 268, 798, 1614, 1637, 835, 2211, 1580]"
75,1320,Belkin F8E262-BLU WaveRest Gel Mouse Pad (Blue),11,"[2241, 536, 59, 1798, 268, 798, 1361, 1795, 835]",[],"[115, 1228, 124, 49, 494, 1473, 1205, 2238, 112, 109, 1167, 1134, 1807, 699, 1235, 1322, 936, 798, 2237, 1614, 835, 1676]"
76,1448,"Avery Magnet Sheets, 8.5 x 11 Inches, White (03270)",25,[],[],"[438, 843, 1807, 505, 1642, 941, 393, 1644, 267, 94, 635, 2107, 112, 1328, 304, 37]"
77,836,Allsop Monitor Stand Metal Art Jr. - Pewter (27021),11,[],[1860],"[115, 375, 1752, 1861, 1473, 758, 1239, 1013, 1479, 587, 846, 421, 1616, 1580, 536, 1860, 2116, 740, 835, 850, 1614]"
78,1799,Avery Laser &amp; Ink Jet White 3 x 5 Inch Index Cards 150 Count (5388),25,"[215, 2290, 1611, 893, 865, 75, 2374, 1624]",[],"[1447, 516, 1699, 1800, 49, 304, 494, 2088, 222, 2290, 1611, 2102, 1137, 94, 112, 142, 109, 392, 75, 421, 1577, 1015, 1624, 941, 368, 2095, 484, 2116, 769, 263]"
79,536,Belkin 8-by-9-Inch Mouse Pad (Black),11,"[834, 936, 600, 704, 1205, 1891, 155, 1974, 997]",[],"[834, 630, 1555, 704, 2237, 587, 1583, 850, 795, 835, 1479, 1170, 997, 139]"
80,1800,"Avery Shipping Labels for Laser Printers with TrueBlock Technology, 3.333 x 4 Inches, White, Box of 600 (5164)",22,"[38, 460, 1379, 334, 304, 439, 2039, 1625, 1816, 112, 1231, 142, 109, 249, 152, 466, 68, 2384, 915, 1796]",[],"[516, 1676, 151, 49, 439, 494, 357, 378, 2039, 407, 1625, 1231, 966, 1357, 109, 1713, 911, 1807, 171, 699, 1933, 1264, 421, 1817, 1322, 214, 1988, 484, 2116, 736, 2214, 1378, 139]"
81,196,"Fellowes Shredder Oil, 12 oz. Bottle with Extension Nozzle (35250)",24,[],"[2047, 1109, 156]","[2047, 924, 143, 581, 1243, 876, 532, 156, 1245, 217, 992, 1330, 488, 1109, 625, 1873, 525, 622]"
82,1614,Fellowes Standard Foot Rest,20,"[1090, 423, 443, 293, 658, 1580]",[],"[2140, 375, 836, 940, 282, 1575, 2238, 1320, 1361, 1479, 587, 1694, 1583, 214, 798, 740, 835, 2211, 1676]"
83,837,"Quartet Ultima Easel, Whiteboard/Flipchart, 27 x 34 Inches, Reversible, Black Frame (101EL)",26,"[1730, 1136]",[],"[1217, 1730, 1390, 5, 49, 527, 494, 2088, 275, 1662, 414, 518, 1663, 1216, 1013, 1136, 1637, 421, 1322, 843, 484, 2116, 769, 2168, 1821, 736, 557]"
84,1321,"Rubbermaid Extra Deep Desk Drawer Director Tray, Plastic, 11.875 x 15 x 2.5 Inches, Black (11906ROS)",11,[],[],"[1398, 115, 361, 124, 494, 378, 630, 1473, 633, 1728, 53, 587, 1694, 1615, 998, 1008, 699, 1583, 850, 421, 1235, 1616, 1322, 1107, 2237, 1343, 736, 835, 589, 139]"
85,1130,"Swingline GBC UltraClear Thermal Laminating Pouches, Menu Size, 3 Mil, 25 Pack (3200579)",1,"[908, 437, 1081, 1699, 901, 1098, 635, 104, 1501, 1075, 25, 1163, 665]",[],"[516, 1752, 1098, 151, 494, 383, 2068, 1081, 2005, 2125, 94, 635, 1357, 1807, 1364, 75, 1264, 1501, 1075, 421, 1322, 2205, 1577, 908, 437, 901, 1396, 484, 769, 420, 104, 25]"
86,998,"Rolodex Mesh Collection Business Card Holder, Black (22251ELD)",11,"[1615, 2037, 1107, 1008, 361, 501, 1675, 1343, 1616, 850, 2064, 1235, 2297, 1941, 587, 1694]",[],"[1398, 2072, 115, 361, 2064, 963, 1628, 494, 378, 630, 1473, 2037, 1575, 633, 1260, 1941, 966, 2087, 587, 1694, 1615, 944, 1008, 699, 1583, 1675, 1235, 1322, 1616, 1107, 2333, 2237, 1419, 484, 1321, 1343, 1396, 1921, 736, 850, 139]"
87,1616,"Rolodex Mesh Collection 3-Tier Desk Shelf, Letter-Size, Black (22341)",11,"[1615, 1107, 2333, 1008, 361, 1343, 2064, 1235, 745]",[],"[1398, 1317, 115, 361, 2064, 963, 1628, 494, 378, 630, 1473, 2088, 1575, 633, 1260, 1869, 745, 966, 2078, 587, 1134, 1615, 1807, 998, 1008, 699, 1675, 1583, 850, 421, 1235, 1322, 2065, 1107, 2237, 1321, 484, 1343, 769, 1976, 736, 1713, 557, 589, 139]"
88,2065,Rolodex Elegant Warm Metropolitan Look Desk Tray (23350),11,"[1616, 2333, 1235]",[],"[589, 361, 630, 587, 1694, 1615, 1807, 998, 2325, 1675, 1264, 1235, 1616, 1212, 140, 2099, 1107, 736, 850, 139]"
89,1615,"Rolodex Mesh Collection Stacking Sorter, 5-Section, Black (22141)",18,"[1107, 1008, 361, 1842, 1343, 2064, 1235, 1616, 745, 850]",[],"[1398, 1676, 115, 361, 2064, 49, 494, 365, 630, 378, 1473, 505, 633, 1260, 745, 2078, 587, 1694, 1807, 998, 1008, 1583, 1675, 1264, 850, 421, 1235, 1616, 1322, 843, 1107, 1419, 484, 2116, 1321, 1343, 1396, 736, 2214, 557, 589, 139]"
90,1131,"Swingline ClassicCut Pro 12-Inch Guillotine Trimmer, Desktop, Wood, 15 Sheet (9112)",10,"[592, 748, 757, 605, 318, 267, 916, 578]",[],"[115, 1730, 361, 963, 1222, 494, 378, 630, 1473, 1081, 164, 1662, 94, 635, 966, 587, 1364, 1583, 421, 1373, 2369, 908, 1107, 484, 2116, 769, 736, 557, 589, 139]"
91,267,"Swingline ClassicCut Lite Guillotine Trimmer, 12 Inch Cut Length, 10 Sheet Capacity (9312)",10,"[592, 757, 318, 605, 578, 284]",[],"[1493, 115, 1699, 840, 1098, 590, 1222, 49, 1697, 494, 378, 1937, 1473, 2395, 1137, 94, 635, 1742, 112, 966, 2078, 393, 770, 1637, 1322, 1373, 194, 437, 941, 901, 1644, 484, 2116, 665, 2214, 1448, 263, 139]"
92,630,"Rolodex 22351 Mesh round wastebasket, 11-1/2 diameter x 14-1/4h, black",11,"[1555, 1107, 361, 1343, 1235, 587, 850]",[],"[115, 361, 2064, 963, 1673, 378, 1473, 164, 633, 1704, 587, 2340, 1615, 998, 1008, 1235, 1616, 1781, 536, 746, 1107, 2237, 1419, 1343, 884, 1555, 736, 850, 139]"
93,2064,"Rolodex Mesh Collection Desk Organizer, Black (22171)",11,"[1398, 1615, 1107, 1008, 361, 1343, 1235, 1616, 850]",[],"[1398, 1317, 115, 361, 2412, 49, 494, 378, 630, 1473, 1575, 633, 745, 966, 587, 1694, 1134, 1615, 1807, 998, 1008, 1675, 1583, 421, 1235, 1616, 1322, 558, 1743, 843, 1107, 2237, 1419, 484, 1321, 1343, 1555, 736, 850, 139]"
94,2067,"Officemate Push Pins in Reusable Box, Assorted Colors, Box of 100 (92610)",35,"[1645, 158, 1419, 2245, 434]",[],"[516, 1217, 115, 1730, 361, 434, 1336, 49, 1309, 494, 378, 630, 1473, 89, 407, 633, 2245, 745, 966, 2078, 587, 1134, 998, 408, 699, 1136, 2325, 1264, 421, 1235, 1322, 1212, 1540, 220, 1645, 843, 1107, 1419, 484, 2116, 1396, 19, 736, 557, 850, 139]"
95,2066,"OfficemateOIC Mini Binder Clips, Assorted Colors, 60 Clips per Tub (31024)",35,"[1743, 2325, 1343, 1264, 2314, 1322, 966, 589]",[],"[1985, 516, 1676, 115, 361, 49, 1628, 1309, 494, 378, 1150, 505, 89, 407, 633, 2314, 966, 2078, 1167, 587, 147, 699, 2325, 1264, 421, 1322, 1743, 484, 2116, 769, 1343, 736, 1713, 557, 589, 139]"
96,1322,"ACCO Economy Jumbo Paper Clips, Smooth, Jumbo, 100/Box, 10 Boxes (72580)",35,"[1985, 1676, 115, 963, 494, 378, 1473, 139, 2088, 633, 2401, 2314, 966, 2087, 1357, 587, 1807, 699, 2325, 1264, 846, 421, 1212, 2381, 2237, 484, 769, 2116, 2078]",[],"[516, 1676, 115, 234, 361, 963, 49, 494, 378, 139, 1473, 2088, 505, 407, 633, 1260, 966, 2087, 1357, 587, 2078, 1713, 1807, 699, 2325, 850, 1264, 421, 1212, 2381, 2237, 1396, 484, 2116, 1234, 769, 1343, 1921, 736, 19, 2214, 1368, 589, 1934]"
97,325,"ACCO Mini 0.5 Inch Binder Clips, 0.25 Inch Capacity, Black, 12 Clips per Box (A7072010)",35,"[378, 1743, 2066, 2325, 633, 1264, 421, 1322, 966]",[],"[516, 1676, 115, 1228, 361, 124, 963, 49, 1628, 494, 378, 139, 1378, 2088, 505, 407, 633, 966, 2087, 1357, 1635, 587, 1134, 2078, 1615, 1807, 699, 2325, 1264, 846, 421, 1322, 1212, 1743, 2237, 1396, 484, 2116, 19, 736, 1713, 557, 850, 1934]"
98,939,"Scotch Cushion Wrap 7953, 12 Inches x 175 Feet",16,"[1657, 47, 1088, 1232, 428, 1881, 220, 2170]",[],"[193, 1232, 342, 1720, 1889, 1881, 48, 1331, 1011, 1422, 60, 171, 428, 220, 2170, 351, 47, 353, 9, 1247]"
99,1801,"Avery Metal Rim Key Tags, Card Stock/Metal, White, 50 per Pack (11025)",19,[],[],"[115, 963, 1509, 494, 378, 1137, 633, 142, 966, 2087, 587, 1323, 1807, 2325, 1449, 850, 421, 2350, 1322, 1212, 908, 2082, 484, 1333, 1921, 736, 589, 139]"
100,731,"Avery Ready Index Table of Contents Dividers, 10-Tab Set (11135)",22,"[214, 292, 114, 82, 1472, 2070, 557, 1309]",[],"[1050, 840, 49, 1309, 378, 505, 1617, 2195, 203, 966, 1726, 1807, 850, 1264, 421, 941, 214, 484, 733, 736, 1139, 557, 589]"
101,2068,"Avery Printable Two-Side Clean-Edge Business Cards for Laser Printers, White, Pack of 200 (05871)",25,"[2072, 1611, 941, 22, 1644, 75, 2161, 1075, 355, 1799, 1609]",[],"[1985, 516, 334, 2384, 1222, 1609, 151, 1163, 304, 378, 1591, 407, 2227, 1231, 966, 109, 587, 249, 998, 22, 75, 421, 1075, 1799, 2099, 941, 1234, 736, 2214, 850, 1676]"
102,1208,"Avery Hole Reinforcements, 1/4  Diameter, White, 1000/Pack, PK - AVE05720",1,"[1050, 215, 505, 243, 1137, 840, 82, 1472, 2070, 557, 1624]",[],"[1050, 516, 903, 840, 1758, 1628, 1464, 494, 20, 605, 505, 1137, 2005, 1617, 53, 359, 1969, 2078, 2087, 1134, 1481, 1807, 1159, 1636, 890, 1583, 421, 1322, 1212, 1624, 1139, 1135, 243, 865, 484, 769, 733, 2168, 2214, 557, 1676]"
103,2069,"Avery WorkSaver Big Tab Insertable Dividers, 8-Tabs, 1 Set (11111)",22,"[1050, 1139, 505, 243, 557, 114, 82, 2168, 1472, 2070, 1924, 1309]",[],"[1050, 903, 774, 1228, 840, 1468, 313, 1758, 1309, 1464, 494, 505, 2005, 1969, 2386, 1013, 1134, 1481, 1807, 890, 2058, 1086, 114, 1924, 1624, 243, 800, 865, 484, 2168, 1648, 1139, 557, 1336, 2078]"
104,75,"Avery Two-Side Printable Clean Edge Business Cards for Inkjet Printers, Matte, White, Pack of 200 (08871)",25,"[2068, 2072, 1075, 1611, 112, 349, 1799]",[],"[1447, 1965, 2072, 320, 38, 946, 115, 460, 840, 334, 2161, 1509, 1163, 49, 304, 1421, 494, 2068, 1611, 2037, 94, 635, 112, 349, 142, 1231, 1018, 1759, 2271, 1075, 1799, 941, 1111, 1644, 2095, 484, 335, 557]"
105,1449,"Handy Box Cutter, Tap Open/Tap Close, 12 per Box, Assorted",10,[1639],[],"[516, 1676, 115, 963, 795, 49, 1628, 494, 378, 1473, 2088, 505, 2102, 407, 633, 1331, 966, 2087, 1357, 1726, 587, 2078, 1925, 171, 699, 1583, 846, 421, 1322, 1812, 47, 543, 1396, 484, 2116, 769, 1976, 736, 2214, 1247, 139]"
106,2070,"Avery Worksaver Big Tab Plastic Dividers with Slash Pocket, 8 Tab, Letter Size(8.5 x 11), Assorted, 8 per Set (11903)",22,"[1050, 243, 840, 2310, 1617, 82, 1472, 557]",[],"[1050, 76, 903, 2072, 774, 840, 1401, 1472, 1758, 1309, 1464, 2290, 505, 1617, 206, 2195, 1969, 1134, 890, 1086, 82, 243, 800, 2310, 733, 2168, 1139, 557]"
107,792,"Avery Big Tab Two-Pocket Insertable Plastic Dividers, 5-Tab Set (11906)",22,"[1050, 2359, 1139, 243, 840, 2310, 1617, 890, 114, 82, 1472, 2070, 557, 1134, 1309]",[],"[1050, 903, 215, 1082, 774, 840, 1309, 1464, 505, 34, 1617, 53, 2195, 1969, 2386, 2070, 1134, 2359, 1481, 1925, 859, 890, 2058, 1935, 204, 1924, 1624, 1135, 243, 800, 484, 2168, 1139, 557, 589]"
108,732,"Bankers Box R-Kive Heavy-Duty Storage Boxes, Letter/Legal, White/Black, 12 Pack (00724 )",18,"[651, 631, 327, 623, 701, 342, 638, 1234, 353, 537, 672, 667, 697]",[],"[115, 631, 49, 1309, 439, 378, 54, 2102, 407, 633, 966, 1357, 109, 587, 1807, 327, 939, 699, 1933, 2325, 1583, 638, 1264, 1370, 421, 672, 1322, 220, 2099, 47, 484, 769, 1234, 353, 736, 537, 1378, 850, 1676]"
109,672,"Bankers Box Stor/File Medium-Duty Storage Boxes with Lift-Off Lid, Letter, 12 Pack (00701)",18,"[651, 631, 327, 623, 701, 342, 638, 1234, 353, 537, 667, 732, 697]",[],"[516, 1676, 115, 631, 1376, 361, 313, 151, 772, 1628, 439, 494, 378, 139, 1473, 2088, 407, 1460, 1470, 1206, 966, 1635, 1357, 109, 911, 1807, 623, 699, 1933, 638, 1264, 1370, 421, 1322, 1812, 732, 2082, 484, 2116, 1234, 353, 769, 736, 537, 1713, 1378, 1934]"
110,838,"Velcro Sticky-Back Hook and Loop Fastener Tape with Dispenser, 3/4-Inch by 5-Feet Roll, Black",35,[],[945],"[378, 199, 843, 1644, 484, 1446, 170, 945, 844, 1166]"
111,631,"Bankers Box Stor/File Medium-Duty Storage Boxes with String &amp; Button, Letter, 12 Pack (00704)",18,"[1807, 327, 623, 701, 342, 638, 2170, 1234, 353, 537, 672, 667, 732, 697]",[],"[1918, 516, 1676, 1376, 124, 963, 1309, 494, 378, 139, 2088, 164, 505, 1470, 966, 2087, 1357, 109, 587, 2078, 1713, 1807, 327, 699, 1933, 2325, 1583, 638, 1264, 1370, 421, 672, 1322, 1812, 732, 214, 2237, 484, 2116, 1234, 769, 2214, 1378, 1934]"
112,2071,"Avery Self-Adhesive Laminating Sheets, 9&quot; x 12&quot;, Pack of 10 (73603)",1,[],"[1328, 191]","[494, 191, 393, 1728, 1396, 484, 2095, 2116, 19, 112, 1328, 557, 263, 1666]"
113,2072,"Avery  Business Card Pages, Pack of 10 (76009)",1,"[1617, 1941, 82, 840]",[],"[1228, 840, 361, 121, 439, 1309, 1378, 2037, 2005, 1617, 2195, 1941, 2070, 1667, 1807, 998, 1086, 82, 114, 1322, 1139, 47, 871, 733, 736, 1713, 557, 2078]"
114,733,Avery Top Loading Non-Glare Poly Sheet Protectors 100 Count (74102),1,"[1143, 207, 2005, 840, 235, 1401, 2195, 1086, 1472, 557]",[],"[2072, 903, 1082, 840, 1401, 1472, 1328, 1758, 49, 121, 1309, 1464, 378, 164, 1137, 1625, 1617, 53, 2195, 2070, 1208, 1013, 109, 1807, 699, 1264, 82, 1322, 2099, 1644, 2310, 484, 2116, 1139, 557]"
115,2073,"Dome 750 Mileage Log/Expense Record, 3.5 x 6.5 Inches, Logs 324 Trips (DOM750)",19,[1802],[],"[49, 378, 449, 139, 633, 314, 1009, 1060, 2087, 1323, 1807, 998, 295, 421, 1802, 2410, 2310, 484, 736, 1676]"
116,840,"Avery Economy Clear Sheet Protectors, Acid Free, Box of 100 (75091)",1,"[1143, 207, 2005, 1617, 1401, 733, 2195, 1086, 82, 1472, 1139, 557, 1309]",[],"[1050, 516, 2072, 447, 1472, 121, 49, 1309, 1464, 494, 505, 1617, 1663, 1969, 112, 2070, 1215, 1134, 1807, 699, 890, 2058, 1637, 421, 2350, 1322, 800, 484, 2116, 2168, 736, 1139, 557]"
117,1802,"Dome 612 Monthly Bookkeeping Record with Tan Cover and 128 Pages, 11 x 8-1/2 Inches, Wirebound",19,"[1323, 2073]",[],"[2167, 1323, 2073, 1759, 407, 2410, 2310, 1312, 2363, 421, 1060, 49, 139]"
118,537,"Bankers Box Stor/File 100% Recycled Extra Strength Storage Boxes, Letter/Legal, 12 Pack (12770)",23,"[631, 327, 701, 342, 638, 1234, 353, 421, 672, 667, 428, 732]",[],"[115, 460, 1376, 840, 1232, 963, 1881, 49, 1628, 494, 378, 1378, 407, 112, 2101, 966, 1635, 587, 1807, 939, 699, 1583, 638, 1264, 421, 672, 1322, 220, 2170, 351, 47, 2082, 1247, 484, 2116, 1234, 353, 435, 736, 557, 1368, 589]"
119,1617,"Avery Binder Pockets, Acid Free, Pack of 5 (75254)",1,"[2072, 871, 840, 2310, 82, 1472, 2070, 557]",[],"[2072, 840, 1472, 1758, 1309, 20, 505, 181, 1969, 2070, 366, 2083, 174, 2058, 1935, 82, 1924, 243, 871, 2310, 557]"
120,1209,"Oxford  Decoflex Letter Size Desktop File, 12-1/4W x 6D x 9-1/2H, Granite,1 Per Box, ( 23054)",23,"[736, 331, 1060, 1556, 1950]",[],"[516, 115, 840, 361, 1813, 49, 439, 494, 378, 1473, 407, 633, 1260, 1297, 1060, 745, 966, 587, 1807, 998, 251, 1008, 1636, 850, 2271, 1086, 421, 1322, 835, 1950, 1107, 2237, 484, 1234, 736, 557, 589, 139]"
121,839,"Avery Top-Loading Diamond Clear Poly Sheet Protectors, 100 Count (74100)",1,"[1143, 207, 2005, 840, 235, 1401, 733, 1086, 557]",[],"[1350, 2072, 1228, 774, 840, 1401, 1472, 1758, 49, 1309, 1464, 845, 1378, 505, 2005, 1662, 1137, 633, 635, 1617, 2195, 2070, 1667, 1807, 2058, 114, 82, 1065, 1624, 243, 941, 1644, 1327, 733, 1872, 1139, 557, 589]"
122,292,"Wilson Jones View-Tab Transparent Dividers, 8-Tab Set, Square Multicolor, 5 Pack (5 sets of 8-Tab Dividers) (W55567)",22,"[1050, 366, 243, 214, 1617, 167, 114, 82, 1472, 2070, 557]",[],"[207, 1752, 1617, 1234, 421, 1322, 557, 1309]"
123,114,"Wilson Jones Insertable Tab Dividers, Multicolor Tabs , 8-Tabs, 1 Set (W54311A)",22,"[2070, 1139, 181, 243, 840, 167, 1617, 292, 82, 1472, 1758, 557, 1309]",[],"[2072, 115, 1228, 840, 49, 1628, 1309, 494, 378, 1473, 505, 407, 633, 2195, 1208, 2087, 2078, 109, 966, 587, 1134, 1807, 699, 850, 82, 421, 1322, 1624, 243, 1396, 484, 2116, 1234, 769, 733, 19, 736, 1139, 557, 589, 139]"
124,1323,"Adams Money and Rent Receipt Book, 2-Part Carbonless, 2.75 x 4.75 Inch Detached, Spiral Bound, 200 Sets per Book (SC1152)",19,"[2167, 1904, 1802]",[],"[1918, 2167, 1904, 1676, 115, 819, 313, 1556, 772, 151, 49, 494, 378, 139, 1473, 2102, 407, 1470, 1060, 2078, 2087, 587, 1277, 1807, 1008, 699, 1583, 1212, 1802, 941, 1801, 2237, 865, 484, 19, 736, 1713, 1368, 589, 1934]"
125,283,"Wilson Jones ColorLife Expanding File with Flap, A-Z Index, 10 x 12 Inches, Letter Size, Dark Blue (WCCC7117A-BL)",18,"[634, 183, 331, 2363, 1060, 1523]",[],"[516, 1460, 295, 1523, 2271, 1234, 421, 1060, 1322, 49]"
126,941,"Neenah Premium Cardstock, 96 Brightness, 65 lb, Letter, Bright White, 250 Sheets per Pack (91904)",25,"[893, 1644, 267, 2161, 1465, 355, 1222, 2148]",[],"[1918, 1350, 541, 903, 946, 460, 774, 618, 267, 840, 2161, 1328, 49, 304, 1309, 2290, 94, 635, 1448, 960, 112, 2202, 966, 2078, 1018, 109, 171, 699, 2086, 2374, 800, 1644, 865, 484, 2116, 1234, 2168, 2384, 557, 263, 665]"
127,206,"Five Star Spiral Notebook, College Ruled, 1 Subject, 8.5 x 11 Inches, 100 Sheets, Assorted Colors (06206)",25,"[1050, 1481, 1925, 243, 1372, 53, 2058, 1204, 1134, 1624]",[],"[1050, 903, 215, 1082, 1228, 1468, 1336, 599, 1464, 494, 183, 505, 34, 53, 698, 1969, 2386, 1134, 587, 2359, 1481, 1925, 1949, 859, 890, 2058, 842, 1910, 1624, 243, 800, 484, 2116, 2261, 2168, 1327, 557, 1755, 850, 1324]"
128,940,Kensington 82024 Memory Foam Seat Rest,20,[],[],"[1090, 1361, 1580, 835, 1614]"
129,1803,"TOPS Quadrille Pad, Gum-Top, 8-1/2 x 11 Inches, Quad Rule (4 x 4), White Paper, 50 Sheets per Pad (33041)",11,"[243, 1665, 215]",[],"[1050, 516, 903, 2282, 215, 774, 907, 795, 49, 1628, 505, 1728, 53, 206, 1969, 1721, 2070, 1925, 890, 1351, 421, 1924, 842, 1624, 243, 484, 1678, 2261, 2168, 1139, 557, 1665, 1559]"
130,841,"TOPS Docket Writing Tablet, 5 x 8 Inches, Perforated, Canary, Narrow Rule, 50 Sheets per Pad, 12 Pads per Pack (63350)",11,"[494, 378, 1807, 484, 2116, 769, 421, 1322, 966, 803, 1167, 2078]",[],"[516, 1676, 115, 589, 361, 124, 963, 313, 1336, 49, 1628, 803, 494, 378, 139, 1473, 2088, 54, 505, 633, 2101, 966, 2087, 1357, 1167, 1635, 109, 587, 1134, 2078, 1807, 1394, 699, 2325, 850, 1264, 846, 421, 1322, 2237, 1396, 484, 2116, 769, 19, 736, 1713, 454, 1934]"
131,134,"Five Star Reinforced Filler Paper, Wide Ruled, 110 ct (15106)",25,"[1803, 1050, 2359, 903, 505, 243, 1665, 2051, 890, 206, 1969, 557, 1134, 1624]",[],"[1050, 903, 215, 1082, 774, 1468, 1472, 599, 1464, 505, 34, 53, 206, 1969, 2386, 2070, 1134, 2359, 1481, 1925, 1636, 890, 2058, 1259, 1924, 1624, 243, 800, 2261, 2168, 19, 557, 1755, 1559]"
132,538,"Mead Composition Book, Wide Ruled, 9.75 x 7.50 Inch Sheet Size, Black Marble, Bookbound, 100 Sheets (09910)",25,"[2359, 1624, 903, 505, 243, 800, 774, 890, 2058, 2168, 1648, 2386, 1367, 1134, 1464]",[],"[1050, 903, 215, 1082, 774, 1468, 1204, 1367, 1464, 505, 1969, 2386, 1134, 2359, 1925, 890, 2058, 1924, 1624, 1135, 243, 800, 484, 2168, 1648, 557, 1755]"
133,1618,"Write Bros. Stick Ballpoint Pens, Medium Point, Blue Ink, 12-Pack",39,"[1050, 903, 2075, 1464, 494, 505, 34, 1969, 2386, 1134, 2359, 890, 1924, 1624, 243, 800, 1327, 2168, 1324]",[],"[1050, 1980, 903, 215, 1082, 774, 2075, 1367, 1464, 494, 505, 34, 698, 1969, 2386, 1134, 2359, 1481, 890, 1322, 1924, 842, 1624, 243, 800, 484, 769, 1327, 2168, 1648, 557, 1755, 2078]"
134,1052,"BIC Round Stic Ballpoint Pens, 1.0 mm, Red,  Box of 12 (GMS11-Red)",39,"[1050, 1980, 903, 774, 2075, 1464, 494, 34, 1969, 2386, 1134, 2359, 1481, 1925, 890, 2058, 1924, 1624, 243, 800, 484, 1327, 2168, 1755, 1336, 1324]",[],"[1050, 903, 215, 1082, 774, 1468, 1324, 599, 1367, 1464, 494, 34, 1617, 698, 206, 1969, 1559, 2386, 2070, 1013, 1134, 2359, 1481, 1925, 890, 2058, 1259, 1924, 1624, 1135, 243, 800, 484, 1872, 2168, 1648, 19, 1139, 557, 1755, 1336, 2078]"
135,1133,"Onyx Stick Roller Ball Pens, Micro Point, Black Ink, Pack of 12",39,"[1453, 1457, 1804, 1903, 674, 2089, 2091, 1641, 1336, 1324]",[],"[516, 1804, 115, 1324, 49, 494, 378, 2088, 2102, 89, 53, 698, 745, 966, 2091, 1357, 1666, 1134, 587, 2078, 1457, 1807, 1925, 859, 2291, 1583, 1264, 421, 1322, 1212, 842, 1641, 1551, 2392, 1396, 484, 2116, 769, 736, 1713, 557, 454, 139]"
136,2075,"BIC Round Stic Ball Pen, Fine Point, 0.8mm, Blue, 12 Pens (GSF11-Blu)",39,"[494, 1453, 505, 1925, 34, 1132, 1327, 1641, 1324]",[],"[1398, 516, 903, 1676, 1228, 49, 439, 1464, 494, 378, 139, 1473, 2088, 505, 2102, 34, 89, 698, 966, 2078, 1167, 1134, 587, 2083, 1925, 859, 2325, 252, 1259, 421, 1212, 842, 1641, 2381, 1624, 1048, 936, 1419, 484, 2116, 769, 1327, 2214, 850, 1324]"
137,1451,"BIC Cristal Stic Ball Pen, Medium Point , 1.0 mm, Blue, 12 Pens (MS11-Blu)",39,"[494, 505, 243, 2347, 118, 1327, 1324]",[],"[1918, 1050, 516, 903, 115, 1082, 774, 1758, 49, 1464, 494, 378, 505, 633, 1969, 2386, 966, 2078, 1357, 1134, 587, 1481, 1807, 1925, 699, 2325, 890, 1583, 421, 1322, 1212, 1624, 243, 800, 865, 484, 2116, 769, 1648, 1327, 19, 736, 850, 1324]"
138,1132,"BIC Soft Feel Retractable Ballpoint Pen, Medium Point, Black, 12-Count",39,"[494, 1371, 505, 2348, 1297, 1336, 1641, 1661]",[],"[1980, 516, 903, 115, 963, 1336, 49, 1628, 1309, 803, 494, 378, 2088, 1621, 505, 89, 407, 633, 1297, 966, 1357, 109, 587, 1481, 1807, 1583, 850, 1979, 1264, 421, 1322, 1212, 842, 2237, 865, 484, 2116, 1234, 769, 736, 1713, 589, 139]"
139,2074,"Paper Mate 4912431PP Refill for Aspire, PhD, PhD Ultra Ballpoint, Medium, Blue Ink, 2/Pack",39,"[1484, 1463, 2353, 1620]",[],"[1463, 1621, 1622, 573, 1620, 1484, 1378, 1391]"
140,1452,"Bic Clic Stic Retractable Ballpoint Pen, Medium, Nonrefillable, Blue Ink, Box of 12",39,"[494, 1371, 505, 34, 1132, 1327, 1297, 484, 1336, 1641, 1551, 1661, 1324]",[],"[516, 903, 1676, 151, 49, 494, 378, 1473, 2088, 1329, 505, 2085, 1728, 1663, 966, 2087, 1357, 587, 1134, 2078, 1713, 1481, 1807, 1925, 1132, 2325, 252, 1259, 421, 1322, 1812, 243, 1247, 1419, 484, 2116, 769, 1396, 2214, 557, 1336, 139]"
141,1210,"BIC Round Stic Ballpoint Pens, 1.0 mm, Black,  Box of 12 (GMS11-Blk)",39,"[1050, 1980, 903, 774, 2075, 1464, 494, 34, 1969, 2386, 1134, 2359, 1481, 1925, 890, 2058, 1924, 1624, 243, 800, 484, 1327, 2168, 1755, 1336, 1324]",[],"[1050, 903, 215, 1082, 774, 1468, 1324, 599, 1367, 1464, 494, 34, 1617, 698, 206, 1969, 1559, 2386, 2070, 1013, 1134, 2359, 1481, 1925, 890, 2058, 1259, 1924, 1624, 1135, 243, 800, 484, 1872, 2168, 1648, 19, 1139, 557, 1755, 1336, 2078]"
142,1805,"Vision Elite Stick Roller Ball Pens, Bold Point, Red Ink, Pack of 12",39,"[1804, 1903, 674, 2089, 2090, 105]",[],"[1804, 124, 590, 1800, 49, 105, 378, 1473, 1631, 164, 633, 1133, 966, 1635, 1167, 1615, 1807, 171, 674, 699, 1264, 421, 1322, 1212, 1111, 484, 2116, 19, 736, 557, 589, 139]"
143,1324,"BIC Round Stic Ball Pen, Fine Point, 0.8mm, Black, 12 Pens (GSF11-Blk)",39,"[494, 1050, 1453, 1481, 505, 1925, 34, 243, 859, 890, 1133, 484, 1327, 2075, 1641, 1134, 1336]",[],"[1980, 516, 903, 115, 1082, 1228, 1529, 2075, 49, 1464, 494, 378, 1473, 505, 34, 698, 1260, 206, 1969, 966, 1134, 587, 1481, 1807, 1925, 859, 890, 2058, 842, 220, 1624, 1048, 243, 484, 769, 2168, 1648, 19, 1139, 557, 850]"
144,573,"Pilot G2 Gel Ink Refill, 2-Pack for Rolling Ball Pens, Fine Point, Black Ink (77240)",39,"[1621, 2273, 1365, 818, 1688, 1484]",[],"[115, 818, 1228, 907, 49, 1621, 505, 34, 407, 206, 1688, 1134, 1365, 859, 1212, 842, 2273, 484, 1484]"
145,505,"BIC Round Stic Ballpoint Pens, 1.0 mm, Blue,  Box of 12 (GSM11-Blu)",39,"[1050, 1980, 903, 774, 2075, 1464, 494, 34, 1969, 2386, 1134, 2359, 1481, 1925, 890, 2058, 1924, 1624, 243, 800, 484, 1327, 2168, 1755, 1336, 1324]",[],"[1050, 903, 215, 1082, 774, 1468, 1324, 599, 1367, 1464, 494, 34, 1617, 698, 206, 1969, 1559, 2386, 2070, 1013, 1134, 2359, 1481, 1925, 890, 2058, 1259, 1924, 1624, 1135, 243, 800, 484, 1872, 2168, 1648, 19, 1139, 557, 1755, 1336, 2078]"
146,1619,"Dri-Mark Smart Money Counterfeit Bill Detector Pen for Use with U.S. Currency, Black/Dark Brown (351B1)",19,"[2167, 1904]",[],"[494, 2167, 1323, 2088, 407, 587, 1470, 484, 966, 49, 1357]"
147,1621,"Pilot Dr. Grip Retractable Ballpoint Pens, Medium Point, Black Barrel with Black Ink, Single Pen (36100)",39,"[1688, 1365, 818, 573, 1620, 1484, 1641]",[],"[1322, 1807, 2099, 1484, 1365, 818, 1636, 361, 573, 53, 484, 1297, 19, 1688, 1731, 1774, 557, 1641]"
148,1450,"Zebra(R) Ballpoint F-Refills For F-301 Ultra,F-301 Pen, F-301 Compact, F-402 Pen, Fine Point, 0.7 mm, Black, Pack Of 2",39,"[1731, 1551]",[],"[1150, 1512, 1463, 1942, 1925, 1484, 699, 909, 484, 769, 1370, 2270, 1251, 1731, 1509, 1551]"
149,524,"Pilot Precise V5 Stick Rolling Ball Pens, Extra Fine Point, 5-Pack, Red Ink (26012)",39,"[1457, 1804, 34, 1903, 1692, 1165, 1063, 2091]",[],"[516, 903, 1228, 1628, 2186, 494, 1473, 505, 1662, 149, 53, 2091, 966, 1134, 1481, 1457, 1807, 998, 894, 1903, 1925, 1636, 573, 850, 2058, 1063, 2374, 842, 1624, 865, 484, 2116, 769, 2168, 1724, 1713, 1755, 589]"
150,1620,"Paper Mate 67202 PhD Retractable Ballpoint Pen, Medium Point, Black Ink, Cherry Body",39,"[1621, 1484, 818]",[],"[1621, 1484, 818]"
151,888,X-Acto Model KS Table- or Wall-Mount Pencil Sharpener (1031),39,"[387, 506, 591, 1980, 371, 903, 575, 517, 687, 1917, 337, 1300, 1084, 654, 637, 1497, 2153, 278]",[],"[1980, 516, 903, 1390, 774, 1300, 963, 1464, 506, 575, 1662, 698, 2386, 745, 1352, 687, 1917, 890, 1637, 1135, 243, 800, 484, 736, 1755, 139]"
152,632,"Pilot Dr. Grip Limited Retractable Rolling Ball Gel Pen, Fine Point, Charcoal Gray Metallic Barrel, Black Ink (36270)",39,"[1621, 1365, 818, 573, 1688, 1484]",[],"[516, 818, 1228, 1758, 49, 1473, 1150, 1621, 34, 53, 1688, 1731, 1453, 2083, 1365, 573, 421, 1534, 484, 733, 1484]"
153,1623,"Prismacolor Premier Colored Woodcase Pencils, 12 Assorted Colors/set",39,"[1010, 753, 1849, 1906, 999, 654, 1233, 1544, 1455, 1755]",[],"[753, 859, 1849, 890, 2261, 999, 2375, 654, 1233, 1544, 1814, 1455, 1755, 2377]"
154,1453,"Pentel R.S.V.P. Ballpoint Pen, 0.7mm Fine Tip, Black Ink, Box of 12 (BK90-A)",39,"[494, 799, 1942, 505, 1457, 2366, 1529, 1336, 1641, 1661, 1324]",[],"[1350, 516, 1514, 903, 1390, 1529, 1509, 1628, 49, 494, 1473, 1150, 1340, 206, 966, 2087, 1357, 1167, 1635, 1134, 587, 2078, 1481, 1807, 1925, 1692, 252, 2058, 421, 1322, 1641, 2381, 1624, 1107, 2237, 484, 2116, 2261, 769, 1921, 736, 850, 1324]"
155,2076,"Pentel Super Hi-Polymer Lead Refill 0.5mm Fine, 2B, 36 Pieces of Lead (C505BP32B-K6)",39,"[1683, 1512, 1925, 2009, 493, 2315, 23, 1729, 1678, 907, 848, 2098]",[],"[2301, 1683, 1512, 1672, 1925, 2009, 1082, 493, 23, 1678, 2261, 907, 848, 2098, 1134, 1053]"
156,1622,"Cross Ballpoint Pen Refill, Medium Blue, 2 per Card (8511-2)",39,"[1463, 2353]",[],"[1463, 1020, 2353, 1251]"
157,999,"Sanford Prismacolor Premier Colored Pencil Set, 48/Tin",39,"[1010, 753, 1455, 1849, 1906, 654, 1233, 1544, 1623, 1755]",[],"[1010, 1672, 753, 1849, 1906, 654, 1233, 1544, 1455, 1755]"
158,1804,uni-ball Vision Stick Fine Point Roller Ball Pen (60126) - Pack of 12,39,"[1903, 674, 2089, 1133, 105]",[],"[516, 115, 361, 1472, 1628, 49, 494, 378, 2088, 505, 89, 1662, 407, 633, 1013, 2078, 1807, 1925, 1903, 850, 1979, 1264, 421, 1322, 2237, 484, 2116, 769, 1343, 736, 1378, 589, 139]"
159,942,"Pilot The Better Retractable Ballpoint Pens, Fine Point, Blue Ink, Dozen Box (30001)",39,"[1453, 1942, 1457, 1220, 891, 1251, 1731, 2091, 1641, 1551, 1336]",[],"[516, 115, 49, 803, 494, 1824, 378, 1473, 1631, 505, 89, 1728, 53, 206, 1731, 2202, 2386, 966, 1134, 1694, 1453, 1481, 1457, 1807, 1925, 295, 699, 2325, 1979, 1264, 1259, 421, 2058, 1212, 842, 1641, 2381, 1053, 1624, 1450, 484, 1678, 1713, 1324, 2078]"
160,574,"Pentel Super Hi-Polymer Lead Refill 0.7mm, HB, 36 Pieces of Lead (L50BP3HB-K6)",39,"[1683, 1512, 1481, 1925, 1949, 2009, 493, 2076, 1729, 23, 2315, 1340, 1678, 2261, 907, 848, 2339]",[],"[1050, 903, 1082, 493, 23, 907, 2098, 505, 34, 1729, 1340, 53, 206, 1969, 1721, 1134, 1512, 1481, 1925, 1949, 859, 890, 1259, 848, 842, 2339, 243, 800, 865, 484, 1678, 2261, 2168, 87, 19, 557, 1755]"
161,842,"Paper Mate Sharpwriter 0.7mm Mechanical Pencils, 12 Yellow Pencils (3030131)",39,"[903, 493, 1082, 23, 505, 34, 1729, 1340, 698, 1134, 1481, 1925, 1949, 890, 1259, 243, 195, 1678, 2261]",[],"[1050, 903, 115, 1082, 1228, 361, 1336, 49, 494, 378, 1473, 505, 34, 698, 206, 1969, 1721, 966, 1134, 587, 2359, 1481, 1807, 1636, 890, 850, 2058, 1264, 1322, 1212, 1624, 243, 2237, 484, 195, 2168, 19, 736, 557, 589, 2078]"
162,1455,"Prismacolor Premier Colored Pencils, Assorted Colors, 24 Pencils",39,"[1010, 753, 1849, 1906, 999, 654, 1233, 1544, 1623, 1755]",[],"[1010, 243, 753, 1849, 654, 1814, 1233, 1623, 1755]"
163,575,X-Acto School Pro Heavy-Duty Electric Sharpener (1670),39,"[1980, 847, 371, 517, 1300, 774, 576, 654, 2153, 684, 387, 506, 861, 610, 637, 278, 662, 687, 1917, 878, 1199, 888, 337, 756, 287, 661]",[],"[1980, 1135, 800, 1390, 1662, 774, 94, 890, 238, 1648, 2168, 1013, 587]"
164,1325,"Sharpie Accent Liquid Pen-Style Highlighters, 5 Colored Highlighters(24575PP)",39,"[1150, 34, 1228, 1636, 2291, 2228, 1468, 53, 769, 589, 1721, 202, 2257, 1134, 1726, 2078]",[],"[516, 1228, 1165, 1472, 1758, 49, 1628, 378, 1150, 1473, 89, 34, 633, 53, 1721, 1635, 1134, 1481, 2084, 1949, 1550, 1903, 1925, 1692, 1636, 2228, 573, 2058, 2374, 842, 1624, 243, 484, 736, 2257, 1665, 589, 2078]"
165,1806,"Panasonic KP150BK Vertical Electric Pencil Sharpener, Black, One Unit",39,"[371, 517, 1300, 576, 684, 387, 506, 861, 575, 610, 637, 278, 687, 878, 1917, 1716, 337, 756, 287]",[],[]
166,1454,"Pilot Precise V7 Stick Rolling Ball Pens, Fine Point, 5-Pack, Black Ink (26020)",39,"[1457, 1804, 1903, 1133, 2091]",[],"[516, 1804, 1468, 151, 49, 1628, 2186, 378, 1473, 1631, 407, 356, 206, 1260, 2091, 2087, 1357, 1635, 966, 587, 1453, 2078, 1457, 1807, 1949, 1925, 699, 2325, 850, 1264, 421, 1322, 842, 2237, 484, 2116, 769, 1713, 1247, 589, 139]"
167,1134,"Sharpie Accent Tank-Style Highlighters, 6 Colored Highlighters (25076)",39,"[1050, 903, 1082, 1228, 1468, 1464, 505, 34, 53, 206, 1969, 2386, 1726, 2359, 1481, 1636, 890, 2058, 1624, 243, 800, 484, 769, 2168, 557, 1755, 2078]",[],"[1050, 903, 215, 1082, 774, 1228, 599, 1367, 1464, 494, 378, 1150, 505, 34, 206, 1969, 2386, 2359, 1481, 1925, 859, 890, 2058, 1259, 1924, 1624, 1135, 243, 800, 484, 1327, 2168, 19, 557, 1755, 1336]"
168,698,"Paper Mate 12 Count #2 Mirado Black Warrior Lead Pencils, Medium Soft (2254)",39,"[2365, 2359, 1980, 1135, 2282, 903, 505, 243, 800, 1082, 1777, 774, 890, 1872, 1053, 2386, 1755, 1464]",[],"[903, 215, 1082, 1300, 1367, 505, 34, 206, 1969, 1134, 2359, 890, 2058, 1084, 1924, 842, 1053, 1624, 2365, 1135, 243, 800, 484, 1872, 2168, 1755, 1336]"
169,889,"Sharpie Accent Tank-Style Highlighters, 12 Yellow Highlighters(25005)",39,"[494, 378, 1980, 516, 2088, 505, 243, 800, 2291, 484, 1648, 1322, 1713, 966, 2087, 1134, 1726, 2078]",[],"[1980, 516, 903, 1676, 115, 774, 1228, 1336, 1309, 494, 378, 139, 1473, 2088, 505, 1662, 633, 2386, 1013, 2087, 1357, 1726, 966, 587, 1134, 1713, 2078, 1807, 890, 850, 1264, 1322, 1624, 1135, 243, 800, 865, 484, 2116, 1648, 2168, 736, 2214, 557, 589, 1934]"
170,1326,"Sharpie 27010 Accent Pocket Style Highlighter, Fluorescent Blue, 12-Pack",39,"[494, 505, 243, 800, 1636, 2291, 2257, 53, 484, 769, 1648, 2168, 1322, 966, 2087, 1134, 1726, 2078]",[],"[516, 903, 1676, 115, 1390, 774, 963, 1336, 151, 49, 439, 494, 378, 1473, 2088, 505, 407, 633, 1260, 1969, 2386, 966, 2087, 1357, 587, 2078, 1713, 1807, 1583, 890, 1264, 846, 850, 421, 1322, 1212, 1624, 1218, 1135, 243, 800, 2237, 484, 2116, 1234, 2168, 769, 1327, 736, 1921, 2214, 589, 139]"
171,2078,"Sharpie Accent Tank-Style Highlighters, Assorted Colors, 12 Pack (25053)",39,"[1050, 1980, 903, 1468, 1628, 494, 378, 505, 1662, 53, 587, 1134, 1726, 1481, 1636, 2228, 890, 1322, 1624, 243, 800, 865, 484, 769, 2116, 1648, 2168, 557, 2257, 589, 139]",[],"[1980, 516, 903, 1676, 115, 774, 963, 1628, 49, 1464, 494, 378, 1473, 2088, 505, 1662, 633, 1663, 53, 1969, 2386, 966, 2087, 1357, 587, 1481, 1807, 1925, 890, 850, 1264, 2058, 1322, 1212, 2374, 1624, 1135, 243, 800, 865, 484, 2116, 769, 1648, 2168, 19, 736, 1713, 557, 589, 139]"
172,769,"Sharpie Accent Tank-Style Highlighters, 12 Yellow Highlighters(25005)",39,"[494, 378, 1980, 516, 2088, 505, 243, 800, 2291, 484, 1648, 1322, 1713, 966, 2087, 1134, 1726, 2078]",[],"[1980, 516, 903, 1676, 115, 774, 1228, 1336, 1309, 494, 378, 139, 1473, 2088, 505, 1662, 633, 2386, 1013, 2087, 1357, 1726, 966, 587, 1134, 1713, 2078, 1807, 890, 850, 1264, 1322, 1624, 1135, 243, 800, 865, 484, 2116, 1648, 2168, 736, 2214, 557, 589, 1934]"
173,2080,"Wilson Jones 368 Basic Round Ring Binder, 2&quot;, Blue (W368-44NBL)",1,"[243, 840, 114, 2195, 1139, 557, 1309]",[],"[2072, 903, 115, 1228, 840, 1336, 1472, 49, 1628, 1309, 494, 378, 505, 2005, 633, 206, 2195, 1969, 1208, 2087, 966, 1134, 587, 1086, 82, 421, 114, 1322, 1624, 243, 865, 484, 2116, 769, 733, 736, 1139, 557, 1368, 850]"
174,2077,"Sharpie 1754464 Accent Liquid Pen-Style Highlighter, Fluorescent Pink, 12-Pack",39,"[1636, 2291, 2228, 53, 769, 2257, 1325, 1134, 589, 2078]",[],"[516, 1804, 1165, 124, 151, 121, 49, 378, 1635, 1807, 674, 699, 2325, 2228, 850, 1057, 1264, 421, 1322, 1774, 1325, 484, 2116, 769, 2214, 303, 589, 1676]"
175,2081,"Pendaflex  Hanging Folder, Gray, 1/5 Tab, Letter, 25 Box, 4152 1/5 GRA",18,"[175, 2372, 251, 2082, 435, 736, 1950]",[],"[2372, 659, 317, 1661, 1807, 181, 251, 2082, 356, 484, 2116, 1264, 435, 421, 736, 439]"
176,2079,"Wilson Jones 368 Basic Round Ring Binder, 1/2 Inch, Black (W368-13NB)",1,"[2359, 1740, 243, 840, 557, 1139, 203, 1309]",[],"[1050, 2072, 903, 840, 1401, 1367, 49, 1464, 1309, 494, 1473, 505, 34, 1617, 206, 1969, 2070, 966, 1134, 587, 2359, 890, 1264, 1086, 82, 421, 2058, 1322, 842, 243, 484, 733, 2168, 1139, 557, 139]"
177,313,"Smead Fastener File Folders, Letter Size, 1/3 Cut Reinforced Tab, Two Fasteners in Positions #1 and #3, Manila, 50 Per Box (14537)",18,"[54, 358, 421, 1807]",[],"[151, 49, 439, 494, 378, 1378, 2088, 407, 633, 2078, 2087, 1944, 1323, 1807, 2325, 2271, 421, 1322, 2082, 484, 2116, 736, 1713, 557, 1336, 139]"
178,562,"BIC Brite Liner Highlighter, Chisel Tip, Green, 12 Highlighters",39,"[1050, 903, 1228, 1468, 505, 34, 53, 206, 1969, 1134, 1481, 1925, 1636, 890, 2058, 1325, 1624, 243, 800, 2168, 2257, 2078]",[],"[1050, 903, 215, 1082, 774, 1228, 1204, 599, 1464, 1371, 505, 34, 698, 206, 1969, 1721, 2386, 2070, 1134, 2359, 1481, 1925, 1949, 859, 890, 2058, 1924, 1624, 243, 800, 484, 2168, 19, 557, 1755, 1336]"
179,1807,"Smead Manila Folder, Letter Size, 11 Point, 1/3-Cut Tab, 100 per Box (10330)",18,"[1514, 1376, 313, 49, 439, 378, 54, 356, 359, 966, 421, 1322, 1950, 2082, 435, 736, 1378, 1523, 139]",[],"[1514, 1676, 115, 460, 361, 49, 439, 494, 378, 1473, 2088, 505, 407, 633, 1260, 112, 966, 2087, 587, 1134, 2078, 1323, 699, 2325, 1583, 1264, 1817, 1322, 1212, 2082, 2237, 1396, 484, 2116, 1234, 769, 19, 736, 1713, 1378, 1523, 1368, 850, 139]"
180,180,3M 1.5&quot; See-Through Book Repair Tape,35,[2199],[],"[1080, 2200, 2199, 941, 1625, 1528, 1206, 444, 1212]"
181,2082,"Pendaflex 4152X2 Extra Capacity 1/5-Tab Hanging Folders with Box Bottoms, Standard Green (25-Pack)",18,"[175, 1667, 1807, 251, 1211, 1376, 329, 421, 736, 1950]",[],"[1676, 115, 1376, 313, 49, 439, 494, 378, 633, 356, 966, 2078, 587, 1667, 1807, 2325, 850, 1264, 421, 1322, 1950, 484, 769, 1234, 736, 1378, 589, 139]"
182,190,"Scotch Filament Tape 893 Clear, 48 mm x 55 m (Pack of 1)",16,[],[],[]
183,1456,Scotch&Acirc;&reg; Removable DoubleSided Tape 3/4 inch x 400 inches Dispenser  (667),35,"[199, 222, 2057, 2260, 2199, 90, 1047, 796, 170, 1446, 263, 8]",[],"[2140, 516, 2057, 946, 1328, 8, 494, 222, 2397, 90, 170, 1357, 587, 2260, 1710, 699, 846, 1446, 199, 220, 47, 1644, 484, 2116, 19, 2171, 263, 454]"
184,1000,"Paper Mate Liquid Paper DryLine Grip Correction Tape, 0.2 x 335 Inches, 2-Pack (662415)",39,"[378, 1713, 1877, 484, 1810, 2171, 1322, 1212, 966, 1934]",[],"[516, 1676, 963, 151, 49, 439, 494, 378, 1473, 407, 633, 53, 1969, 966, 2087, 1357, 109, 587, 2078, 1807, 699, 1636, 1583, 1370, 846, 421, 1322, 1212, 1808, 1641, 484, 2116, 769, 19, 736, 2214, 1976, 1368, 589, 139]"
185,2083,"Smead Project Jacket Poly Assortment, Letter, 5 Per Pack (85750)",18,"[2359, 295, 1725, 2310, 1523, 1666]",[],"[903, 1082, 1228, 361, 590, 49, 378, 1473, 1740, 505, 34, 633, 1617, 1666, 1134, 295, 1636, 2051, 82, 2350, 1624, 243, 2310, 1842, 484, 19, 557, 1523, 850]"
186,1213,"Bic Wite Out Correction Tape, 1 Tape",39,"[1934, 1628, 378, 505, 633, 1877, 53, 966, 587, 1134, 1481, 1810, 1322, 1212, 243, 484, 2116, 19, 2171, 1713, 589, 1000]",[],"[516, 1676, 115, 1228, 589, 361, 963, 313, 1336, 1509, 49, 1628, 494, 378, 1378, 1473, 2088, 505, 2102, 89, 407, 633, 1969, 966, 2087, 1357, 1944, 1134, 587, 2078, 1481, 1807, 1925, 699, 2325, 1583, 850, 421, 1322, 1212, 842, 2381, 1743, 243, 2237, 484, 2116, 769, 19, 1921, 736, 557, 454, 139]"
187,699,"Scotch Magic Tape, 3/4 x 1000 Inches, 6-Count Package (810K6)",35,"[115, 963, 494, 1473, 378, 139, 1466, 633, 966, 1357, 587, 1944, 846, 1322, 1808, 2381, 800, 2237, 484, 2116, 19, 551, 454, 1676]",[],"[2239, 1676, 115, 1141, 840, 361, 124, 963, 1336, 1509, 49, 1628, 2186, 494, 378, 1473, 505, 1662, 407, 633, 1260, 966, 1635, 587, 2078, 944, 1807, 998, 2325, 850, 2271, 421, 1322, 1212, 1808, 220, 941, 47, 2237, 484, 2116, 769, 19, 736, 2214, 263, 454, 139]"
188,1808,"Scotch&reg; Deluxe Desktop Tape Dispenser, C-40, Black, for 1 Inch Core Tapes",35,"[115, 963, 1473, 164, 1466, 633, 1260, 587, 1080, 944, 699, 846, 2099, 735, 1107, 2237, 19, 454, 139]",[],"[516, 1676, 115, 361, 124, 963, 590, 1628, 49, 494, 378, 630, 139, 1473, 164, 89, 1466, 407, 633, 1728, 1056, 966, 2078, 1357, 587, 1694, 944, 699, 2325, 1583, 1264, 846, 421, 1616, 1322, 735, 1107, 1321, 484, 2116, 736, 1713, 850, 1000]"
189,1624,"Oxford Ruled Index Cards, 3 x 5 Inches, White, pack of 100",25,"[1050, 2359, 215, 903, 2290, 505, 243, 800, 865, 890, 2058, 1969, 2168, 2386, 2374, 1134, 1464]",[],"[1050, 903, 1082, 774, 1228, 1367, 1464, 505, 698, 1969, 2386, 1134, 2359, 1481, 890, 2058, 2374, 1924, 1135, 243, 800, 484, 2168, 1648, 19, 557, 1755, 1336]"
190,587,"Scotch Desk Tape Dispenser, 1in. Core, Black",35,"[1398, 115, 361, 124, 963, 494, 1473, 378, 164, 1466, 633, 1260, 966, 1357, 1944, 1134, 1080, 998, 699, 1583, 846, 1235, 1322, 1808, 2381, 1107, 2237, 484, 19, 850, 139]",[],"[1398, 1676, 115, 361, 124, 963, 1336, 49, 494, 378, 630, 2088, 164, 505, 1466, 407, 633, 1260, 1704, 1969, 745, 1013, 966, 1357, 1944, 1134, 1694, 2078, 1615, 944, 1807, 998, 1008, 699, 1583, 1264, 846, 421, 1235, 1322, 1616, 2099, 2381, 1107, 2333, 2237, 1396, 484, 2116, 1343, 769, 1921, 736, 1713, 850, 139]"
191,1135,"Paper Mate Arrowhead Pink Cap Erasers (73015), Pack of 144",39,"[2359, 1980, 903, 505, 243, 800, 1082, 774, 698, 890, 1648, 2168, 2386, 1367, 1755, 1464]",[],"[1980, 903, 774, 1367, 1464, 494, 575, 505, 1662, 1663, 698, 1969, 2386, 1013, 1134, 2359, 687, 890, 2058, 1924, 1624, 243, 1928, 800, 1504, 769, 1648, 2168, 557, 2078]"
192,356,"Smead 1/3-Cut Assorted Position File Folders, Reinforced Tab, 11 Point, Letter Size, Manila, 100 Per Box (10334)",18,"[1514, 1807, 54, 1376, 2082, 435, 359, 313, 736, 421, 1523, 439]",[],"[1918, 516, 1676, 115, 151, 49, 439, 494, 378, 1378, 407, 1470, 966, 1635, 109, 587, 1807, 699, 1933, 1264, 421, 1817, 1322, 214, 2082, 484, 2116, 1234, 736, 1713, 557, 1000]"
193,1214,"Elmer's Washable No-Run School Glue, 7.625 oz,  1 Bottle (E308)",35,"[2359, 903, 243, 800, 890, 1969, 2168, 1648, 2386, 1367, 1464]",[],"[903, 1082, 774, 1367, 1464, 505, 698, 1969, 2386, 1134, 2359, 890, 2058, 1924, 1624, 1135, 243, 800, 484, 1872, 2168, 1648, 1755]"
194,601,"Smead Hanging Folder, Letter, 1/5 Cut Tab, Jewel tones, 25 per Box (64056)",18,"[175, 1514, 1667, 1807, 251, 2082, 435, 421, 736, 1556, 1950]",[],"[1514, 115, 361, 313, 1556, 49, 439, 494, 378, 630, 2078, 587, 1667, 1807, 1008, 421, 2082, 435, 1343, 736, 1523, 139]"
195,153,"Scotch High Performance Masking Tape 232 Tan, 18 mm x 54.999 m (Pack of 1)",35,[2397],[],[]
196,890,"Paper Mate 70501 Pink Pearl Premium Erasers, Large, 3-Pack",39,"[903, 1082, 774, 1204, 1367, 1464, 505, 1969, 2386, 1134, 2359, 1924, 1624, 1135, 243, 800, 2168, 1648, 1755]",[],"[1050, 903, 215, 774, 1468, 1204, 1367, 1464, 505, 698, 1969, 2386, 1134, 2359, 2058, 1924, 1624, 1135, 243, 800, 1504, 2168, 1755]"
197,1054,"Paper Mate Flair Point-Guard Porous Point Pens, 12 Blue Pens (8410152)",39,"[2084, 894, 484, 1457]",[],"[516, 903, 1676, 115, 1082, 1309, 1464, 378, 1662, 356, 53, 1635, 587, 1481, 1457, 1807, 1925, 894, 674, 699, 1979, 1637, 1264, 116, 1212, 1924, 842, 1135, 800, 484, 2116, 769, 1648, 139]"
198,1001,"Sharpie Fine Point Permanent Markers, 12 Green Markers(30004)",39,"[845, 1350, 516, 1352, 2395, 1375, 2085, 119, 484, 769, 1363, 188, 1724, 1216, 1061, 1215, 1065]",[],"[516, 188, 124, 845, 494, 378, 139, 2088, 1329, 2395, 505, 407, 1216, 2087, 1357, 1635, 1215, 587, 2078, 1352, 944, 1807, 1481, 771, 1449, 1259, 1322, 1212, 1812, 1065, 2381, 800, 2237, 1396, 484, 2116, 769, 2168, 19, 1713, 1247, 454, 1934]"
199,2084,"Paper Mate Liquid Flair Medium Tip Felt Porous Pens, 8 Colored Pens(28503)",39,"[2023, 34, 894, 1903, 1692, 1244, 2012, 53, 116, 1529, 1063]",[],"[1826, 2023, 539, 894, 1903, 34, 1511, 1244, 1692, 2012, 53, 195, 1769, 116, 1529, 2257, 2078]"
200,1053,"Staedtler Mars Plastic Erasers,Pack of 4 (52650BK4)",39,"[2365, 903, 493, 1082, 23, 698, 890, 907, 2377]",[],"[2365, 1512, 903, 2282, 1481, 493, 1777, 23, 698, 890, 484, 1678, 1969, 1084, 2386, 1367, 1134, 1464]"
201,1211,"Smead Flex-i-Vision Hanging File Folders, Letter Size, 1/5 Cut Tab, Green, 25 per Box (64055)",18,"[175, 1667, 1807, 251, 2082, 359, 421, 736, 1950]",[],"[1676, 115, 361, 963, 313, 49, 1309, 439, 494, 378, 505, 89, 407, 633, 112, 745, 966, 2078, 1357, 109, 587, 1667, 1807, 699, 1264, 1370, 421, 1322, 1540, 2082, 1396, 484, 2116, 1234, 769, 736, 1713, 557, 1368, 850, 139]"
202,1811,"PaperMate Pink Pearl Premium Medium Rubber Eraser, 3-Count (70502PP)",39,"[2359, 903, 243, 800, 1082, 774, 1504, 890, 1648, 2168, 1204, 2386, 1367, 1924, 1464]",[],"[903, 215, 1082, 774, 1204, 1367, 1464, 505, 1969, 2386, 1134, 2359, 890, 2058, 1924, 1624, 243, 800, 1504, 484, 2168, 1139]"
203,1809,"Liquid Paper Smooth Coverage Correction Fluid, 3 Pack (5633115)",39,"[505, 1877, 484, 19, 1212, 966, 49, 1000]",[],"[516, 1676, 115, 1390, 774, 273, 963, 1628, 49, 494, 378, 2088, 505, 407, 2085, 633, 745, 966, 2087, 1357, 109, 587, 487, 1134, 1807, 699, 1636, 1000, 1264, 1086, 1810, 421, 1322, 1212, 1540, 842, 800, 1396, 484, 769, 19, 1921, 736, 2214, 589, 139]"
204,843,Expo Seven Piece Low Odor Dry Erase Starter Set (80675),39,"[1770, 1730, 1390, 500, 5, 2370, 1785, 1662, 1663, 1013, 37, 178, 1136, 1637, 223, 1164, 2168, 1821, 1217, 1966, 2357]",[],"[1770, 903, 1730, 372, 500, 49, 2370, 1785, 505, 1662, 1663, 394, 154, 1013, 2357, 1134, 37, 362, 178, 1136, 890, 1637, 1624, 243, 1419, 484, 1164, 884, 2168, 223, 1966, 837, 139]"
205,2085,"Sharpie Fine Point Permanent Markers, 5 Colored Markers(30653PP)",39,"[1350, 516, 903, 1375, 1153, 188, 845, 505, 1969, 1216, 1134, 2359, 1352, 859, 890, 1065, 243, 484, 2168, 1247]",[],"[516, 903, 215, 115, 1153, 1228, 361, 1809, 1468, 49, 1628, 378, 505, 89, 34, 407, 633, 53, 1816, 1969, 1216, 2078, 1134, 587, 1352, 1949, 859, 699, 1636, 890, 114, 421, 2350, 1924, 220, 243, 800, 2082, 484, 2116, 2168, 19, 736, 1247, 139]"
206,484,"Sharpie Permanent Markers, Fine Point, Black, 12 Pack (30001)",39,"[1350, 516, 903, 1375, 1153, 1464, 845, 494, 378, 1329, 505, 34, 2085, 966, 1216, 1215, 1134, 1352, 859, 771, 890, 1322, 220, 1048, 243, 800, 769, 2116, 2168, 19, 1247, 2078]",[],"[1350, 516, 903, 774, 1228, 49, 1464, 845, 494, 378, 2088, 1329, 505, 633, 2386, 1216, 2087, 1635, 1215, 966, 1134, 587, 2078, 1352, 1807, 859, 771, 699, 890, 846, 1322, 1212, 1924, 220, 1624, 243, 800, 2237, 2116, 2261, 2168, 769, 19, 1247, 1336, 139]"
207,1216,Sharpie Chisel Assorted 8 Pack,39,"[845, 1350, 516, 1352, 2395, 1153, 1662, 2085, 1247, 119, 484, 1363, 188, 1724, 1061, 136, 1065]",[],"[1350, 516, 1153, 136, 5, 1363, 188, 845, 494, 1473, 2395, 1987, 505, 34, 1662, 2085, 119, 1013, 1215, 1134, 1352, 2325, 370, 1065, 2222, 1135, 800, 484, 2116, 769, 2168, 1724, 19, 1061, 1247, 2078]"
208,139,"Swingline Commercial Desk Stapler, 20 Sheets, Black (44401)",31,"[1676, 115, 234, 361, 124, 963, 590, 1813, 494, 378, 1473, 164, 633, 1260, 1704, 1056, 966, 1134, 587, 944, 699, 846, 421, 1322, 2237, 484, 19, 1335, 850, 2078]",[],"[1398, 516, 361, 963, 590, 1628, 49, 494, 378, 630, 1473, 505, 633, 1969, 745, 966, 2078, 1357, 587, 1134, 1694, 1807, 998, 1008, 699, 1583, 1264, 846, 421, 1322, 1212, 2381, 1391, 735, 1743, 843, 2237, 1842, 484, 2116, 1976, 1396, 19, 736, 557, 850, 1676]"
209,1217,7-Piece Original Dry Erase Organizer Kit,39,"[1770, 843, 1730, 1662, 1390, 1136, 1663, 5, 1637, 2168, 1821, 1013, 2370, 37]",[],"[1730, 1390, 963, 49, 494, 378, 1785, 1662, 1663, 1443, 1013, 966, 587, 997, 1694, 1807, 1136, 1637, 843, 484, 2116, 740, 2168, 736, 837, 139]"
210,1812,"Sharpie King Size Permanent Marker, 12 Black Markers(15001)",39,"[494, 516, 1215, 966, 1153, 1375, 1247, 119, 484, 769, 1322, 1216]",[],"[516, 1676, 115, 1375, 1934, 151, 494, 378, 1473, 2088, 164, 505, 2102, 1470, 966, 2087, 1357, 109, 1215, 587, 2078, 1807, 699, 1583, 1264, 421, 1322, 1540, 1396, 484, 2116, 769, 736, 1713, 1247, 1336, 139]"
211,1136,Expo 6 Piece Original Dry Erase Marker Starter Kit,39,"[1217, 1785, 843, 1730, 1662, 1390, 414, 1663, 5, 2086, 1637, 2168, 1821, 223, 1013, 837, 37]",[],"[903, 1730, 1390, 361, 5, 49, 494, 378, 1785, 1969, 1013, 966, 1134, 2078, 736, 223, 843, 243, 800, 1419, 484, 2116, 2168, 1217, 837, 850, 139]"
212,943,"Sharpie Fine Point Permanent Markers, 12 Colored Markers(30072)",39,"[845, 1350, 516, 1352, 2395, 1375, 2085, 119, 484, 769, 1363, 188, 1724, 1216, 1061, 1215, 1065]",[],"[516, 188, 124, 845, 494, 378, 139, 2088, 1329, 2395, 505, 407, 1216, 2087, 1357, 1635, 1215, 587, 2078, 1352, 944, 1807, 1481, 771, 1449, 1259, 1322, 1212, 1812, 1065, 2381, 800, 2237, 1396, 484, 2116, 769, 2168, 19, 1713, 1247, 454, 1934]"
213,2086,"Expo Low Odor Bullet Tip Dry Erase Markers, 12 Black Markers (82001)",39,"[843, 2300, 1662, 1390, 800, 774, 1136, 1663, 890, 5, 1637, 2168, 1821, 1217, 1013]",[],"[1980, 903, 1730, 115, 1390, 774, 5, 494, 505, 1662, 1663, 698, 2386, 1013, 966, 587, 2078, 2300, 890, 1637, 421, 1135, 800, 484, 1648, 2168, 1821, 139]"
214,115,"Swingline Standard Stapler, Eco Version, 15 Sheets, Black (S7054501)",31,"[234, 361, 124, 963, 494, 378, 1473, 139, 164, 633, 1260, 1704, 1056, 966, 1134, 587, 944, 699, 1583, 846, 421, 1322, 2381, 1107, 2237, 484, 1921, 19, 1335, 850, 1676]",[],"[361, 963, 1336, 49, 1309, 494, 378, 630, 1473, 2088, 505, 2005, 633, 1969, 966, 2087, 1167, 1944, 587, 1134, 1694, 2078, 1615, 1481, 1807, 998, 1008, 699, 1583, 850, 846, 421, 1235, 1322, 1212, 2381, 1107, 2237, 1396, 484, 2116, 769, 1343, 1976, 19, 736, 1921, 1713, 557, 589, 1676]"
215,516,"Sharpie 37001 Ultra Fine Point Permanent Markers, Black (Box of 12)",39,"[1350, 1375, 845, 494, 2395, 505, 1329, 1216, 1215, 1352, 859, 771, 1812, 1286, 1065, 484, 769, 1724, 1061, 1247, 2078]",[],"[1350, 840, 188, 49, 1628, 1464, 845, 494, 378, 2395, 505, 1662, 1260, 2231, 2386, 1216, 2087, 1357, 1215, 966, 1134, 2078, 2325, 1264, 1370, 1322, 1212, 2374, 1812, 1065, 484, 2116, 769, 2168, 1724, 551, 1648, 1327, 1061, 1247, 1336, 139]"
216,1056,"Stanley Bostitch Premium Standard Staples, 1/4 Inch Silver, 5,000 per box (SBS191/4CP)",31,"[378, 139, 944, 115, 1458, 1460, 2124, 633, 2237, 773, 1260, 1055, 124, 1921, 1373, 966, 1335, 1676]",[],"[115, 361, 49, 1628, 494, 378, 1473, 2088, 505, 1466, 407, 1460, 2124, 633, 1260, 2401, 966, 2087, 1167, 1357, 587, 1134, 2078, 1615, 944, 1807, 820, 1458, 699, 2325, 1583, 2271, 846, 421, 1322, 1373, 2381, 735, 484, 2116, 19, 736, 1713, 1368, 850, 139]"
217,1813,"Swingline High Capacity Desk Stapler, Reduced Effort, 60 Sheets, Black (S7077701)",31,"[378, 344, 1218, 820, 944, 164, 303, 652, 2124, 285, 773, 124, 1704, 590, 140, 1335, 244, 139]",[],"[1676, 115, 361, 124, 590, 151, 1628, 49, 494, 378, 1473, 164, 505, 2102, 407, 633, 966, 587, 1807, 1008, 699, 1264, 421, 1235, 1322, 1212, 140, 735, 1218, 1801, 2237, 773, 484, 2116, 769, 1921, 736, 303, 1335, 589, 139]"
218,1055,"Swingline S.F. 3 Premium Chisel Point Staples, 0.25 Inch Leg Length, 105 Count Half Strips, Silver, 5000 Staples per Box (S7035440)",31,"[1676, 115, 124, 963, 590, 378, 1473, 139, 164, 1466, 633, 1260, 1704, 1056, 966, 587, 344, 944, 846, 1218, 1921, 1335, 2078]",[],"[115, 361, 124, 1336, 313, 963, 49, 1628, 494, 378, 1473, 2088, 164, 505, 407, 633, 1704, 2401, 203, 2087, 1357, 1944, 109, 966, 587, 1134, 1713, 2078, 944, 1807, 699, 1583, 1264, 846, 421, 1322, 1212, 140, 735, 1396, 484, 2116, 1234, 769, 19, 736, 2214, 557, 589, 139]"
219,1212,"Liquid Paper Fast Dry Correction Fluid, 3 Pack(5643115)",39,"[1676, 1082, 1809, 1628, 494, 378, 505, 1877, 1969, 2078, 966, 1134, 1481, 699, 890, 1000, 1322, 243, 484, 2116, 769, 19, 2171, 1713, 139]",[],"[516, 1676, 115, 963, 49, 1628, 494, 378, 139, 1473, 2088, 505, 407, 633, 1260, 966, 2087, 1134, 587, 2078, 1481, 1807, 699, 2325, 1264, 846, 421, 1322, 2381, 1624, 2237, 1396, 484, 2116, 769, 19, 1921, 736, 1713, 557, 1368, 589, 1000]"
220,1218,"Swingline Optima High Capacity Staples, for 60/70 Sheets staplers, 3/8-Inch Leg Length, 125 per Strip, 2500 per Box (S7035550)",31,"[378, 344, 164, 1676, 140, 633, 773, 1055, 124, 1813, 590, 1056, 1921, 303, 1335, 244, 139]",[],"[1676, 361, 1401, 1813, 124, 590, 151, 49, 494, 378, 1473, 2088, 164, 54, 633, 966, 2087, 1357, 1635, 587, 344, 1807, 2325, 1264, 846, 1322, 1212, 140, 735, 2082, 2237, 773, 484, 2116, 769, 1921, 736, 1713, 1976, 1335, 589, 139]"
221,1458,"BOSTITCH STCRp2115 1/4 1/4 -Inch Leg, B8 Powercrown Staple (Pack of 5000)",31,"[378, 1218, 944, 1460, 652, 1260, 1055, 1056, 1921, 1676]",[],"[516, 1676, 2055, 49, 494, 378, 1378, 1460, 633, 1470, 1260, 1056, 966, 2087, 1357, 109, 1215, 587, 944, 699, 1583, 2271, 1264, 421, 1322, 1212, 140, 1812, 735, 1218, 652, 484, 769, 1976, 1921, 1713, 1247, 1335, 139]"
222,1810,"Tombow Mono Correction Tape, Non-Refillable, 0.16 x 394 Inches, White Tape, 2 per Pack (68627)",39,"[494, 1713, 1134, 903, 505, 34, 407, 484, 1297, 1000, 421, 1212, 49, 1357, 1934]",[],"[2092, 516, 115, 273, 361, 963, 1628, 49, 1309, 494, 378, 1473, 505, 89, 407, 1211, 633, 1055, 594, 966, 2087, 1357, 109, 587, 487, 1134, 734, 1132, 699, 2325, 1583, 1000, 1264, 1370, 1780, 421, 850, 1322, 1212, 1057, 220, 1540, 1462, 1139, 1396, 484, 2116, 769, 19, 1921, 736, 1713, 589, 139]"
223,944,"Stanley Bostitch Contemporary Full Strip Stapler, Black (02257)",31,"[115, 234, 1813, 124, 590, 963, 378, 1473, 139, 164, 633, 1260, 1056, 1704, 587, 820, 846, 1373, 1910, 773, 1921, 303, 1335, 1676]",[],"[1398, 516, 1317, 1676, 361, 124, 963, 49, 494, 378, 630, 1473, 2088, 505, 407, 633, 1260, 1056, 966, 2087, 1357, 1944, 587, 1694, 1134, 1713, 2078, 1807, 998, 699, 2325, 1583, 1264, 846, 421, 1235, 1322, 1212, 2099, 2381, 735, 1107, 2237, 1396, 484, 2116, 769, 1343, 1976, 1921, 736, 19, 2214, 1247, 1335, 850, 139]"
224,234,"Swingline Standard Stapler Value Pack, Includes Stapler, 5000 Count Staples and Staple Remover, Black (S70754551H)",31,"[1398, 115, 774, 124, 963, 1628, 494, 378, 1473, 630, 633, 245, 1260, 1704, 966, 587, 1694, 944, 2058, 846, 1322, 1910, 843, 1107, 2237, 1419, 1335, 139]",[],"[1398, 1676, 115, 1730, 361, 963, 1204, 1628, 49, 494, 378, 630, 1473, 505, 2102, 407, 633, 1297, 745, 966, 2078, 587, 1134, 487, 1807, 998, 1159, 699, 1636, 1583, 850, 1264, 846, 421, 1322, 1107, 2333, 47, 2237, 1419, 484, 2116, 769, 19, 736, 2349, 557, 589, 139]"
225,633,"Swingline Deluxe Staple Remover, Extra Wide, Steel Jaws, Black (S7038101)",31,"[115, 361, 124, 963, 590, 494, 378, 1473, 139, 164, 1260, 1704, 966, 1134, 587, 944, 699, 846, 421, 1322, 140, 2099, 735, 1218, 1107, 2237, 484, 1343, 19, 850, 1676]",[],"[2239, 1398, 1676, 115, 361, 1813, 124, 590, 313, 963, 1336, 49, 494, 378, 630, 1473, 164, 505, 1728, 1055, 1704, 1969, 745, 966, 2078, 587, 1134, 1694, 1615, 1807, 998, 1008, 699, 2325, 1583, 850, 1264, 846, 421, 1235, 1616, 1322, 140, 2099, 2381, 735, 1218, 1107, 1321, 484, 2116, 1343, 769, 19, 1921, 736, 1713, 557, 589, 139]"
226,1457,"Pilot Razor Point Marker Stick Pens, Extra Fine Point, Black Ink, Dozen Box (11001)",39,"[1453, 1804, 1133, 1731, 2091, 1641]",[],"[494, 516, 1215, 1804, 505, 484, 1133, 795, 2116, 124, 421, 1264, 850, 1713, 2091, 49, 1134, 589]"
227,793,"Swingline Tot Stapler, Built-in Staple Remover, 12 Sheets, Assorted Colors (S7079141)",31,"[378, 1481, 115, 243, 245, 1260, 124, 1704, 19, 1134, 1910, 139]",[],"[1050, 903, 115, 1082, 1228, 361, 124, 1464, 494, 378, 1150, 1473, 2372, 505, 34, 1969, 966, 1134, 317, 1481, 1925, 1636, 890, 82, 842, 1624, 1048, 243, 800, 865, 484, 2116, 19, 1921, 557, 1755, 139]"
228,1215,"Sharpie Extra Fine Permanent Markers, 1 Box (12 Black Marker (35001))",39,"[845, 1350, 516, 2222, 2395, 1457, 1375, 859, 771, 1247, 484, 2231, 1724, 1061, 1286, 1065]",[],"[1350, 516, 1082, 840, 1336, 1309, 845, 494, 378, 1473, 2088, 2395, 1329, 505, 633, 2231, 1216, 1635, 1357, 966, 587, 2078, 1807, 859, 771, 1933, 2325, 1583, 1264, 421, 1322, 1212, 1065, 1396, 484, 2116, 769, 2168, 1724, 736, 1061, 1247, 589, 139]"
229,1327,"BIC Round Stic Ball Pens, Medium Point, Red, 10 Pens",39,"[494, 1050, 2359, 903, 505, 243, 890, 2058, 1969, 2168, 2386, 2075, 1134, 1464, 1324]",[],"[1050, 1980, 516, 903, 215, 1228, 1468, 1324, 2075, 49, 1464, 494, 378, 505, 206, 1969, 2386, 966, 2087, 1134, 587, 1481, 1925, 859, 890, 421, 1322, 1212, 842, 1540, 1624, 1135, 243, 484, 2116, 769, 2168, 19, 557, 2078]"
230,2087,"Highland 6539 Self-Stick Notes, 1-3/8-Inch by 1-7/8-Inch, Yellow, 100 Sheets per Pad (12 Pack)",25,"[903, 1628, 494, 378, 1473, 2088, 505, 89, 966, 1635, 587, 1134, 890, 421, 1322, 1540, 2381, 1624, 243, 484, 2116, 769, 2168, 2214]",[],"[516, 1676, 115, 1228, 361, 963, 313, 1336, 151, 1628, 49, 494, 378, 139, 1473, 2088, 505, 407, 1470, 1260, 966, 1635, 1357, 1134, 587, 2078, 1807, 699, 2325, 890, 1264, 421, 1322, 1212, 1540, 2381, 1624, 243, 800, 2237, 484, 769, 2168, 551, 1921, 736, 19, 1713, 557, 850, 1934]"
231,2088,"Highland Notes, 3 x 3-Inches, Yellow, 18-Pads/Pack",25,"[494, 378, 1635, 1807, 89, 2214, 1540, 484, 2116, 769, 421, 1322, 1713, 966, 1628, 2381, 2087, 2078]",[],"[516, 1676, 115, 361, 963, 1336, 151, 49, 494, 378, 139, 1473, 505, 407, 1260, 966, 2087, 1357, 1635, 109, 587, 1134, 1713, 2078, 1807, 1159, 699, 2325, 850, 2271, 846, 1264, 421, 1322, 2381, 2237, 1396, 484, 769, 1234, 1921, 736, 2214, 589, 1934]"
232,2090,"uni-ball Impact RT Retractable Bold Point Gel Pens, 12 Black Ink Pens (65870)",39,"[1347, 674, 2089, 1692, 1534]",[],"[1804, 2348, 49, 494, 1631, 1263, 1635, 1357, 1944, 674, 1692, 2325, 1066, 1979, 2190, 1322, 2273, 484, 769, 2116, 1713, 1378, 2078]"
233,2089,"uni-ball Gel Grip Stick Medium Point Gel Pens, 12 Black Ink Pens(65450)",39,"[1804, 1347, 674, 1692, 2090]",[],"[516, 1804, 590, 313, 49, 439, 494, 378, 139, 2102, 407, 206, 966, 1635, 1807, 674, 1692, 1583, 850, 1370, 421, 1322, 842, 484, 2090, 1234, 2116, 769, 736, 1247, 589, 1000]"
234,120,"Pilot G2 Retractable Premium Gel Ink Roller Ball Pens, Extra Fine Point, Black,  Box of 12 (31002)",39,"[494, 1457, 2273, 1365, 674, 573, 484, 1297, 1688, 2091, 1641, 1336]",[],"[1050, 516, 903, 1676, 115, 124, 1336, 1509, 49, 803, 378, 139, 1473, 2088, 505, 89, 633, 53, 1055, 206, 1969, 966, 1635, 1215, 587, 1694, 1134, 1453, 2078, 1481, 1807, 1925, 1365, 2325, 2291, 573, 1000, 2058, 421, 1322, 1641, 2273, 2237, 484, 2116, 769, 736, 557, 589, 1934]"
235,2091,"Pilot Precise P-500 Gel Ink Rolling Ball Pens, Extra Fine Point, Black Ink, Dozen Box (38600)",39,"[2293, 1457, 1804, 1903, 1365, 1641]",[],"[516, 1332, 49, 378, 2315, 1133, 1051, 1215, 1635, 966, 147, 1457, 2293, 2083, 1903, 699, 421, 2009, 2237, 484, 1676]"
236,1057,"Post-it Flags, Assorted Primary Colors, 1/2-Inch Wide, 35/Dispenser, 4-Dispensers/Pack",22,"[2092, 1150, 76, 121, 20, 2088, 2099, 1550, 1228, 2017, 769, 2190, 1322, 1758, 966, 1628, 1134, 589]",[],"[2092, 1398, 215, 115, 1228, 1758, 1628, 49, 1309, 121, 378, 1150, 1378, 20, 2088, 1473, 505, 89, 407, 633, 53, 2078, 2087, 1635, 966, 1134, 587, 1807, 699, 1636, 2291, 2325, 850, 2017, 1264, 2190, 114, 421, 1322, 1540, 484, 2116, 769, 19, 736, 2214, 557, 589, 139]"
237,794,"Expo Low Odor Chisel Tip Dry Erase Markers, 12 Red Markers (80002)",39,"[1980, 903, 1390, 774, 5, 505, 1662, 1663, 1013, 2359, 1136, 890, 2086, 1637, 1135, 843, 243, 800, 484, 769, 2168, 1648, 1821, 1217, 2078]",[],"[1980, 516, 903, 1390, 774, 1468, 5, 1367, 1464, 494, 575, 505, 1662, 2386, 1013, 1134, 2359, 890, 1637, 1135, 243, 800, 484, 769, 1648, 2168, 1821, 1217, 2078]"
238,1002,"Post-it Tabs with On-the-Go Dispenser, 1-Inch Solid, Red, Yellow, Blue, 22-Tabs/Color, 66-Tabs/Dispenser",22,"[294, 1150, 1629, 76, 20, 27, 1550, 229, 1228, 2017, 769, 1769, 1758, 121, 589]",[],"[76, 1228, 840, 1769, 1758, 121, 49, 439, 1309, 494, 378, 1150, 1629, 20, 1137, 1617, 53, 966, 1134, 294, 1550, 859, 1636, 1264, 1086, 421, 2237, 484, 769, 733, 1713, 557, 589, 2078]"
239,1459,Post-it Notes in Neon Colors -- 1&amp;3/8in X 1&amp;7/8 -- 12 pads. 100 sheets/pad.,25,"[2092, 378, 494, 2088, 1635, 89, 589, 484, 2116, 769, 1322, 2214, 966, 1628, 1134, 2087, 2078]",[],"[2092, 516, 903, 1676, 115, 1228, 361, 963, 1800, 49, 1628, 1815, 494, 378, 1473, 2088, 505, 2102, 89, 1662, 1260, 966, 1635, 1167, 1357, 109, 1134, 587, 1713, 2078, 1807, 699, 2325, 890, 1264, 1322, 1212, 1624, 243, 2237, 484, 2116, 769, 2168, 19, 1921, 2214, 1378, 589, 139]"
240,1460,Stanley  Bostitch Electric Full Strip 25 Sheet Capacity Stapler  Impulse Drive(TM) 25.  (02210),31,"[378, 344, 164, 1458, 1056, 124, 590, 1704]",[],"[1676, 1934, 576, 124, 283, 494, 365, 282, 378, 1473, 1260, 1056, 1357, 587, 344, 1159, 1458, 699, 1933, 1449, 421, 672, 1322, 1645, 735, 484, 1333, 769, 850, 139]"
241,1219,Swingline Deluxe Gray Heavy Duty Stapler (S7039002R),31,"[378, 344, 1218, 164, 652, 2124, 124, 1813, 590, 1373, 140, 244, 139]",[],"[2092, 1676, 267, 1376, 361, 1813, 124, 590, 963, 49, 1628, 494, 378, 2088, 633, 1055, 1260, 2078, 587, 1694, 1807, 699, 1583, 1264, 846, 421, 1322, 1373, 140, 2099, 622, 735, 1218, 2237, 484, 769, 1976, 736, 1713, 1378, 850, 139]"
242,1058,"HP Office Quickpack Paper, 92 Brightness, 8.5 x 11 Inches, 2500 Sheets (11210-3)",25,"[1582, 2160, 2102, 1257, 273, 1066, 1461, 447, 49, 1368, 487, 947]",[],"[1514, 124, 963, 151, 49, 494, 378, 1473, 2160, 407, 1103, 1297, 1260, 112, 2101, 966, 2087, 1357, 487, 2376, 1807, 1819, 699, 1264, 421, 1322, 1212, 47, 1111, 1396, 484, 2116, 769, 19, 1921, 736, 1713, 557, 850, 2078]"
243,1461,Hammermill Laser Print Paper - 8 1/2'' x 11'' Letter Size - White - 24# - 98 Brightness - 500 sheet Ream,25,"[1819, 1257, 1058, 2202, 1066, 2161, 447, 1222, 49, 1368, 947]",[],"[1918, 1676, 1752, 1593, 2161, 447, 313, 1222, 151, 947, 49, 2186, 378, 2088, 2160, 54, 89, 407, 1231, 2202, 966, 109, 392, 1457, 1807, 1819, 699, 1066, 86, 2325, 1264, 1138, 421, 1817, 1322, 220, 47, 1257, 484, 1234, 1368, 139]"
244,945,"Velcro Industrial Strength Sticky-Back Hook &amp; Loop Fasteners, Black, 2inX15 Foot Roll (VEK90197)",35,"[838, 844, 256, 1166]",[],"[838, 844, 1166]"
245,2092,"Post-it&reg; Page Markers, 1/2-inch x 1-3/4 Inch, Ideal for Temporary Marking and Noting In Books, Assorted Ultra Colors, 500 per Pack",22,"[1628, 1150, 76, 2378, 9, 229, 1550, 1228, 2017, 53, 1057, 2116, 2190, 41, 2214, 121, 1134, 589]",[],"[516, 76, 115, 1228, 361, 1758, 1628, 49, 494, 378, 1150, 2088, 505, 2102, 89, 34, 633, 53, 966, 2087, 1134, 587, 1481, 1807, 1550, 699, 2017, 850, 1264, 1370, 421, 1322, 484, 2116, 769, 9, 736, 2214, 589, 2078]"
246,1814,"Prismacolor Premier Ebony Graphite Sketching Pencil, Jet Black, Extra Smooth, Dozen - 14420",39,"[1010, 753, 654, 1233, 1455]",[],"[1010, 1672, 753, 1455, 1849, 1906, 999, 654, 1233, 1544, 1623, 1053]"
247,770,"Canon Matte Photo Paper, 8.5 x 11 Inches, 50 Sheets (7981A004)",25,"[952, 1610, 1493, 549]",[],"[269, 1493, 1035, 267, 2028, 447, 586, 530, 444, 49, 615, 224, 1611, 281, 747, 430, 496, 1437, 369, 237, 187, 168, 514, 2396, 1346, 941, 1436, 826, 549]"
248,492,"Columbian CO645 6x9-Inch Catalog Brown Kraft Envelopes, 500 Count",16,"[1322, 494, 1807, 1394, 734, 407, 2227, 1817, 2271, 2093, 421, 2101, 1509, 966]",[],"[516, 1676, 460, 1141, 840, 590, 313, 1509, 151, 49, 494, 378, 139, 1473, 2088, 505, 2102, 407, 2227, 1470, 112, 2101, 2078, 2087, 1357, 1635, 109, 966, 1323, 1807, 1159, 699, 1370, 1817, 1322, 1212, 47, 2237, 484, 2116, 769, 19, 736, 1713, 1976, 1934]"
249,844,"VELCRO U.S.A. INC &quot;Get A Grip&quot; Velcro, 3/4-Inch 12-Feet, Black (VEK90340)",35,"[1366, 945, 838, 1682, 1166]",[],"[108, 1047, 1528, 963, 945, 838, 1682]"
250,1815,"Post-it Notes, 3 x 3-Inches, Canary Yellow, 4-Pads/Pack",25,"[2359, 1624, 2088, 903, 89, 243, 890, 2116, 1969, 2168, 1204, 659, 2386, 1367, 1464]",[],"[903, 2282, 215, 1204, 1367, 49, 1464, 378, 505, 89, 1969, 2386, 1635, 1134, 2359, 859, 890, 421, 1924, 1811, 1624, 1048, 735, 243, 800, 1504, 484, 769, 2168, 1648, 19, 659, 1139, 2078]"
251,2093,"Columbian CO755 6x9-Inch Clasp Brown Kraft Envelopes, 100 Count",16,[],[407],"[1918, 516, 1514, 115, 460, 273, 963, 313, 1336, 1628, 49, 494, 378, 505, 89, 407, 1211, 1297, 112, 966, 1357, 1018, 109, 587, 487, 1713, 1807, 734, 699, 2271, 1370, 1264, 421, 1322, 1812, 1462, 941, 47, 543, 2237, 484, 2116, 1234, 769, 736, 537, 2214, 557, 1368, 589, 139]"
252,2094,"Avery Quarter-Fold Greeting Cards for Inkjet Printers, 4.25 x 5.5 inches, White, Pack of 20 (3266)",25,[],[],[]
253,1328,"Avery Self-Adhesive Laminating Sheets, 9 x 12 Inches, Box of 50 (73601)",27,"[908, 1965, 191, 2071, 393, 1098, 94, 635, 1501, 1075, 664, 665]",[],"[592, 494, 2088, 1807, 505, 2071, 941, 393, 840, 1396, 484, 733, 846, 1448, 139]"
254,433,"Avery Foil Mailing Labels, 3/4 x 2-1/4, Gold, 300/Pack, PK - AVE8987",22,"[1447, 335, 320, 460, 133, 112, 142]",[],"[1447, 2068, 516, 320, 47, 460, 249, 133, 75, 142, 112, 335, 421, 304, 109, 392]"
255,93,"Scotch Super Strength Packaging Tape, 1.88 Inch x 38.2 Yards (3850S-RD)",16,"[2252, 1467, 60, 2097, 62, 171, 47, 1232, 1011, 1274, 2319, 19, 1265, 254, 49, 220]",[],"[2252, 171, 1232, 49, 220]"
256,62,"Scotch Tear-by-Hand Tape, 1.88 Inches x 50 Yards, 2-Pack (3842-2)",16,"[171, 47, 1274, 2319, 220]",[],"[1965, 516, 1467, 1232, 1509, 49, 222, 407, 1088, 1312, 1215, 939, 171, 699, 1274, 220, 1048, 47, 484, 19, 9, 1247]"
257,357,"Avery Adhesive Name Badges, 2.33 x 3.375 inches, White, Pack of 160 (08395)",22,"[1900, 2039, 1625, 1816, 112, 304]",[],"[516, 115, 460, 840, 1800, 49, 494, 378, 1662, 112, 349, 109, 249, 1264, 421, 1322, 941, 47, 1396, 484, 2116, 557, 1368, 454]"
258,2095,"Avery Self-Adhesive Removable Labels, 1-Inch Diameter, White, Pack of 600 (05410)",22,"[320, 1759, 393, 368, 334, 1816, 112, 2350, 335, 304]",[],"[1447, 320, 368, 1759, 382, 75, 1816, 112, 2350, 335, 1215, 304]"
259,1816,"Avery Self-Adhesive Removable Labels, 3 x 4 Inches, White, 80 per Pack (05453)",22,"[2039, 9, 1759, 460, 393, 1625, 2095, 112, 2350, 382, 304]",[],"[1153, 1232, 1881, 49, 304, 378, 1625, 1331, 1216, 254, 1666, 1807, 939, 1759, 859, 771, 421, 2350, 382, 220, 47, 543, 2095, 484, 2116, 19, 9, 736, 1247]"
260,407,"Columbian CO128 (#10) 4-1/8x9-1/2-Inch Security Tinted White Envelopes, 500 Count",16,"[2186, 1462, 1952, 946, 734, 1394, 1141, 1160, 1, 421, 2101, 1509, 966, 49]",[],"[1676, 1160, 963, 313, 151, 49, 494, 378, 2088, 505, 2102, 112, 2101, 1231, 966, 2087, 1357, 1277, 109, 587, 2078, 1807, 1394, 1159, 699, 2271, 1370, 846, 421, 1264, 1322, 1212, 2237, 1396, 484, 2116, 19, 1921, 736, 1713, 1378, 1368, 1336, 139]"
261,2096,"Columbian CO298 Greeting Card Envelopes, 5-3/4&quot; x 8-3/4&quot; A9 White (Box of 100)",16,"[946, 1611, 1516, 941, 1644, 2227, 2028, 1465, 960, 355]",[],"[1493, 946, 1611, 893, 407, 1516, 941, 1644, 75, 1465, 960, 112, 355, 1652, 49]"
262,946,"Columbian CO198 Invitation Envelopes A2 4-3/8 x 5-3/4 Inches, White (Box of 100)",16,"[1516, 734, 407, 1160, 2096, 2028, 960, 1509, 1652]",[],"[1447, 516, 893, 2028, 1509, 1800, 2186, 1611, 407, 2096, 1470, 960, 112, 2101, 142, 745, 1018, 109, 1394, 75, 1370, 1624, 941, 1644, 1396, 484, 557, 263]"
263,2098,Pentel 0.5mm Red Lead Tube of 12,39,"[1683, 1512, 2076, 493, 23, 1678, 848]",[],"[2301, 1683, 1643, 1512, 2009, 2076, 493, 23, 1678, 2261, 907, 848]"
264,2097,"Tartan Shipping Packaging Tape, Clear , 1.88 x 54.6 Yards (3710-DC)",16,"[1863, 60, 171, 47, 852, 543, 1011, 1274, 2319, 551, 260, 254, 220]",[],"[1660, 1232, 1258, 1881, 49, 1473, 505, 2397, 1088, 1060, 254, 1274, 466, 220, 484, 19, 551, 263, 850]"
265,171,"Scotch Heavy Duty Shipping Packaging Tape, 1.88 Inches x 54.6 Yards, 6-Rolls (3850-6)",16,"[1863, 1467, 62, 852, 48, 2252, 1331, 1011, 254, 60, 185, 2097, 939, 1274, 1265, 220, 2170, 47, 543, 93, 2319]",[],"[516, 1467, 38, 1379, 1232, 1800, 1881, 49, 1889, 1421, 48, 378, 1473, 1088, 1331, 1206, 1231, 254, 1357, 109, 1080, 939, 699, 1274, 1264, 846, 1812, 220, 2170, 941, 47, 484, 1247, 454]"
266,1817,Columbian White 9 x 12 Inch Catalog Grip-Seal Closure Envelopes 100 Count (CO920),16,"[1462, 1807, 1394, 152, 407, 460, 2227, 958, 550, 960, 2271, 1009, 1322, 2101, 109]",[],"[115, 460, 840, 1336, 313, 151, 1800, 1628, 49, 439, 494, 378, 1473, 2102, 407, 1625, 356, 2227, 960, 112, 966, 1635, 1357, 109, 587, 2078, 1807, 1264, 1370, 421, 1322, 2381, 1462, 47, 2237, 484, 2116, 1234, 769, 736, 1378, 589, 1676]"
267,2099,"Post-it Pop-up Notes Dispenser for 3 x 3-Inch Notes, Black Dispenser, Includes Canary Yellow Notes",11,"[1473, 317, 399, 15, 633, 424, 2116, 1343, 2190, 659, 587, 850]",[],"[115, 361, 124, 963, 49, 494, 378, 1473, 633, 966, 2078, 1357, 109, 587, 1694, 944, 1807, 998, 699, 2325, 1583, 850, 1264, 2190, 846, 421, 1235, 1322, 1212, 1107, 2237, 484, 2116, 1343, 769, 736, 1713, 589, 139]"
268,2100,HP OfficeJet 7130 All-in-One Multifunction,0,[],[],[]
269,1137,"Acco Metal Book Rings, 1in Diameter, 100 Rings Per Box (ACC72202)",35,[],[],"[1980, 516, 2005, 94, 635, 1208, 2078, 2205, 2374, 908, 735, 1743, 1928, 800, 941, 1801, 865, 484, 733, 1139, 557, 263, 665]"
270,1059,"Neenah Astrobrights Premium Color Paper, 24 lb, 8.5 x 11 Inches, 500 Sheets, Cosmic Orange",25,"[545, 1918, 957, 1697]",[],"[1918, 893, 49, 1697, 494, 378, 635, 2087, 109, 1018, 1807, 2219, 2325, 1264, 1322, 1212, 957, 941, 1644, 484, 769, 1713, 1368, 1676]"
271,734,"Columbian CO196 (#10) 4-1/8x9-1/2-Inch White Envelopes, 100 Count",16,"[2186, 1462, 1952, 946, 1394, 407, 1141, 1160, 1, 447, 19, 421, 2101, 1509, 966, 49]",[],"[115, 1141, 1160, 447, 963, 49, 494, 378, 1473, 505, 407, 633, 2227, 1297, 112, 1060, 966, 2087, 1167, 1944, 587, 1134, 2078, 1807, 2083, 1394, 699, 846, 421, 1322, 220, 1624, 243, 47, 1419, 484, 2116, 19, 736, 1713, 1336, 139]"
272,2101,Columbian CO125 Executive Business Envelopes with Gummed Seal - White (Box of 500),16,"[2186, 1322, 1462, 1952, 1807, 946, 734, 407, 1141, 109, 1160, 1370, 421, 1509, 49, 1368]",[],"[1676, 115, 1375, 124, 151, 49, 1628, 494, 378, 139, 2088, 2102, 407, 1470, 112, 966, 2087, 1357, 1018, 109, 587, 2078, 1807, 699, 1370, 421, 1817, 1322, 1212, 1396, 484, 2116, 1234, 769, 736, 1713, 1368, 1934]"
273,1462,"Columbian CO148 (#10) 4-1/8x9-1/2-Inch Grip-Seal Security Tinted White Envelopes, 250 Count",16,"[2186, 1952, 1807, 946, 734, 1394, 407, 1141, 1160, 1817, 1, 960, 2101, 1509, 49]",[],"[115, 313, 151, 49, 494, 378, 2088, 2102, 89, 407, 1297, 112, 966, 2087, 1357, 1635, 109, 587, 2376, 1134, 249, 2078, 1807, 1394, 699, 1933, 1583, 1264, 421, 1817, 1322, 1743, 2237, 1396, 484, 2116, 1234, 736, 1368, 454, 1676]"
274,588,"Avery Heavy-Duty View Binder with 1.5-Inch One Touch EZD Ring, Navy Blue (79805)",1,"[1139, 557, 2195, 1309]",[],"[1050, 903, 774, 840, 1401, 1464, 494, 505, 1617, 2195, 1969, 2386, 2070, 1208, 1134, 2359, 1807, 890, 1322, 1624, 1139, 243, 800, 214, 484, 733, 2168, 1713]"
275,2102,"Xerox 4200 Business Multipurpose White Paper, 92 Bright, 8-1/2 X 11, 10 Reams/Carton (XER3R2047)",25,"[2160, 1058, 273, 1066, 447, 49, 1368, 487]",[],"[1676, 115, 840, 313, 151, 49, 48, 494, 378, 2088, 2160, 407, 2101, 966, 2078, 1357, 1134, 1713, 1807, 699, 2325, 1264, 421, 1817, 1322, 2381, 1988, 484, 2116, 1234, 769, 736, 2214, 1368, 139]"
276,795,"Westcott Stainless Steel Office Ruler With Non Slip Cork Base, 18 Inches",10,"[1728, 1969]",[],"[1624, 1135, 1346, 243, 1082, 1728, 890, 484, 1969, 966, 587, 589, 1134]"
277,1463,"Cross Ballpoint Pen Refill, Fine Black, 2 per card, (8514-2)",39,"[2353, 1622]",[],"[1450, 1020, 1622, 2353, 1505]"
278,147,"ACCO Rubber Band Ball, 275 Bands Per Ball, Assorted Colors, 1/Box (72155)",35,"[1743, 966]",[],"[115, 361, 49, 494, 378, 1473, 505, 2066, 407, 633, 1260, 966, 587, 1134, 1481, 1807, 699, 850, 1264, 2350, 1322, 1212, 220, 1624, 1743, 800, 2237, 865, 1419, 484, 2116, 1343, 19, 736, 2214, 589, 139]"
279,326,"Swingline 747 Business Manual Desktop Stapler, Antimicrobial, 20 Sheet Capacity, Black, (S7074732)",31,"[378, 1473, 820, 944, 164, 115, 633, 773, 1260, 1813, 124, 590, 1704, 303, 1335, 587, 139]",[],"[1398, 1217, 115, 361, 963, 590, 49, 494, 378, 1150, 630, 1473, 164, 505, 1466, 1662, 633, 966, 587, 1944, 1694, 1807, 699, 1583, 850, 846, 421, 1322, 1212, 2099, 735, 1218, 1107, 2237, 773, 484, 2116, 1343, 1976, 19, 659, 557, 589, 1676]"
280,1625,"Avery Shipping Labels for Ink Jet Printers with TrueBlock Technology, 3.33 x 4 Inches, White, Pack of 150 (08164)",22,"[1447, 320, 38, 460, 1379, 1800, 304, 1421, 2039, 65, 1816, 112, 1231, 142, 109, 152, 466, 382, 915]",[],"[516, 320, 38, 460, 840, 334, 1800, 49, 1309, 439, 378, 1473, 2088, 1816, 112, 142, 1357, 152, 2325, 75, 1264, 421, 1817, 466, 220, 1456, 368, 47, 484, 2116, 1234, 736, 139]"
281,1220,"Fisher Space Pen Bullet Chrome Finish, Gift Boxed (400)",39,"[2256, 909, 891, 1251, 1731, 1999]",[],"[2256, 708, 909, 252, 1251, 1731, 1999]"
282,1818,"Neenah Astrobrights Premium Color Card Stock, 65 lb, 8.5 x 11 Inches, 250 Sheets, Lunar Blue",25,"[1918, 893, 941, 1644, 2148, 1697]",[],"[1918, 516, 893, 460, 840, 273, 267, 1328, 1697, 494, 1137, 2005, 635, 112, 2202, 1357, 1018, 587, 1322, 908, 941, 800, 1644, 484, 551, 557, 263, 1676]"
283,1626,Plantronics CT12 2.4 GHz DSS Cordless Headset Phone with Caller ID,37,"[1588, 2027, 1977, 2008, 596, 1299, 412, 682, 247, 1600]",[682],[]
284,1819,"HP 11310-0 HP Premium Choice Laserjet Paper, White, 32-lb., 8-1/2&quot; x 11&quot;, 500 Sheets/ream",25,"[938, 941, 1257, 2202, 1066, 1461, 2161, 1656, 1610, 447, 1524, 1222, 49, 947]",[],"[1752, 1593, 1461, 2161, 447, 313, 1222, 49, 630, 2088, 89, 407, 1058, 965, 2202, 109, 1807, 1066, 2325, 1264, 421, 1817, 1322, 941, 1257, 214, 484, 736, 947]"
285,2103,Canon MultiPass MP730 Multifunction,0,"[111, 187, 2343]",[],[]
286,1329,Sharpie Metallic 4 PACK,39,"[845, 1350, 516, 2395, 1987, 771, 484, 188, 2231, 1929]",[],"[1447, 1350, 1980, 516, 1676, 115, 1375, 188, 439, 845, 494, 2395, 1987, 2397, 2231, 1215, 1635, 1352, 771, 1264, 421, 1774, 1065, 659, 484, 19, 736, 1061, 1247, 1336, 139]"
287,771,"Sharpie Permanent Markers, Fine Point, Metallic, 2 Pack (39108PP)",39,"[1329, 2235, 2395, 1987, 859, 484, 188, 2231, 1929]",[],"[1350, 516, 903, 2057, 1082, 188, 1929, 845, 378, 1150, 183, 2395, 2235, 1329, 1987, 505, 34, 1470, 2231, 1216, 1215, 1134, 859, 1259, 1065, 2288, 243, 1644, 1247, 484, 1724, 19, 136]"
288,1627,HP 78 Tri-Color Printer Cartridge (C6578DN),28,[],[2166],"[2376, 2122, 2166, 1229, 1933, 895, 1508, 950, 1506, 769, 1640, 421, 2056]"
289,293,"3M Adjustable Foot Rest, 22 Inch Wide Slip-resistant Platform (FR530CB)",20,"[282, 1090, 423, 1614, 443, 1580]",[],"[282, 2054, 59, 375, 1090, 904, 1358, 740, 1361, 1580, 835, 1479, 1614]"
290,1628,"Post-it Notes Cube, 1 7/8 x 1 7/8-Inches, Bright Colors, 400-Sheets/Cube, 3-Cubes/Pack",25,"[2092, 494, 378, 1150, 2088, 89, 53, 966, 1635, 587, 1167, 2087, 1134, 1979, 1322, 484, 2116, 2214, 589, 2078]",[],"[516, 1676, 115, 840, 361, 124, 1336, 49, 494, 378, 1473, 2088, 505, 89, 407, 1662, 53, 1260, 966, 2087, 1357, 1167, 1635, 1134, 587, 2078, 1481, 1807, 1925, 699, 1583, 1979, 846, 1264, 421, 1322, 1212, 1743, 1107, 2237, 484, 2116, 769, 736, 2214, 557, 1368, 589, 139]"
291,947,"HP All-in-One Printing Paper, 96 Brightness, 22 lb, Letter Size (8.5 x 11), 500 Sheets/Ream (20701-0)",25,"[1918, 1582, 938, 1819, 1257, 273, 1058, 1461, 1656, 2202, 1066, 447, 1222, 49, 487]",[],"[541, 269, 1783, 1176, 1160, 1461, 447, 444, 1328, 49, 1712, 378, 978, 952, 451, 407, 633, 2227, 673, 2202, 1394, 1066, 237, 1322, 220, 187, 168, 474, 1743, 649, 693, 1257, 1436, 19, 736, 826, 139]"
292,1465,"Avery Textured Half-Fold Greeting Cards for Inkjet Printers, Uncoated, 5.5 x 8.5 Inches, White, Box of 30 (03378)",25,"[1739, 1611, 2094, 941, 1644, 2096, 960, 355]",[],"[1447, 541, 946, 447, 444, 355, 49, 1739, 1611, 451, 2096, 960, 112, 142, 2121, 75, 2094, 941, 1111]"
293,1820,"BIC Matic Grip Mechanical Pencil, Fine Point (0.5 mm), 12-Count, Assorted Colors",39,"[1481, 1925, 1949, 493, 2076, 1729, 23, 1340, 195, 2261, 1678, 1259, 87, 842]",[],"[516, 115, 1082, 1228, 589, 361, 23, 907, 49, 494, 378, 505, 89, 34, 53, 206, 1297, 966, 1134, 1481, 1925, 2076, 1636, 890, 2058, 1264, 421, 842, 1641, 220, 1065, 1053, 1624, 243, 865, 484, 2116, 2261, 2168, 769, 736, 557, 454, 2078]"
294,2104,"Prang Hygieia Chalk, 3.25 x .375 Inch Chalk Sticks, 12 Count, Assorted Colors (61400)",14,"[1923, 56, 197]",[],"[1923, 1241, 1013, 800, 1662, 56, 1663, 197, 1258, 1924, 37]"
295,1221,"Zebra's Sarasa Rapid Dry Ink Gel Retractable Pen, 0.7mm, Assorted, 10 Pack (46881)",39,"[799, 1347, 34, 1692, 678, 116, 1336]",[],"[76, 5, 678, 49, 1628, 1150, 34, 1729, 2012, 53, 698, 1297, 1134, 799, 894, 1692, 1636, 890, 116, 957, 484, 2116, 589]"
296,1464,"Dixon Ticonderoga Wood-Cased Pencils, #2, Yellow,  Box of 24 (13924)",39,"[903, 1082, 774, 1204, 1367, 505, 1969, 2386, 1134, 2359, 890, 1924, 1624, 1135, 243, 800, 1504, 1872, 2168]",[],"[1050, 903, 215, 1082, 1468, 1204, 1367, 505, 1663, 1969, 1134, 2359, 890, 1924, 1811, 1624, 1135, 243, 800, 484, 1327, 2168, 1648, 1755]"
297,148,"Wilson Jones 362 Line Basic Round Ring View Binder 3 Inch Capacity, 8.5 x 11 Inch Sheet Size, Dark Blue (W362-49BL)",1,"[1050, 2359, 1624, 903, 505, 243, 800, 840, 890, 1969, 2168, 1139, 557, 1134, 1309, 1464]",[],"[1050, 903, 215, 1082, 774, 840, 1468, 1367, 1464, 505, 34, 1617, 206, 1969, 2386, 1134, 2359, 1481, 890, 2058, 1924, 1624, 1135, 243, 800, 871, 865, 484, 2168, 1139, 557, 1755]"
298,408,"Quartet Prestige Colored Cork Bulletin Board, 3 x 2 Feet, Graphite Finish Frame (B243G)",26,"[2245, 321, 434]",[],"[1645, 1473, 630, 1785, 115, 1107, 1008, 267, 361, 1419, 2245, 421, 1217]"
299,1821,Precision Point Whiteboard Eraser,39,"[1770, 843, 2300, 1662, 1390, 1663, 5, 1637, 1217, 1013, 2370, 37]",[],"[1770, 73, 438, 1730, 115, 1390, 372, 5, 2370, 494, 1662, 1663, 154, 1013, 2078, 37, 2300, 2086, 1637, 843, 484, 2116, 2168, 1217, 139]"
300,1466,"Scotch&reg; Transparent Tape 600K6, 3/4-inch x 1000 Inches, 6-Pack",35,"[963, 1473, 378, 24, 966, 587, 1357, 1944, 1080, 2260, 699, 846, 220, 2381, 1048, 47, 484, 551, 19, 1713, 454]",[],"[516, 1676, 115, 963, 49, 1628, 494, 378, 1473, 2088, 505, 633, 1056, 966, 2087, 1357, 109, 587, 1134, 1080, 171, 699, 1274, 1264, 846, 421, 1322, 1212, 220, 800, 47, 2237, 484, 2116, 736, 1713, 1247, 263, 139]"
301,1467,Scotch&reg; Packaging Tape Hand Dispenser DP300-RD,35,"[185, 60, 1080, 62, 220, 171, 2346, 47, 543, 1331, 1011, 1274, 2319, 1265, 254, 48]",[],"[1863, 193, 115, 1153, 963, 1881, 49, 852, 378, 1466, 1331, 550, 1422, 1969, 1231, 2078, 254, 1357, 109, 587, 1080, 185, 939, 171, 699, 1583, 846, 466, 1322, 220, 47, 543, 484, 1976, 1905, 1247, 139]"
302,1222,"Hammermill Color Laser Gloss Paper, 94 Brightness, 32lb, Letter Size, 300 Sheets per Pack (16311-0)",25,"[1493, 1819, 941, 1066, 1461, 2161, 447, 2202, 1630]",[],"[516, 1752, 1593, 1461, 2161, 447, 49, 1697, 494, 378, 2102, 407, 112, 2202, 2043, 1357, 109, 1807, 1819, 699, 1066, 1264, 421, 1373, 941, 484, 2116, 139]"
303,1223,Mead Cambridge Limited Business Notebook Legal Ruled 1 Subject (06062),25,"[2189, 149, 216]",[],"[216, 361, 23, 891, 2189, 1631, 2088, 2037, 149, 1729, 1731, 1372, 295, 1774, 1391, 2310, 484, 1343, 850]"
304,700,"Avery  Big Tab Insertable Plastic Dividers, 5-Tabs, 1 Set (11900)",22,"[1050, 2359, 1139, 903, 243, 840, 1617, 890, 1086, 82, 114, 1472, 2168, 2070, 557, 1134, 1309]",[],"[1050, 903, 215, 1082, 774, 840, 1468, 1472, 599, 1367, 1309, 1464, 1740, 505, 34, 1617, 53, 206, 1969, 2386, 2070, 1208, 1134, 2359, 1481, 1925, 859, 890, 2058, 1086, 1924, 1624, 243, 800, 865, 484, 2168, 1139, 557, 1755, 2078]"
305,149,MeadCambridge Limited Action Planner Business Notebook (06064),25,"[295, 2189, 216]",[],"[516, 1804, 216, 361, 49, 2189, 1631, 2088, 1263, 34, 1617, 53, 206, 1807, 295, 2291, 1583, 2310, 557, 1336, 139]"
306,2105,Canon i560 Desktop Photo Printer,29,"[896, 1736, 1830, 2289, 862, 519, 430, 1822, 1632, 567, 369, 937, 237, 1766, 657, 2108, 716, 1301, 1494]","[2150, 187]",[]
307,2106,"3M 77 Super Multipurpose Adhesive Aerosol, Clear 16.75 Oz. Aerosol Can",35,[],[],"[1466, 2161, 484, 795, 1800, 263]"
308,1224,"Canon 4x6 Glossy Photo Paper Plus, 120 Sheets (PP-101)",25,"[952, 281, 369, 1736, 761, 770, 826, 187, 549]",[],[]
309,2107,"Avery Personal Creations InkJet Iron-On Dark T-Shirt Transfers, White, Five Sheets per Pack (03279)",25,[1642],[],"[706, 1642, 941, 393, 75, 1448, 1231, 136]"
310,393,"Avery Sticker Project Paper, White, 8.5 x 11 Inches, Pack of 15 (03383)",22,"[335, 320, 498, 368, 334, 2095, 2384, 382, 1328, 304]",[],"[1447, 320, 893, 460, 267, 334, 1769, 1328, 242, 1625, 94, 2107, 1063, 1642, 941, 368, 1644, 2384, 1448]"
311,772,"Q2612A HP 12A Print Cartridge in Retail Packaging Laser Toner Cartridge, 2,000 Pages (Black)",28,"[948, 1004, 1178, 1844, 1933, 1517, 2312]",[],"[1852, 1953, 1591, 911, 2332, 1178, 1103, 1933, 1517, 1508, 705, 1988, 2312, 2213, 151, 2087, 109, 737]"
312,948,HP LaserJet 1012 Printer,29,[],"[772, 1591]","[1898, 1591, 1004, 1844, 754, 772, 139]"
313,2108,Canon i960 Photo Printer,29,"[896, 1035, 694, 1736, 1830, 586, 688, 862, 430, 627, 1632, 1822, 567, 2105, 369, 1766, 657, 187, 514, 1301, 2117, 561, 1298]","[561, 514, 187]",[]
314,1822,Canon i860 Photo Printer,29,"[1836, 1736, 1830, 927, 586, 862, 519, 555, 554, 430, 627, 1632, 2105, 369, 1766, 542, 657, 187, 452, 2108, 514, 2158, 561]","[561, 937]",[]
315,2109,HP Officejet 5510 All-in-One Printer,0,"[1067, 913, 2216, 583, 1122, 1113, 1070, 1304, 2038, 577, 1507, 724, 972, 1142, 778, 922, 1431, 1316, 868, 248, 187, 763, 1432, 783, 761, 1955, 1268, 787]","[1507, 541, 761]",[]
316,1468,"Avery HI-LITER Desk Style Highlighters, Assorted Colors, 4 Pack (24063)",39,"[1050, 2359, 1624, 903, 215, 505, 243, 800, 1755, 890, 769, 2168, 1204, 2386, 1924, 1134, 1464, 2078]",[],"[1050, 903, 215, 115, 774, 1228, 1367, 1628, 1464, 494, 378, 1473, 2088, 505, 89, 34, 206, 1969, 2386, 966, 2087, 1134, 587, 2359, 859, 890, 421, 1924, 1624, 243, 800, 484, 769, 1327, 2168, 1755]"
317,454,"Scotch Magic Office Tape and Refillable Dispenser, 0.75 Inch x 18 Yards, Clear, Six per Pack (6122)",35,[],"[699, 1357, 846, 19]","[516, 1676, 115, 1082, 774, 963, 49, 1628, 494, 378, 2088, 407, 1662, 1011, 2386, 966, 2078, 1357, 1807, 699, 1264, 846, 421, 1322, 220, 1462, 941, 800, 47, 484, 2116, 1648, 19, 736, 263, 850, 139]"
318,1629,"Avery Write-On Tabs, 1.75 Inches, 48 Tabs (16143)",22,"[294, 1150, 76, 20, 27, 9, 1550, 229, 2017, 82, 1769, 1472, 1758, 121, 589]",[],"[2092, 1514, 76, 516, 840, 273, 1769, 1472, 1758, 49, 121, 1309, 1150, 20, 1740, 89, 2005, 2066, 1617, 53, 2195, 1208, 1134, 487, 294, 27, 1550, 699, 1979, 1086, 82, 421, 1264, 1322, 114, 484, 2116, 769, 733, 1139, 1143, 589]"
319,1823,Epson Stylus Photo R300 Inkjet Printer,29,"[2184, 132, 896, 694, 426, 1256, 586, 179, 230, 862, 430, 724, 567, 1073, 369, 336, 1766, 446, 1469, 722, 2292, 110, 1301, 696, 2062, 920, 1298, 1482, 1494]",[],[]
320,1225,Epson 48 Inkjet Cartridge Yellow T048420,28,[],[],"[1825, 1493, 938, 1353]"
321,1630,"HP Q2509A Glossy Everyday Photo Paper, 8.5 x 11 inches (100 Sheets)",25,"[1493, 952, 770, 1222, 549]",[],"[706, 1493, 541, 1783, 115, 717, 1593, 447, 1222, 49, 804, 1531, 2102, 952, 1252, 2038, 1079, 1427, 966, 1666, 2376, 1993, 1077, 508, 770, 1640, 421, 1322, 897, 908, 1582, 1257, 761, 549, 947]"
322,2110,"3MMouse Pad, Foam, Beach Design (MP114YL)",11,"[834, 536, 936, 600, 2321, 1891, 155, 1974, 997]",[],"[834, 536, 936, 798, 361, 2116, 769, 421, 155, 1974, 2078, 1944, 1676]"
323,235,"Wilson Jones Heavy Weight Top-Loading Sheet Protectors, Non-Glare, 100/Box (W21413)",1,"[207, 2005, 840, 557, 292, 1401, 733, 1086, 1472, 1143]",[],"[736, 207, 407, 699, 214, 484, 2195, 114, 795, 1472, 151, 421, 557]"
324,1824,"Black n' Red Casebound Hardcover Notebook, 11-3/4 x 8-1/4 Inches, Black, 192 sheets (D66174)",25,"[1503, 1631]",[],"[708, 1141, 795, 49, 494, 1631, 1942, 1621, 149, 1729, 206, 1731, 1167, 1503, 1925, 1365, 674, 421, 1910, 1107, 484, 2116, 1234, 1678, 1676]"
325,1631,"Black n' Red Twin Wire Hardcover Notebook, 8-1/4 x 5-7/8 Inches, Black, 70 sheets (L67000) (140 pages)",25,"[1824, 1503, 1372, 149, 216, 206, 2189]",[],"[708, 493, 2327, 1509, 49, 1824, 494, 505, 34, 1662, 149, 1666, 1134, 736, 1503, 1807, 573, 1235, 1580, 47, 484, 2116, 1217, 557, 589, 2078]"
326,207,"Wilson Jones Heavy Weight Top-Loading Sheet Protectors, Clear, 100/Box (W21411)",1,"[2005, 80, 840, 235, 557, 1617, 1401, 733, 1086, 1143]",[],"[235, 292, 484, 421, 557, 1309]"
327,1330,"Fellowes Powershred&reg; Shredder Bags for All Personal Models, 100 Bags &amp; Ties/Carton (36052)",24,[],"[2047, 1245, 196, 1109]","[516, 532, 156, 217, 963, 590, 313, 49, 1594, 2047, 378, 139, 1245, 196, 407, 587, 924, 1807, 1358, 1109, 1370, 421, 1322, 622, 876, 786, 484, 1873, 736, 1676]"
328,1825,Epson T054020 Gloss Optimizer Cartridges,28,[],[],"[2292, 1225]"
329,1632,Canon I-9900 Photo Printer,29,"[896, 694, 426, 1314, 1830, 1256, 586, 905, 862, 627, 1822, 1093, 427, 567, 2105, 369, 1073, 336, 1766, 657, 2292, 2108, 716, 1301, 2062, 1482, 1298]",[369],[]
330,1826,Xyron 150 &quot;X&quot; Create-a-Sticker Machine Assorted Colors,27,[],[],"[2084, 94]"
331,2111,Tabletote - Portable Compact Lightweight Laptop Notebook Stand,11,"[1702, 1197, 2287, 1186, 1596, 2345, 1296]",[],"[1596, 2294]"
332,1633,Texas Instruments TI-84 Plus Graphing Calculator,4,[],[],"[599, 1050, 1359, 1624]"
333,2112,Texas Instruments BA II Plus Professional Financial Calculator (Color May Vary),0,[],"[1445, 1359, 886]","[886, 1496, 1359, 1084, 1445, 599, 1633]"
334,1827,Uniden TRU8885-2 5.8 GHz Digital Cordless Phone with Dual Handsets and Answering System,37,"[247, 412]",[],[]
335,1469,Epson Stylus Photo R200 Ink Jet Printer (C11C546011),29,[],[430],[]
336,1828,VTech ip5850 5.8 GHz DSS Cordless Phone with Dual Handsets and Digital Answering System,37,[412],"[580, 1106]",[]
337,1634,"Memorex CD Labels Refills (120-Pack, White)",22,[],"[1129, 949]","[1653, 49, 1129, 1625, 2227, 741, 112, 2087, 949]"
338,2113,AT&amp;T E5965C 5.8 GHz DSS Expandable Cordless Phone with Answering System,37,"[1040, 2351, 2027, 2007, 2360, 1538, 596, 2008, 412, 580, 1183, 1044, 1269, 247, 2324]","[247, 412]",[]
339,2114,Custom Accessories 91116 Coin Holder,19,[],[],[]
340,1829,"Epson PictureMate Print Pack Inkjet Cartridge, 100 Sheets Glossy Photo Paper T5570",25,"[747, 2117, 1649]",[],"[747, 2152, 2117, 1649]"
341,2115,Norazza DD3001 Data Destroyer CD/DVD Shredder,24,[],"[156, 488, 196, 581]","[1109, 196, 1206]"
342,1470,"PM Company Perfection POS/Calculator Rolls, 2.25 Inches x 150 Feet, White, 12/Pack (08835)",25,"[1869, 1333]",[],"[151, 494, 378, 2088, 356, 1869, 966, 2087, 109, 1357, 1807, 699, 1264, 1370, 1322, 2381, 484, 1333, 769, 1921, 139]"
343,2116,"Post-it Notes, 3 x 3-Inches, Ultra Collection, 14-Pads/Pack",25,"[494, 1150, 2378, 2088, 1635, 89, 589, 484, 1979, 1322, 2214, 1628, 1134, 2087, 2078]",[],"[516, 1676, 115, 589, 361, 963, 1336, 1628, 49, 439, 845, 494, 378, 1150, 505, 1662, 407, 633, 1663, 1013, 1635, 1167, 1357, 966, 587, 1134, 1713, 2078, 1481, 1807, 699, 1583, 850, 1979, 1637, 1264, 421, 1322, 1212, 2237, 484, 769, 2168, 19, 736, 2214, 557, 1368, 454, 139]"
344,1635,"Post-It Super Sticky Notes Lined, 4 x 6-Inches, Canary Yellow, 5-Pads/Pack  (660-5SSCY)",25,"[2378, 2088, 89, 589, 484, 2116, 1979, 9, 2214, 1628, 1167, 2087]",[],"[516, 115, 124, 963, 1628, 49, 494, 378, 2088, 2160, 505, 89, 633, 966, 2087, 1167, 1357, 1134, 587, 2078, 1713, 1807, 1008, 699, 1583, 850, 1979, 1264, 421, 1322, 484, 2116, 769, 2214, 1368, 589, 1676]"
345,1471,Uniden TRU8866 5.8 GHz Digital Expandable 2-Line Cordless Speakerphone with Dual Keypads (Black),37,"[1521, 1547, 412, 2298, 2391, 247, 1345]",[1547],[]
346,1331,"Scotch Box Sealing Tape Dispenser H180, 2 in",35,"[1467, 1232, 1881, 852, 48, 1011, 254, 185, 60, 939, 171, 2346, 1274, 220, 47, 543, 2319, 1905, 1247]",[],"[1467, 1153, 1232, 342, 2415, 1881, 449, 1088, 1765, 1422, 112, 1216, 939, 171, 1274, 1449, 466, 2170, 351, 1295, 47, 543, 484, 547, 353, 9, 1905, 1247, 850]"
347,1830,Canon PIXMA iP4000 Photo Printer,29,"[1035, 694, 586, 862, 519, 2150, 430, 627, 1632, 1822, 567, 369, 937, 1094, 1766, 542, 657, 187, 2108, 716, 1874, 1301, 920, 561, 1298, 2158]",[561],[]
348,1472,"Avery Style Edge Insertable Plastic Dividers, 8-Tabs, 1 Set (11201)",22,"[2070, 1740, 181, 243, 840, 174, 1617, 114, 82, 1758, 557]",[],"[903, 840, 1309, 505, 34, 1617, 53, 2195, 2070, 1134, 2359, 2051, 890, 1086, 82, 1935, 204, 243, 733, 1139, 557]"
349,2117,Epson PictureMate Personal Photo Printer,29,[],"[747, 1829]","[747, 1829, 1649]"
350,1226,Oxford Twin Pocket Dark Blue Leatherette-Grained Portfolios 25 Count (57538),6,"[243, 2359, 890]",[],"[1980, 903, 115, 774, 840, 313, 1367, 49, 1464, 494, 2088, 505, 1662, 1625, 1969, 112, 2386, 1134, 587, 1807, 890, 1583, 421, 2374, 1624, 1135, 243, 800, 865, 484, 769, 1648, 2168, 736, 557, 850, 2078]"
351,1473,"Scotch Desktop Tape Dispenser Silvertech, Two-Tone",35,"[1398, 115, 361, 124, 963, 494, 378, 1466, 633, 1260, 1704, 966, 587, 1944, 1134, 1080, 944, 699, 846, 1322, 1808, 2381, 1107, 2237, 484, 1343, 1921, 19, 850, 139]",[],"[1398, 1676, 115, 361, 124, 494, 378, 505, 1466, 633, 1205, 1260, 1704, 1969, 966, 2087, 1134, 1944, 587, 2078, 1615, 944, 1807, 998, 699, 1583, 846, 421, 1235, 1616, 1322, 1212, 2099, 2381, 735, 1107, 2237, 484, 769, 1343, 1976, 1921, 19, 736, 1713, 557, 850, 139]"
352,1060,"Smead Frequency Expanding Files, Waterproof and Tear Resistant Materials (70863)",18,"[183, 2363, 314, 1556, 1523, 1666]",[],"[903, 1228, 840, 361, 2363, 1556, 1628, 494, 183, 505, 635, 53, 1969, 745, 966, 2078, 109, 1134, 1323, 1615, 1807, 2083, 1925, 859, 890, 1583, 114, 421, 243, 1644, 865, 484, 733, 2168, 730, 19, 736, 557, 139]"
353,358,"Smead 100% Recycled Classification Folder, Letter, 2/5 Right Of Center, 2 Dividers, Assorted Colors, 5 Per Pack (14049)",18,"[736, 295, 1950, 313]",[],"[214, 1234, 313, 736, 1523, 439]"
354,1636,Sharpie Accent Retractable Assorted 5 Pack,39,"[1150, 1481, 243, 34, 1228, 589, 2291, 2228, 53, 2257, 1363, 202, 1325, 1134, 1624, 2078]",[],"[1050, 903, 115, 1082, 1228, 361, 1363, 124, 1336, 1758, 49, 1628, 1464, 494, 378, 1150, 505, 89, 34, 633, 53, 1297, 206, 1969, 2386, 966, 1134, 587, 1481, 2083, 1949, 1925, 2291, 890, 850, 421, 1624, 243, 800, 484, 2168, 87, 19, 782, 589]"
355,2118,"Suncast C3600 Storage Trends Utility Base Cabinet,",2,[],[],[]
356,1474,"Seville Classics Industrial All-Purpose Utility Cart, NSF Listed",7,[730],[],"[1234, 730]"
357,1831,"Pilot Dr. Grip Center of Gravity Retractable Ball Point Pen, Medium Point, Black Ink, Grip Color May Vary, Single Pen (36184)",39,"[1621, 1365, 818, 573, 1688, 1484, 1620]",[],"[818, 49, 1371, 1621, 34, 149, 1688, 1731, 1635, 60, 1365, 859, 1636, 573, 1583, 82, 1774, 484, 1251, 1484]"
358,1003,"Lamy Vista Fountain Pen Demonstrator, Clear Fine Nib (L12F)",39,"[1587, 708, 1383, 1833, 2196, 891, 965, 1332, 2220, 902, 1920, 1475, 1832]",[],"[1837, 1587, 708, 2281, 1833, 902, 1020, 2196, 2327, 891, 2330, 965, 1332, 2220, 1383, 1920, 1475, 1832]"
359,1332,"Lamy Safari Fountain Pen Charcoal Ex-Fine, L17EF",39,"[1003, 708, 2281, 1383, 1833, 891, 1701, 965, 2220, 902, 1920, 1832]",[],"[1837, 1003, 1587, 708, 2281, 1833, 902, 1020, 2327, 891, 1701, 965, 2220, 1383, 1920, 1832]"
360,1832,Lamy Fountain Pen - Al-Star Model - Fine Nib - Aluminum Body,39,"[1003, 708, 1383, 1833, 891, 1332, 2220, 902, 1920]",[],"[1003, 1587, 708, 2281, 1833, 902, 1020, 2327, 891, 1701, 965, 1332, 2220, 1383, 1920, 1475]"
361,1833,"Lamy Safari Vista Fountain Pen - Demonstrator Clear, Extra-Fine Nib L12EF",39,"[1003, 1587, 708, 1383, 2196, 891, 965, 1332, 2220, 902, 1920, 1475, 1832]",[],"[1003, 1587, 708, 2281, 902, 1020, 2002, 2196, 2327, 891, 1701, 965, 1332, 2220, 1383, 1920, 1475, 1832]"
362,1834,Brother P-Touch QL-500 Manual-Cut PC Label Printing System,24,"[1105, 1426, 2289, 103, 2278, 401, 253, 108, 1835, 1276, 970, 1138, 1420, 898, 912, 405, 71, 1285, 296, 1170, 1602]",[],"[449, 1295, 2332, 1426, 1835, 699, 86, 1988, 1033, 1420, 421, 151, 1138, 139]"
363,1475,"Lamy Vista Fountain Pen Demonstrator, Clear Medium Nib (L12M)",39,"[1003, 1587, 708, 1383, 1833, 2196, 891, 965, 1332, 2220, 902, 1920, 1832]",[],"[1837, 1003, 1587, 708, 539, 2281, 1833, 902, 1020, 2002, 2196, 2327, 891, 965, 2220, 1383, 1920, 1832]"
364,891,Lamy Safari Fountain Pen - Charcoal - Fine,39,"[1003, 708, 539, 1263, 1383, 1833, 1701, 965, 1332, 2220, 902, 1920, 1832]",[],"[708, 539, 1833, 902, 1020, 2327, 1701, 965, 1332, 2220, 1383, 1920, 1832]"
365,2119,"Post-it Flag+ Highlighter, Yellow, Pink, and Blue, 50-Color Coordinated Flags/Highlighter, 3-Pack",39,"[2092, 1150, 76, 229, 1228, 1636, 2017, 2228, 53, 161, 2257, 1134, 589]",[],"[76, 215, 1228, 361, 1769, 1758, 1628, 49, 1150, 20, 505, 34, 1617, 53, 131, 161, 998, 1949, 229, 1550, 331, 2017, 2310, 195, 2116, 659, 2257, 589]"
366,1476,Canon CanoScan 8400F Flatbed Scanner,30,"[1718, 743, 857, 470, 866, 307, 825, 750, 1848, 709, 2156, 1116, 954, 2020, 1374, 1790, 477, 1435, 1101, 1982, 814]","[866, 477, 1435]",[]
367,1835,Brother DK-1209 Small Address Paper Label Roll - Retail Packaging,22,"[1834, 253, 1426, 1276, 1420, 2278, 912, 898, 1138]",[],"[1834, 1295, 1426, 171, 109, 1103, 151, 484, 547, 1420, 2415, 1905, 898, 1138, 1421]"
368,1138,Brother DK-1201 Die-Cut Standard Address Labels,22,"[1834, 253, 1426, 1835, 1276, 1420, 2278, 898]",[],"[833, 1834, 320, 1676, 1730, 1426, 1141, 1379, 151, 49, 1557, 2088, 407, 587, 1835, 1276, 922, 86, 846, 1420, 1322, 898, 2033, 1295, 786, 1115, 2237, 484, 2116, 557, 139]"
369,1477,HP OfficeJet 6210 All-in-One Printer,0,"[1067, 913, 2177, 1591, 281, 2038, 1573, 961, 430, 724, 972, 1142, 1858, 2121, 1572, 1157, 922, 1640, 248, 763, 1268, 787]",[],[]
370,1227,"Pilot Vanishing Point Collection Retractable Fountain Pen, Blue Carbonesque with Rhodium Accents, Blue Ink, Fine Nib (60149)",39,"[1837, 708, 1020, 2327, 891, 2330, 1332, 1832]",[],"[1837, 1003, 1587, 708, 2281, 902, 1020, 2002, 2327, 891, 2330, 965, 1332, 1383, 1475, 1832]"
371,1836,Canon PIXMA MP780 All-In-One Photo Printer,0,"[1408, 132, 1035, 1705, 1184, 1830, 529, 1440, 927, 1069, 688, 507, 1927, 230, 2159, 555, 2150, 430, 1822, 1855, 427, 937, 336, 237, 446, 542, 540, 187, 2292, 452, 2108, 783, 2117, 920, 561, 826]","[561, 187]",[]
372,845,"Sharpie Fine-Tip Permanent Marker, 24-Pack Assorted Colors",39,"[1350, 1078, 516, 1352, 2395, 1662, 136, 119, 484, 1363, 188, 678, 1724, 1216, 1061, 200, 1065]",[],"[1350, 516, 903, 136, 188, 678, 1464, 1078, 2088, 2395, 1329, 34, 1662, 119, 53, 1663, 2386, 1216, 1134, 859, 771, 2228, 1637, 1065, 1135, 243, 800, 484, 2116, 1724, 1061, 1247, 2078]"
373,1061,"Sharpie 32893PP Ultra-Fine Point Permanent Marker, Assorted Colors, 24-Pack",39,"[1350, 516, 1363, 188, 678, 200, 845, 2395, 119, 2231, 1215, 1216, 1352, 859, 771, 1286, 1065, 2222, 484, 1724]",[],"[1350, 516, 1153, 1363, 188, 678, 200, 845, 2395, 119, 53, 2231, 1216, 1215, 894, 859, 1063, 1065, 484, 1724]"
374,1637,"Expo Low Odor Chisel Tip Dry Erase Markers, 12 Colored Markers(80699)",39,"[1770, 843, 2300, 1662, 1390, 800, 1136, 1663, 5, 2086, 2168, 1821, 1217, 1013, 2370, 37]",[],"[903, 1730, 1390, 774, 840, 5, 2370, 1464, 494, 505, 1662, 1663, 1969, 2386, 1013, 2300, 894, 1917, 890, 2086, 1624, 1135, 843, 243, 1928, 800, 484, 2116, 769, 1648, 2168, 1821, 1217, 1872, 19, 2078]"
375,1638,"Snap-N-Store DVD Storage Boxes, 15.5 x 5.5 x 7.625 Inches, Black, 2 Boxes per Pack (SNS01618)",11,[1491],[],"[1491, 859]"
376,1837,"Pilot Namiki Falcon Collection Fountain Pen, Black with Gold Accents, Soft Fine Nib (60152)",39,"[2330, 891, 1020, 1587]",[],"[1003, 1587, 708, 985, 1020, 2002, 2327, 891, 1701, 965, 1332, 2330, 902]"
377,1838,Lamy Cartridges Refill - Blue/Black -5-pack (T10BB),39,"[1003, 708, 2281, 1383, 1833, 891, 1332, 2220, 902, 1920, 1475, 1832]",[],"[1003, 1475, 708, 539, 2281, 1833, 902, 1020, 891, 1701, 1332, 2220, 1383, 1920, 2229, 1832]"
378,2120,HP OfficeJet 7310 All-in-One Printer,0,"[1067, 1477, 913, 1508, 2016, 1304, 1669, 577, 2038, 1573, 972, 1142, 2121, 1572, 2416, 2179, 922, 1506, 1444, 1411, 1316, 1640, 1341, 2122, 79, 483, 2019, 1268, 1490, 1717]","[1508, 2122, 1506]",[]
379,949,Avery CD/DVD Label Applicator ( 5699 ),22,"[1653, 2141, 1634, 1469, 2278, 1129]",[],"[2141, 1129, 1634]"
380,1333,Canon P23-DH V 2 color mini-Desktop Printing Calculator,4,[],[1869],"[2167, 1676, 115, 361, 124, 963, 795, 313, 151, 1628, 494, 1557, 630, 1473, 407, 633, 1470, 2245, 1969, 1869, 745, 278, 966, 587, 1615, 1807, 998, 1925, 1008, 1136, 1583, 846, 421, 1322, 1212, 2099, 2381, 1743, 1107, 1801, 2237, 1396, 484, 769, 1976, 139]"
381,1639,OpenX Dual Blade Universal Package Opener,10,"[2239, 1839, 1449, 1650, 226, 1391]",[],"[484, 1650, 226, 587, 1391]"
382,1478,Plantronics HL10 Handset Lifter,0,[],[1588],"[1588, 199, 1521, 2010, 1096, 232, 2313]"
383,634,Smead Custom Printed Stock Open Top A-Z Index 12 x 10 Inch Expanding File (70425),18,"[183, 331, 1376, 2310, 2363, 283, 1060, 1378]",[],"[115, 1376, 151, 1628, 494, 378, 407, 2125, 633, 1470, 966, 2078, 1357, 109, 587, 1713, 1807, 331, 699, 1933, 2325, 1264, 1370, 421, 1817, 1322, 1396, 484, 2116, 1234, 769, 736, 2214, 1378, 1368, 1676]"
384,2122,HP 96 Ink Cartridge in Retail Packaging-Black,28,[],"[1508, 1640, 1506]","[717, 1914, 1508, 2312, 151, 772, 49, 1537, 1557, 1014, 2136, 1079, 109, 2121, 887, 1933, 1506, 1775, 1583, 1640, 1322, 1671, 648, 1178, 484, 769, 1369, 737]"
385,1640,Original HP 97 Large Tri-color Ink Cartridge in Retail Packaging,28,[],"[1508, 2122, 1506]","[1585, 1518, 1267, 1508, 2312, 2254, 772, 151, 1537, 950, 2326, 2121, 2376, 1953, 887, 2179, 1933, 1506, 1775, 2255, 1876, 2122, 648, 1178, 1988, 769, 737]"
386,2121,HP 95 Tri-color Ink Cartridge,28,[],"[1876, 2179]","[1783, 1176, 1752, 895, 1508, 151, 918, 1537, 1014, 952, 1875, 2136, 1252, 950, 1079, 1253, 887, 2179, 1114, 1077, 1933, 1506, 1510, 1775, 1000, 1640, 1671, 1876, 1743, 2122, 1240, 648, 769, 736, 139]"
387,1641,"Pilot EasyTouch Retractable Ball Point Pens, Fine Point, Black Ink, Dozen Box (32210)",39,"[1453, 1371, 1457, 1621, 1132, 1731, 490, 2091, 1551, 1336]",[],"[1676, 1628, 49, 1464, 378, 139, 2088, 1621, 34, 53, 1731, 2070, 1215, 1635, 966, 587, 1134, 2078, 1453, 1457, 1925, 699, 1933, 252, 1264, 1370, 2058, 1322, 735, 2237, 484, 2116, 769, 19, 736, 1139, 1324, 1336, 1000]"
388,1839,"Martin Yale Premier Automatic Handheld Battery-Operated Letter Opener, Concealed Blade, 5-1/2&quot; Long (1624)",10,"[2239, 1639, 1650, 1391]",[],"[2239, 115, 361, 151, 1628, 378, 633, 1206, 745, 587, 1008, 1370, 1650, 421, 1391, 735, 1218, 786, 1988, 736, 850]"
389,164,"Swingline 747 Classic Stapler, 20 Sheets, Black (74701)",31,"[115, 1813, 124, 590, 963, 378, 139, 1460, 633, 1260, 1055, 1704, 587, 344, 820, 944, 1808, 1218, 773, 303, 1335, 1676]",[],"[1398, 516, 1676, 361, 1813, 963, 590, 151, 49, 439, 494, 378, 139, 1473, 1466, 633, 1055, 2401, 1013, 2087, 1357, 109, 966, 587, 1807, 998, 1159, 699, 2325, 1583, 1264, 1370, 846, 421, 1322, 1812, 1391, 735, 1218, 1743, 1107, 2237, 484, 2116, 769, 736, 850, 1934]"
390,1642,"Avery T-shirt Transfers for Inkjet Printers, 8.5 x 11 Inches, Pack of 18 (08938)",25,[2107],[],"[706, 1078, 978, 320, 2173, 1137, 451, 460, 393, 941, 368, 635, 2107, 2384, 1448]"
391,1139,"Avery Economy Binder, 3-Inch Round Ring, Black, 1 Binder (3602)",1,"[243, 840, 2195, 557, 1309]",[],"[1050, 903, 1676, 115, 774, 840, 1472, 1367, 49, 1464, 494, 505, 2005, 2386, 2070, 1208, 966, 1134, 2078, 1481, 1925, 890, 2058, 1086, 114, 1924, 1624, 243, 800, 484, 733, 2168, 557, 1336, 139]"
392,1840,"Avery Two-Pocket Portfolios, Embossed Paper, 30-Sheet Capacity, Green, Box of 25 (47987)",1,[],[],"[1900, 516, 1676, 115, 1390, 460, 313, 151, 1800, 49, 1793, 494, 378, 1662, 1625, 635, 112, 966, 2087, 109, 1134, 2078, 1807, 699, 1524, 238, 421, 1817, 484, 2116, 769, 736, 1139, 557, 139]"
393,846,"Scotch Magic Tape Deal, 3/4 x 1000 Inches, 6-Pack with C-40 Black Dispenser (810C40BK)",35,"[115, 124, 963, 494, 1473, 378, 139, 1466, 633, 1260, 454, 966, 587, 1357, 1944, 1080, 699, 421, 1322, 1808, 2381, 2237, 484, 2116, 19, 850, 1676]",[],"[516, 1676, 115, 589, 361, 124, 590, 49, 1628, 494, 378, 630, 1473, 2088, 505, 407, 633, 1260, 2386, 966, 2087, 1357, 1635, 587, 1134, 2078, 944, 1807, 171, 699, 2325, 850, 1000, 1264, 421, 1322, 1212, 220, 1107, 47, 2237, 1396, 484, 2116, 769, 1343, 1921, 736, 1713, 557, 454, 139]"
394,2123,3M Vertical Notebook Riser (LX550),11,"[390, 758, 1239, 2287, 836, 740, 863, 1741]",[],"[1150, 536, 843, 1358, 836, 740, 656, 835, 1479, 1580]"
395,847,"X-Acto Deluxe Heavy-Duty Electric Pencil Sharpener, Black with Gray Base, 1 Unit (1645)",39,"[371, 517, 1300, 774, 576, 654, 684, 387, 506, 861, 575, 610, 864, 749, 637, 278, 687, 878, 1917, 1199, 888, 337, 756, 661]",[],"[861, 1980, 1135, 774]"
396,735,"Stanley Bostitch Professional Magnetic Staple Remover, Black (40000M-BLK)",31,"[378, 115, 140, 633, 2237, 773, 124, 590, 303, 1335, 587, 139]",[],"[115, 361, 1813, 124, 590, 963, 1758, 1628, 49, 378, 1473, 1460, 633, 245, 1056, 1704, 966, 587, 944, 1807, 2291, 850, 1370, 846, 421, 1650, 1322, 140, 1391, 1218, 1107, 2237, 773, 484, 736, 1335, 589, 139]"
397,506,"X-Acto XLR 1818 Electric Pencil Sharpener, Black",39,"[591, 847, 371, 517, 1300, 576, 654, 653, 2153, 684, 387, 861, 575, 637, 1497, 278, 662, 687, 1917, 878, 888, 337, 523, 287]",[],"[1350, 1980, 516, 903, 1676, 115, 1082, 774, 1300, 840, 963, 795, 1628, 1309, 1464, 494, 861, 378, 1473, 505, 1662, 407, 633, 698, 1559, 2386, 1869, 966, 587, 1134, 944, 1807, 1159, 1917, 890, 850, 1264, 846, 1084, 2099, 1135, 243, 888, 800, 1107, 2237, 484, 769, 1648, 557, 589, 139]"
398,1479,"3M Adjustable Monitor Stand, Height Adjusts 1 in to 5 7/8 in, Holds 80 lbs, 11 in Space Between Columns, Silver/Black",11,"[375, 1860, 1358, 1575, 836]",[],"[361, 49, 1473, 1361, 1042, 587, 904, 1358, 1583, 1322, 1580, 536, 1860, 2287, 1614, 1321, 740, 835, 139]"
399,1334,"X-Acto 1716 Heavy-duty electric pencil sharpener, walnut grain, 1 Unit",39,"[847, 371, 517, 1300, 576, 654, 2153, 684, 387, 506, 861, 575, 637, 278, 662, 687, 878, 1917, 1199, 888, 337, 756, 287, 661]",[],"[1980, 516, 903, 753, 1390, 774, 2153, 684, 506, 378, 494, 575, 505, 1662, 1460, 698, 587, 1135, 800, 1648, 139]"
400,1841,"Quality Park Clasp Envelopes, 5 x 7.5 - Inch, Brown Kraft, Box of 100 (37835)",16,"[853, 1394, 407, 1160, 2227, 2271, 2093, 960, 1009]",[],"[1676, 631, 460, 963, 151, 49, 494, 357, 378, 1473, 2088, 505, 407, 2227, 112, 2101, 966, 2087, 1018, 1357, 1807, 1394, 734, 699, 2271, 1264, 421, 672, 1322, 1212, 1817, 1540, 2381, 47, 543, 484, 769, 736, 139]"
401,2125,"C-Line All-Purpose Document Sorter, 2.5 x 23.5 Inch, Blue (30526)",18,"[1615, 331, 295, 1008, 2310, 1842, 435, 165]",[],"[634, 115, 1934, 590, 313, 121, 439, 494, 1473, 2367, 1470, 1260, 165, 745, 2078, 587, 1807, 1159, 1583, 1264, 421, 1322, 1812, 2099, 735, 2082, 1842, 484, 769, 1234, 736, 139]"
402,2124,"Stanley Bostitch AntiJam Standard Booklet Stapler, 20 Sheet Capacity (B440SB)",31,"[378, 267, 773, 1056, 1813, 1373, 1335]",[],"[378, 1364, 151, 1458, 1819, 267, 2202, 2161, 1056, 1222, 1373, 1676]"
403,1140,"Cramer 1001-82 Kik Step Rolling Step Stool, Gray",8,"[2172, 2306, 1693, 1579]",[],[]
404,1335,Max Flat-Clinch Black Standard Stapler with 30 Sheet Capacity (HD-50DFBK),31,"[115, 1813, 124, 590, 378, 164, 633, 1260, 1704, 1056, 611, 344, 820, 944, 1218, 735, 773, 303, 139]",[],"[361, 1813, 124, 590, 963, 151, 49, 439, 494, 378, 1473, 633, 1704, 966, 587, 944, 1458, 699, 2325, 1583, 1264, 1370, 846, 421, 1322, 1373, 140, 2099, 735, 1218, 2237, 484, 2116, 435, 1343, 1921, 19, 736, 1378, 1368, 850, 1676]"
405,1336,"Zebra Z-Grip  Retractable Ballpoing Pens Medium, 1.0 mm, Black Ink, Clear Barrel,  Box of 12 (22210)",39,"[494, 1453, 1371, 1551, 903, 1481, 505, 1925, 34, 1132, 243, 484, 1297, 1165, 1731, 1641, 1134]",[],"[1050, 516, 903, 115, 1082, 361, 49, 1464, 494, 378, 2088, 505, 89, 34, 698, 53, 206, 1969, 2386, 2087, 1134, 587, 2359, 1481, 1807, 1925, 699, 890, 2058, 1259, 1322, 842, 1624, 243, 800, 865, 484, 2116, 769, 2168, 19, 1713, 557, 1755, 589, 139]"
406,736,"Pendaflex Recycled Standard Green 1/5-Cut Tab Hanging File Folders, 25 per Pack (81602)",18,"[175, 1667, 1807, 251, 1211, 2082, 421, 1950]",[],"[1514, 1676, 115, 361, 313, 1556, 49, 1628, 1309, 494, 378, 630, 1473, 54, 1260, 966, 2087, 587, 1667, 1615, 1807, 1583, 421, 1322, 2333, 2082, 2237, 1396, 484, 2116, 769, 850, 139]"
407,254,"Duck HP260 Carton Sealing Tape with Refillable Dispenser, 2 inch Width x 60 Yards, 3-Inch Core, Clear, 1 Roll, 07364",16,"[2252, 1712, 1863, 1467, 60, 2097, 62, 220, 171, 47, 543, 1331, 1011, 1274, 2319, 260, 852, 48]",[],"[1467, 1660, 1379, 1232, 1881, 49, 852, 1147, 1498, 1088, 958, 1816, 966, 587, 60, 2097, 939, 2346, 171, 260, 421, 220, 2170, 47, 543, 484, 547, 551, 19, 736, 1247]"
408,1480,"Duck Brand HD Packaging Tape, 1.88 inch x 55 Yard, Crystal Clear, 2 Rolls with Dispenser (07290)",16,"[1863, 60, 1080, 2097, 171, 47, 852, 543, 1331, 1274, 2319, 260, 1881, 254, 220]",[],"[516, 1659, 1379, 1232, 151, 1881, 49, 852, 494, 407, 1088, 1331, 958, 1422, 112, 1231, 2181, 109, 1080, 939, 2346, 171, 1276, 699, 1274, 466, 1812, 2170, 543, 484, 1905, 1247, 915]"
409,260,"Duck Brand 393185 1.88 Inch by 22.2 Yard EZ Start Carton Sealing Tape with Dispenser, Clear",16,"[1467, 62, 1232, 852, 48, 2252, 1712, 1331, 1011, 1312, 254, 60, 1080, 2097, 939, 171, 2346, 1274, 1265, 220, 2170, 47, 543, 2319]",[],"[49, 60, 1232, 852, 454, 220]"
410,1842,Fellowes Wire Drawer Sorter (73014),11,"[1667, 1615, 2065, 2125, 1008, 745]",[],"[1398, 115, 1376, 840, 361, 124, 590, 1628, 49, 378, 1473, 407, 633, 165, 745, 966, 109, 587, 1615, 1807, 2083, 998, 331, 2126, 1008, 1583, 1264, 421, 1235, 1616, 1322, 1950, 1218, 1396, 484, 1343, 736, 1378, 850, 139]"
411,1644,"Array Card Stock, 8.5&quot;x11&quot;, White, 100 Sheets/Pkg",25,"[893, 941, 2161, 355, 2148]",[],"[903, 946, 267, 49, 1464, 505, 1662, 635, 2227, 1728, 960, 112, 2386, 393, 890, 1817, 1456, 941, 800, 484, 733, 2168, 263, 665]"
412,1337,Pentel GraphGear 500 Automatic Drafting Pencil Brown (PG523E),39,"[1683, 1512, 2009, 493, 1729, 23, 1678, 848]",[],"[1683, 1643, 708, 493, 23, 891, 907, 795, 2098, 1729, 206, 1731, 1512, 2076, 848, 1053, 2009, 1678, 1648]"
413,1643,Paper Mate Tuff Stuff Eraser Stick (SN64801),39,"[1672, 1053, 907, 2301]",[],"[1672, 753, 493, 1716, 999, 2375, 907, 654, 1053]"
414,2126,Fellows Wire 5-Inch Legal Tray (65012),11,"[2065, 2333, 1235, 1616, 745]",[],"[1473, 2099, 115, 2333, 1008, 1235, 633, 361, 1842, 1321, 484, 1234, 359, 421, 736, 745, 966, 49]"
415,2127,Northwestern Bell Big-Button Corded Phone Plus with 13-Number Memory (20200-1),37,[],"[1423, 1382]","[821, 1382, 472, 1423]"
416,165,"Wilson Jones Favorite Desk File/Sorter, A-Z Index, 10 x 12 Inches, Burgundy (WCC3C)",18,"[634, 331, 2125, 295, 2310]",[],"[49, 1628, 439, 494, 378, 1473, 2125, 633, 314, 1713, 998, 331, 295, 1264, 1370, 421, 1322, 1212, 735, 2310, 1842, 1343, 1234, 736, 2214, 850]"
417,2128,"ID Card Reel, Belt Clip, Extends up to 30&quot;, Black/Chrome (Sold Individually) BAU68814 Category: Name Badges and Badge Labels",22,"[1883, 2294, 192]",[],"[1883, 2294, 2072]"
418,848,"Pentel Sharp Kerry Mechanical Pencil, 0.50 mm, Metallic Black Barrel, 1 Unit (P1035A)",39,"[1512, 2009, 2076, 493, 1729, 23, 1678]",[],"[2301, 1643, 708, 1512, 1672, 2009, 2076, 493, 2315, 23, 1678, 907, 2098, 1053]"
419,46,"Avery Durable View Binder with 1-Inch Slant Ring, Holds 8.5 x 11 Inches Paper, White, 1 Binder (17012)",1,"[1050, 2359, 1139, 243, 840, 1617, 890, 2195, 1086, 82, 1472, 2070, 557, 1309]",[],"[1050, 903, 215, 1082, 774, 840, 1468, 1204, 1367, 1309, 1464, 2290, 505, 1617, 206, 1969, 2386, 2070, 2087, 1134, 2359, 1925, 859, 890, 2058, 1086, 114, 243, 800, 865, 484, 2168, 1648, 1139, 557, 1755]"
420,461,"Duck EZ Start Carton Sealing Tape, 1.88 Inches x 60 Yards, 3-Inch Core, Clear (CS-60C)",16,"[2252, 1467, 60, 2097, 62, 220, 171, 47, 543, 1232, 1011, 1274, 1265, 254, 260, 852, 48]",[],"[38, 1660, 1379, 1232, 1881, 49, 852, 1421, 48, 378, 1088, 1312, 1206, 958, 550, 254, 1944, 939, 699, 1274, 1370, 466, 1808, 220, 2170, 351, 47, 543, 551, 9, 19, 260]"
421,1062,"Parker Quink Gel Ink Refills for Rollerball Pens, Medium Point, Blue, 2-Pack (30526PP)",39,"[1691, 1251]",[],"[1463, 1691, 1365, 2226, 573, 1251, 1731, 1484, 1999]"
422,37,"Quartet ReWritables Mini Dry-Erase Markers, Magnetic, Assorted Classic Colors, 6 Pack (51-659312Q)",39,"[189, 1770, 362, 438, 843, 178, 223, 160, 500, 1663, 1164, 2168, 1821, 1217, 1966, 1013, 2370, 556]",[],"[189, 441, 1770, 1050, 903, 1730, 1390, 160, 500, 372, 1468, 5, 2370, 726, 1662, 1663, 394, 154, 1013, 362, 158, 178, 2180, 843, 800, 1419, 1164, 884, 2168, 1821, 223, 1966]"
423,635,3 Mil Clear Letter Size Thermal Laminating Pouches 9 X 11.5 Qty 100 (UNV84622),27,"[191, 1699, 1098, 1328, 1163, 664, 137, 94, 1742, 1364, 1501, 1075, 2205, 2369, 908, 437, 2071, 901, 420, 25, 665]",[],"[1699, 840, 1098, 664, 439, 2005, 1137, 94, 112, 966, 592, 1364, 1086, 1501, 1075, 2205, 908, 437, 941, 901, 1644, 665]"
424,1228,"Post-it Flags with On-the-Go Dispenser, Assorted Primary Colors, 1/2-Inch Wide, 100/Dispenser, 1-Dispenser/Pack",22,"[2092, 1150, 76, 20, 1481, 505, 34, 1550, 1636, 2017, 53, 1057, 2119, 1758, 121, 1134, 589]",[],"[2092, 1050, 903, 115, 361, 1758, 121, 378, 1150, 20, 505, 34, 633, 53, 206, 1969, 966, 2087, 1134, 587, 2078, 1481, 1949, 1550, 859, 1636, 2291, 890, 1057, 1910, 1624, 243, 2237, 484, 769, 1327, 19, 557, 1755, 589, 139]"
425,1843,"Advantus Corporation Cropper Hopper Home Center Rolling Cart, 10 Drawer Smoke",11,[],[],"[575, 894, 800, 1662, 361, 635, 2279, 557]"
426,1645,Universal 31312 3/8-Inch Gemstone Color Push Pins (100 per Pack),35,"[158, 1419, 2245, 1443, 154]",[],"[1730, 115, 434, 49, 1628, 1309, 494, 378, 1473, 89, 1460, 2245, 154, 1013, 966, 587, 1134, 1694, 147, 158, 408, 699, 2325, 1637, 421, 1322, 843, 1419, 484, 2116, 1343, 1976, 736, 557, 850]"
427,2129,GE 29369GE1 Big Button Corded Desktop Phone with Call Waiting Caller ID and Speakerphone,37,"[2267, 2394, 962, 2390, 1546, 1207, 1423, 472, 926, 1171, 2127, 2313, 1382]","[2127, 1423]",[]
428,737,Brother Black Toner Cartridge (TN-350),28,[],"[151, 705]","[1518, 1752, 1517, 2055, 2312, 151, 772, 49, 1557, 2088, 1103, 1953, 911, 1807, 1342, 699, 1933, 2213, 1212, 2203, 1483, 1178, 705, 1988, 1713, 1852]"
429,636,"Brother FAX-575 Personal Fax, Phone, and Copier",17,[],"[1432, 2130]","[494, 541, 477, 2088, 2130, 115, 74, 821, 1470, 1583, 2298, 1420, 151, 49]"
430,1338,Brother HL-2070N Network Monochrome Laser Printer (Black),29,"[948, 819, 606, 151, 917, 870, 1103, 718, 2262, 1125, 2343, 1198, 86, 1030, 899, 2033, 1417, 1004, 1607, 995, 1646, 1033, 923, 737]","[86, 151, 737]",[]
431,1339,Logitech 2.4 GHz Cordless Presenter (Black),27,[],"[527, 1887, 518]",[527]
432,1340,"BIC Velocity Mechanical Pencil, Refillable, Thick Point (0.9 mm), 12 Pencils",39,"[1683, 1481, 1925, 1949, 1729, 23, 195, 1678, 1721, 1259, 87, 2339]",[],"[1683, 1050, 903, 1082, 774, 907, 49, 494, 378, 505, 34, 53, 698, 206, 1297, 1721, 1134, 1726, 1481, 1925, 1949, 894, 1636, 890, 1259, 2339, 2365, 1135, 243, 484, 195, 1678, 2261, 1648, 1336, 139]"
433,123,"BIC Mark-It Color Collection Permanent Markers, Fine Point, Assorted, 12 Markers",39,"[845, 1350, 2395, 1063, 119, 188, 678, 1724, 1216, 1061, 200, 1065]",[],"[845, 1350, 389, 2395, 1511, 200, 119, 188, 1724, 678, 1061, 1216, 1670]"
434,1481,"BIC Mechanical Pencil with Colorful Barrels, Medium Point (0.7 mm), 24 Pencils",39,"[1050, 903, 1082, 23, 494, 505, 34, 1729, 1340, 53, 206, 1721, 1134, 1925, 1949, 890, 2058, 1259, 842, 243, 195, 87, 557]",[],"[1050, 903, 215, 1082, 774, 1228, 1468, 1165, 907, 1309, 1464, 494, 1150, 505, 34, 1755, 53, 206, 1969, 2078, 1134, 2359, 1925, 1949, 1636, 890, 2058, 1924, 1624, 1135, 243, 800, 484, 1327, 2168, 1648, 19, 1139, 557, 1665, 1336, 1559]"
435,1063,Triplus Fineliner Pen,39,"[894, 1903, 1244, 678, 200]",[],"[1233, 1150, 894, 34, 393, 1849, 1244, 2017, 2228, 53, 1769, 1724, 678, 654, 1061]"
436,1482,Epson Stylus Photo R1800 Ink Jet Printer (C11C589011),29,[],[],"[1256, 1301, 1073]"
437,1646,Brother MFC-7820N 5-in-1 Network Monochrome Laser Multifunction Center,0,"[1429, 151, 917, 870, 2010, 718, 1157, 1431, 86, 899, 1108, 1483, 1417, 1432, 705, 1033, 2349, 1922, 737]","[151, 1417, 917, 737]",[]
438,2130,Brother PC501 PPF Print Cartridge - 150 Pages - Retail Packaging,28,[],[636],"[541, 706, 38, 1595, 1505, 1509, 151, 772, 49, 439, 494, 2088, 407, 1103, 636, 142, 2087, 1944, 1807, 1322, 2015, 648, 1178, 1988, 484, 769, 730, 1976, 1852, 508, 737]"
439,2131,mVox USB Speakerphone,37,[],[],[656]
440,1647,Howard Leight LL1 Laser Lite Earplugs no Cords (200 ct),28,[],[],"[1396, 1595, 1134, 484]"
441,1483,Brother IntelliFax 2820 Laser Fax Machine and Copier,17,[],"[151, 737]","[1417, 1591, 1975, 1178, 1103, 1593, 1933, 1955, 1988, 705, 636, 2284, 2217, 769, 736, 151, 737]"
442,2132,"Sakura Gelly Roll Pens - Set of 10 Metallic Colors, Gelly Roll Pen",39,"[568, 2198, 389, 2250, 545, 957, 1511, 2323, 1902, 1692, 678, 280, 1670]",[],"[568, 2198, 2250, 957, 1511, 2323, 1902, 678, 1670]"
443,2133,Staedtler Battery Operated Eraser,39,"[1672, 1053]",[],"[1643, 1010, 1672, 753, 1351, 2375, 654, 1233, 1814]"
444,1484,"Pilot Dr. Grip Center of Gravity Ballpoint Ink Refill, 2-Pack, Medium Point, Black Ink (77271)",39,"[1621, 1365, 818, 573, 1688]",[],"[1450, 1621, 407, 818, 1365, 859, 1636, 573, 1109, 49, 1357, 589]"
445,539,"Pilot Varsity Disposable Fountain Pens, 7-Pack Pouch, Assorted Color Inks (90029)",39,"[708, 1263, 1020, 891, 1332]",[],"[799, 708, 1263, 894, 1903, 1020, 2327, 1340, 891, 1701, 965, 1529, 1332, 1383, 1167]"
446,250,"Pilot G2 Retractable Premium Gel Ink Roller Ball Pens, Fine Point, Assorted Colors,  8 Pack (31128)",39,"[1221, 1165, 678, 505, 34, 53, 206, 1688, 1134, 799, 1481, 1347, 1949, 1903, 1365, 859, 1692, 573, 243, 2273, 1336]",[],"[1050, 903, 215, 1228, 23, 1464, 1150, 505, 89, 34, 53, 206, 1704, 1969, 2386, 1134, 2359, 1481, 1925, 1949, 859, 1365, 1636, 573, 890, 2058, 2350, 842, 1624, 243, 800, 865, 484, 2261, 2168, 557, 1755, 589]"
447,1141,"Columbian CO142 (#10) 4-1/8x9-1/2-Inch Grip-Seal Security Tinted White Envelopes, 45 Count",16,"[2186, 1462, 1952, 946, 734, 1394, 407, 1160, 1, 19, 2101, 1509, 49]",[],"[1952, 1160, 361, 2028, 447, 963, 1509, 49, 1628, 494, 378, 407, 633, 1260, 966, 2087, 587, 1944, 1807, 1394, 859, 699, 2325, 1322, 1812, 220, 1048, 2237, 484, 19, 1921, 736, 1139, 263, 1336, 139]"
448,576,Stanley Bostitch QuietSharp Executive Electric Pencil Sharpener (EPS8HD-BLK),39,"[591, 847, 371, 517, 1300, 2153, 653, 684, 387, 506, 861, 575, 610, 637, 1497, 278, 662, 687, 1917, 878, 888, 337, 523, 756, 287]",[],"[1980, 903, 115, 1390, 1082, 774, 963, 590, 506, 494, 1473, 378, 575, 139, 505, 1460, 1662, 1663, 2386, 1807, 2325, 890, 1637, 421, 1135, 800, 484, 1648, 2168, 1676]"
449,1648,"Paper Mate 70521 Pink Pearl Premium Erasers, Large 12-Pack",39,"[2359, 1980, 1135, 903, 505, 243, 800, 1082, 774, 890, 238, 2168, 2386, 1367, 1811, 1464, 2078]",[],"[1980, 903, 774, 1367, 1464, 494, 505, 1662, 1663, 2386, 2078, 1134, 2359, 1481, 238, 1624, 1135, 243, 800, 865, 484, 769, 2168, 557, 1755, 1559]"
450,2134,"Royal Sovereign Assorted Coin Preformed Wrappers, 216 Count (FSW-216N)",19,[],[],[2167]
451,1004,HP LaserJet 1020 Printer (Q5911A#ABA),29,[],"[772, 1844]","[1898, 948, 1844, 754, 772]"
452,1649,Epson PictureMate Deluxe Viewer Edition Photo Printer,29,[],[1829],"[2117, 1829]"
453,19,"Scotch Magic Tape , 3/4 x 300 Inches, 3 Pack  (3105)",35,"[903, 2057, 115, 963, 49, 494, 378, 24, 505, 2397, 1466, 1969, 966, 1357, 587, 1944, 1134, 699, 890, 846, 220, 2381, 1624, 1048, 243, 800, 484, 2168, 551, 263, 454, 139]",[],"[1050, 903, 115, 1141, 1082, 1228, 1509, 49, 1464, 494, 378, 505, 34, 633, 1260, 1969, 2386, 966, 2078, 1134, 587, 1807, 859, 699, 890, 220, 1624, 1743, 2222, 243, 800, 484, 2168, 1921, 263, 1755, 139]"
454,1650,"Baumgartens Letter Opener/Envelope Slitter, Assorted Colors. Model # 67130 (Sold Singly)",10,"[2239, 735, 1639, 633, 1839, 1391]",[],"[2239, 1676, 115, 361, 963, 49, 494, 378, 1473, 505, 407, 633, 966, 1635, 1357, 587, 2078, 1807, 1639, 699, 2325, 1583, 850, 1264, 1370, 421, 1235, 1322, 2099, 1391, 735, 1839, 2237, 484, 2116, 1234, 769, 1343, 736, 2214, 589, 139]"
455,1844,"Compatible HP Q2612X (AI-2612X) High-Capacity Toner Cartridge (HP 12X) for the HP LaserJet 1012/1018/1020/1022/1022N/1022NW/3050/M1319F printers, 3,000 Page-Yield, Black.",28,[],[],"[1713, 1190, 1591, 1004, 2088, 1751, 819, 1317, 151, 1933, 2032, 1033, 421, 1322, 772, 966, 49, 1676]"
456,1651,Samsung ML-2510 Monochrome Laser Printer,29,"[1898, 1591, 870, 2154, 1125, 995, 86, 2243, 899, 1046, 1030, 754, 923, 606, 1120, 921]",[2154],[]
457,1845,Dymo LabelWriter 400 Label Printer (69100),24,"[1834, 401, 1295, 253, 38, 1426, 1276, 898, 1206, 1794, 550, 1420, 2278, 912, 2289, 1138, 1796, 71]",[],"[1276, 2278, 1206]"
458,849,"Duck Brand Standard Grade Packaging Tape, 1.88 Inches x 54.6 Yards, Clear (901332)",16,"[2252, 1467, 60, 185, 220, 2346, 171, 47, 543, 1331, 1232, 1011, 1274, 254, 1881, 852, 48]",[],"[1863, 1379, 1232, 1881, 852, 1889, 449, 1088, 1422, 1009, 254, 587, 2097, 939, 171, 1274, 220, 2170, 351, 47, 543, 484, 1905, 1247, 139]"
459,1485,HP Color LaserJet 2600n Printer (Q6455A#ABA),29,[],[],[]
460,1486,Canon 0307B001 CanoScan LiDE 25 Color Image Scanner,30,"[1718, 477, 743, 470, 1435, 866, 1734, 307, 1476, 1101, 1981, 860, 814, 1374]","[814, 477]",[]
461,1487,"PaperPro Desktop Stapler, Black/Gray (1100)",31,"[1813, 124, 590, 244, 365, 378, 245, 285, 403, 1704, 1056, 820, 944, 348, 1910, 735, 773, 1921, 303, 1335, 139]",[],"[516, 1317, 361, 151, 494, 365, 378, 1473, 2088, 633, 245, 285, 966, 1635, 1357, 109, 587, 1134, 998, 1159, 1008, 699, 1933, 2325, 1583, 1264, 1370, 846, 421, 1322, 735, 214, 773, 484, 2116, 1234, 769, 1921, 736, 850]"
462,1846,Dymo LabelWriter Twin Turbo (69115),24,"[253, 1276, 1206, 1794, 2278, 912, 2289, 1796]",[],[]
463,1229,HP 21 C9351AN#140 Ink Cartridge in Retail Packaging-Black,28,[],"[1505, 950, 895]","[717, 1914, 895, 447, 1505, 1882, 1014, 978, 950, 1076, 1079, 2121, 887, 1253, 1077, 1255, 1775, 1640, 2056, 1671, 2122, 648, 1369, 1612]"
464,950,HP 22 C9352AN#140 Tri-Color Ink Cartridge in Retail Packaging,28,[],"[1882, 1505, 1070, 895]","[1882, 642, 541, 1070, 1014, 2121, 887, 648, 946, 1229, 1077, 1914, 895, 1640, 447, 1079, 1505, 1507]"
465,1847,Late Registration,0,[],[],[]
466,419,"3M Tilt-Adjustable Mouse Pad and Gel Wrist Pad, Antimicrobial Product Protection (WR421LE)",11,"[2241, 59, 1798, 268, 409, 798, 835, 1320, 422, 155, 1361, 1795, 2211, 1861]",[],"[155, 59, 409]"
467,409,"3M Tilt-Adjustable Gel Wrist Rest Platform, Antimicrobial Product Protection (WR420LE)",11,"[499, 2054, 419, 59, 904, 1797, 2238, 448, 835, 2211]",[],"[419, 1591, 59, 1460, 835, 1479]"
468,1230,Canon PG-40 Black Ink Cartridge,28,[],"[2173, 2151, 1354, 951]","[1851, 474, 2173, 196, 959, 1992, 1354, 2174, 692, 2151, 447, 430, 2354, 496, 49, 615, 951]"
469,224,Canon PIXMA CLI-8Bk Ink Tank-Black,28,[],"[673, 679]","[168, 1006, 649, 1625, 770, 1436, 679, 561, 1568, 444, 673, 826, 421, 187]"
470,951,Canon CL-41 Color FINE Ink Cartridge,28,[],"[1851, 2173, 2151, 2174]","[1851, 474, 2173, 1752, 1354, 2174, 19, 112, 496, 1230]"
471,1488,Casio Advanced Scientific Calculator with 2-Line Natural Textbook Display (FX-115ES),4,[],"[1185, 1590]","[23, 1185, 2393, 599, 1590, 1541, 1633, 1760, 1134]"
472,952,"HP Advanced Photo Paper, Glossy (100 Sheets, 4 x 6 Inches, borderless)",25,"[1493, 1783, 770, 549, 1630]",[],"[706, 541, 1783, 717, 1914, 447, 1161, 1748, 49, 804, 1531, 978, 1252, 2038, 747, 1079, 724, 1427, 2121, 1549, 1993, 1255, 770, 1630, 1897, 2392, 1111, 761, 1612]"
473,1341,HP Photosmart 8250 Printer (Q3470A#ABA),29,"[694, 458, 905, 1407, 2038, 1708, 961, 724, 1180, 1858, 1549, 1019, 778, 2018, 369, 1444, 868, 1897, 1410, 761, 1490, 459]","[1897, 2038]",[]
474,892,Fellowes Cosmic 9.5 Inch Laminator (5206801),27,"[1609, 664, 137, 383, 511, 94, 1742, 635, 676, 1364, 677, 703, 602, 194, 2205, 71, 1285, 908, 437, 760]",[],[]
475,1848,Epson Perfection 4490 Photo Scanner,30,"[1718, 743, 470, 857, 866, 307, 750, 1732, 709, 2156, 1116, 954, 1073, 477, 1435, 1476, 1101, 1298, 1982, 860, 814]",[866],[]
476,1005,Stack-On DS-18 18 Drawer Storage Cabinet,2,[],[],[]
477,1489,Neo-Flex LCD Arm,11,[],[],"[1023, 740, 1895, 1584]"
478,1849,"Prismacolor Verithin Colored Pencils,  Set of 24 Assorted Colors  (2427)",39,"[1010, 753, 1455, 1906, 999, 654, 1233, 1544, 1623, 1755]",[],"[1233, 1010, 1672, 753, 1455, 1906, 999, 2375, 678, 654, 1544, 1814, 1623, 1755]"
479,953,"TOPS 7500 Letr-Trim Perf-Top 5&quot; x 8&quot; White Pads, Jr. Legal Ruling, 50 Sheets/pad, 12 pack",11,"[494, 378, 1807, 1665, 484, 2116, 421, 1322, 966, 803, 1167]",[],"[516, 1804, 115, 1676, 361, 124, 963, 313, 1336, 1509, 49, 803, 494, 378, 2088, 505, 2102, 407, 633, 966, 2087, 1167, 1635, 587, 1134, 2078, 1807, 699, 2325, 1264, 421, 1322, 1212, 1641, 2237, 484, 2116, 769, 19, 736, 1713, 850, 139]"
480,1231,"Avery Internet Shipping Labels for Laser Printers with TrueBlock Technology, 5.5 x 8.5 Inches, White, Box of 200 (05126)",22,"[38, 460, 1379, 1800, 2289, 1421, 1562, 1625, 112, 1110, 1700, 109, 171, 83, 1418, 466, 68, 107, 2384, 915]",[],"[1467, 38, 1660, 1752, 460, 1659, 1379, 1222, 1800, 151, 49, 852, 1147, 1421, 439, 1889, 378, 449, 407, 1625, 1312, 958, 550, 1422, 112, 1009, 142, 2181, 1700, 109, 392, 249, 1068, 853, 939, 171, 1864, 86, 1274, 220, 47, 543, 484, 741, 547, 1865, 1905, 915]"
481,38,"Avery Shipping Labels with TrueBlock Technology, Inkjet Printers, 5.5 x 8.5 Inches, White, Pack of 50 (8126)",22,"[460, 1379, 1800, 1421, 449, 1562, 1097, 1625, 1312, 1765, 550, 112, 1110, 1231, 1700, 613, 83, 1418, 466, 1310, 68, 107, 1349, 741, 2384, 915]",[],"[1447, 320, 1660, 460, 1379, 1232, 49, 1147, 1421, 449, 2102, 2173, 1097, 1252, 1625, 1312, 1765, 958, 550, 1422, 112, 1231, 1009, 142, 1532, 109, 463, 1080, 853, 1658, 60, 171, 1008, 613, 2291, 75, 1274, 466, 220, 1310, 47, 1349, 543, 484, 547, 741, 1865, 578, 2319, 19, 915]"
482,1850,Epson T060120 DURABrite Ultra 60 Standard-capacity Inkjet Cartridge -Black,28,[],[1494],"[1543, 2088, 2130, 451, 959, 681, 1933, 1517, 1988, 484, 447, 151, 1494]"
483,1851,Canon CL-51 High-Capacity Color Ink Cartridge,28,[],"[1354, 1230, 951]","[474, 1354, 2151, 496, 1230, 951]"
484,2135,Canon PIXMA MP450 All-In-One Photo Printer,29,"[521, 1899, 1035, 1736, 951, 281, 1927, 1354, 2038, 555, 554, 430, 111, 2151, 542, 540, 452, 1230, 763, 719, 693, 1992, 692, 920]","[693, 692, 1230, 951]",[]
485,1852,Canon 104 Toner Cartridge - Black,28,[],[1377],"[1911, 1517, 1377, 2055, 2312, 151, 772, 49, 2102, 407, 1103, 1231, 1357, 1018, 109, 911, 1807, 699, 1933, 1066, 1506, 2325, 2271, 1264, 1322, 1432, 1178, 705, 692, 1988, 1234, 182, 737, 1676]"
486,1142,HP Officejet 5610 All-in-One Printer (Q7311A#ABA),29,[],"[950, 1070, 887]","[1882, 1070, 950, 887]"
487,1006,Canon PGI-5 Pigment Ink Tank-Black,28,[],"[673, 679, 224]","[269, 1952, 224, 1436, 679, 444, 673, 826, 187]"
488,2136,HP 88XL Officejet Ink Cartridge in Retail Packaging-Black,28,[],[],"[1585, 1267, 1517, 1508, 2055, 2312, 772, 49, 1076, 2121, 2376, 1933, 1316, 1444, 1775, 1640, 2392, 2122, 1715, 1000]"
489,1853,National Hardware V238 4&quot;  Kickdown Door Stops in White,20,[],[],"[2204, 1553, 2137]"
490,2137,National Hardware V338 6&quot; Super Wedge Door Stops in Gray,20,[],[],"[589, 1272, 49, 630, 1662, 1663, 1553, 1944, 850, 1015, 735, 536, 2204, 1396, 2116, 740, 1892, 736, 1713, 454, 139]"
491,2138,"Elmer's All-Purpose Glue Stick, Large, 0.77 oz, Single Stick (E515)",35,"[2359, 903, 243, 800, 774, 1504, 890, 2168, 2386, 1367, 1464]",[],"[903, 215, 1082, 774, 1204, 1367, 1464, 2386, 2359, 890, 2086, 1811, 1624, 1135, 243, 1504, 484, 2168, 1648]"
492,434,"Quartet Cork Bulletin Board, 17 x 23 Inches, Oak Finish Frame (35-380342Q)",26,"[158, 408, 341, 1419, 2245, 321]",[],"[1730, 361, 49, 494, 154, 745, 587, 736, 158, 421, 220, 1645, 843, 2237, 1419, 484, 1234, 223, 2214, 850]"
493,2139,Elmer's P9416 Ultimate High Performance Glue 8-Ounce,35,[],[],[]
494,2140,Master Magnetics #07019 1&quot;x10' Flex Magnet Tape,35,[],[],"[1770, 1350, 1328, 2370, 1662, 635, 1216, 1013, 587, 37, 1807, 894, 1446, 421, 1577, 908, 243, 1396, 484, 1448, 139]"
495,1342,Brother TN580 High Yield Toner Cartridge - Retail Packaging - Black,28,[],[151],"[1918, 1518, 1752, 1517, 2055, 151, 772, 917, 1557, 109, 1713, 1953, 1807, 1933, 1198, 86, 1264, 1322, 705, 1988, 2183, 1852, 1679, 737]"
496,1854,"Black Carbon Mill Finish Paper, 8-1/2 x 11-1/2, 10 Sheets",25,[],[],"[1695, 1322, 484, 2072]"
497,673,Canon PGI-5 BK 0628B009 2-Pack Pigment Black Ink Tanks,28,[],"[224, 1006, 679]","[1006, 649, 112, 224, 1381, 693, 1933, 1506, 2309, 237, 1436, 679, 444, 151, 49, 826]"
498,1064,"Quartet Matrix Magnetic Modular Whiteboards, 34 Inches x 23 Inches, Silver Aluminum Frame (M3423)",26,"[1785, 1730, 582, 154, 223, 2357]",[],"[1785, 843, 1821, 1662, 1390, 1136, 1663, 2245, 5, 1443, 484, 154, 1217, 1013, 2370]"
499,1343,"Rolodex Mesh Collection 3-Tier Swivel Tower Sorter, Black (62533)",35,"[1398, 1473, 1615, 998, 1107, 1008, 1575, 361, 1675, 850, 2064, 1235, 1616, 587, 1694]",[],"[115, 361, 2064, 963, 494, 378, 630, 1473, 2372, 1575, 633, 745, 2078, 587, 1694, 1134, 1615, 998, 1008, 2325, 1675, 850, 2190, 846, 1235, 1616, 1322, 2099, 1743, 1107, 2333, 2237, 1321, 484, 2116, 736, 589, 139]"
500,1344,"Avery Pen Style HI-LITER, Assorted Colors, Pack of 6 (23565)",39,"[494, 1980, 505, 800, 1636, 2291, 2228, 1468, 53, 769, 1648, 2257, 1325, 1134, 1726, 2078]",[],"[1980, 516, 903, 115, 774, 1228, 1468, 1336, 1628, 49, 494, 378, 1473, 2088, 505, 1662, 407, 633, 53, 966, 2087, 1357, 587, 1134, 1713, 1481, 1807, 699, 890, 850, 1264, 1637, 421, 1322, 1540, 1135, 243, 800, 2237, 484, 2116, 769, 1648, 736, 2214, 557, 589, 2078]"
501,2141,Avery DVD Labels Matte White for Ink Jet Printers (8962),22,"[1653, 1634, 949, 1129]",[],"[1129, 949, 112]"
502,1490,HP Deskjet 6940 Color Printer (C8970A#B1H),29,[],"[1508, 2122, 1640, 1506]","[1113, 2122, 2166, 1506, 1508, 1640]"
503,1232,"Duck Brand Bubble Wrap Protective Packaging, 12-Inch Wide x 30-Feet Long, Single Roll (393251)",16,"[351, 1657, 939, 47, 1088, 342, 1881, 220, 2170]",[],"[1677, 1379, 342, 1720, 1889, 1881, 1331, 1011, 1312, 550, 1532, 60, 939, 466, 220, 2170, 351, 47, 1349, 484, 1865, 353, 9, 1247]"
504,327,"Bankers Box R-Kive Heavy-Duty Storage Boxes, Letter/Legal, Woodgrain, 12 Pack (00725)",23,"[651, 631, 623, 701, 342, 638, 1234, 353, 537, 672, 667, 732]",[],"[631, 49, 378, 1088, 109, 1807, 939, 638, 1370, 846, 421, 672, 1322, 428, 220, 732, 351, 47, 2082, 484, 1234, 736, 537, 2214]"
505,1652,"Quality Park Invitation Envelopes, #5.5, White, 4.375 x 5.75 inches,Box of 100 (36217)",16,"[946, 1739, 1611, 1516, 2094, 941, 1644, 2096, 2028, 1465, 960, 355]",[],"[1447, 946, 893, 460, 1763, 840, 2028, 1465, 49, 1611, 407, 2096, 2227, 960, 112, 109, 2381, 2094, 941, 1644, 484, 263]"
506,637,"Stanley Bostitch EPS12HC SuperPro 6 Commercial Pencil Sharpener, 7.5&quot;h x 9&quot;d x 5&quot;w, gray, 1 Unit",39,"[591, 847, 371, 517, 1300, 576, 653, 2153, 684, 387, 506, 861, 575, 610, 278, 662, 687, 878, 1917, 1199, 888, 337, 756, 287, 661]",[],"[735, 1980, 575, 944, 1135, 517, 1662, 1390, 337, 774, 800, 484, 1637, 1648]"
507,2142,"Polder 2-Step Designer Step Stool with Rail, Argento Silver and Black",8,[],[],[]
508,1233,"Prismacolor Premier Soft Core Colored Pencils, 72 Colored Pencils",39,"[1010, 753, 1455, 1849, 1906, 999, 654, 1544, 1623, 1755]",[],"[1010, 753, 1849, 1906, 999, 654, 1544, 1455, 1755]"
509,1143,"Avery Easy Load Top Loading Recycled Polypropylene Sheet Protectors, 100/box (75537)",1,"[2072, 20, 2005, 840, 235, 1617, 1401, 733, 1086, 82, 1472, 557]",[],"[516, 2072, 903, 115, 840, 1472, 1628, 49, 1309, 494, 378, 1740, 505, 89, 2005, 407, 1662, 1137, 633, 635, 1617, 1663, 2195, 112, 745, 2070, 966, 587, 2078, 2359, 699, 1264, 1086, 82, 421, 114, 1322, 1540, 243, 800, 47, 1396, 484, 2116, 733, 19, 736, 1139, 557, 589, 139]"
510,701,"Bankers Box Stor/Drawer Steel Plus Storage Drawers,  Letter, 6 Pack (00311)",23,"[651, 631, 327, 537, 342, 638, 1234, 353, 672, 667, 732]",[],"[736, 494, 505, 214, 1376, 1470, 1583, 484, 1234, 421, 2381, 1322, 1713, 587, 1676]"
511,638,"Bankers Box Stor/File Medium-Duty Storage Boxes, Letter/Legal, 12 Pack (00789)",23,"[651, 631, 327, 623, 701, 342, 537, 1234, 353, 672, 667, 732, 697]",[],"[516, 1676, 115, 631, 313, 1628, 49, 439, 494, 378, 1378, 407, 633, 966, 2087, 1357, 109, 587, 911, 1807, 699, 2325, 1264, 1370, 421, 672, 1322, 1212, 732, 47, 484, 2116, 1234, 769, 736, 537, 2214, 557, 1368, 589, 139]"
512,2143,Hallmark Blank Greeting Cards Half-fold Matte Premium 20 Count,25,"[1739, 1611, 893, 2094, 941, 1465, 355, 2000]",[],"[2094, 1465, 355]"
513,1007,Uniden TRU9485-2 5.8 GHz Digital Cordless Answering System with Dual Keypad and Extra Handset,37,[],[],[]
514,1345,Uniden TCX905 Accessory Handset and Charger with Call Waiting and Caller ID,37,[],[],"[1471, 710]"
515,850,"Rolodex Mesh Collection Jumbo Pencil Cup, Black (62557)",11,"[1398, 115, 361, 2064, 1473, 630, 378, 633, 587, 1694, 1615, 998, 1008, 1235, 1616, 1107, 2237, 1343, 139]",[],"[115, 361, 124, 2064, 963, 49, 494, 378, 630, 1473, 2088, 505, 1575, 633, 1260, 1969, 745, 966, 2087, 1635, 587, 1694, 1134, 2078, 1615, 1807, 998, 1008, 699, 1583, 1235, 1616, 1322, 2099, 1107, 2333, 2237, 484, 2116, 1343, 769, 1921, 19, 736, 557, 139]"
516,39,"Quartet 5001M EnduraGlide Chisel Tip Dry Erase Marker - 4 Pack, Assorted Colors",39,"[1770, 73, 2300, 1662, 414, 1663, 5, 1637, 1821, 1217, 546, 1013, 2370, 37, 173]",[],"[516, 1390, 361, 5, 124, 2370, 1464, 173, 845, 1473, 505, 1662, 414, 1663, 53, 1443, 1216, 1013, 37, 2300, 1637, 421, 484, 2116, 769, 733, 1821, 546]"
517,1491,"Vaultz A to Z CD and DVD Storage File Guides, 26 Guides per Box, Black (VZ01176)",18,[],[1638],"[1285, 1638, 1659]"
518,1653,Memorex Label Maker Expert Kit,24,[],"[2141, 1129, 949]","[1634, 2141, 1129, 949]"
519,1065,"Sharpie 37172 Ultra Fine Point Permanent Marker, Assorted Colors, 12-Pack",39,"[1350, 516, 1363, 188, 200, 845, 2395, 119, 53, 2231, 1215, 1216, 1352, 894, 859, 771, 1286, 2222, 484, 1724, 1061, 2233]",[],"[1350, 516, 438, 903, 1165, 188, 1363, 654, 200, 1628, 49, 845, 1826, 1150, 575, 2395, 1329, 505, 34, 1662, 119, 53, 1663, 1216, 1215, 1018, 1134, 1352, 1925, 894, 859, 771, 890, 2374, 1286, 1624, 941, 484, 2116, 1724, 1921, 19, 1061, 2078]"
520,1346,"Elmer's No-Wrinkle Rubber Cement, 8 Ounces, Clear (231)",35,[1528],[],"[592, 1135, 2057, 1212, 941, 800, 1644, 1528, 263, 484, 2168, 551, 795, 1969, 19, 1367, 1216, 220]"
521,1066,"Hammermill Laser Print Copy/Laser Paper, 98 Brightness, 24lb, Letter Size (8.5 x 11), White, 500 Sheets (10460-4)",25,"[938, 1819, 1257, 1058, 2202, 1461, 2161, 447, 1222, 49, 947]",[],"[1918, 840, 1461, 2050, 2161, 447, 1222, 151, 947, 49, 494, 378, 407, 633, 206, 2202, 2043, 1357, 109, 392, 587, 718, 1457, 1819, 699, 2325, 86, 421, 1212, 220, 938, 773, 484, 19, 1368, 139]"
522,1492,Canon imageCLASS MF3240 Monochrome Laser All-in-One Printer,0,"[1311, 1439, 1271, 791, 1709, 1377, 1191, 319, 917, 991, 2010, 718, 1412, 1431, 1444, 86, 1039, 1043, 1417, 1432, 1033, 1852]",[],[]
523,1855,Canon Pixma MP830 Office All-In-One Inkjet Printer (0583B002),0,"[569, 521, 1408, 1439, 1899, 1035, 1836, 1705, 583, 529, 927, 679, 1983, 1069, 688, 507, 224, 862, 2159, 555, 519, 673, 430, 714, 1006, 1444, 512, 1766, 446, 542, 2337, 540, 187, 452, 1685, 514, 79, 1381, 626, 2309, 920, 981, 58]","[187, 2309]",[]
524,1654,Lucky Line 81101 Key Ring,19,[],[],[]
525,2144,Panasonic KX-TG5632M 5.8 GHz FHSS GigaRange  Digital Cordless Answering System with Dual Handsets,37,"[1040, 1399, 2027, 1106, 1242, 985, 1299, 412, 580, 2307]","[580, 412, 1299]",[]
526,1856,Brother MFC-8860DN Flatbed Laser All-in-One Printer with Duplex,29,"[1439, 560, 1593, 1429, 2050, 2272, 917, 1793, 2332, 2010, 991, 1303, 718, 1157, 1342, 1431, 1108, 1417, 1432, 1033]",[1342],[]
527,893,"Wausau Paper Index Card Stock, 92 Brightness, 110 lb, Letter, White, 250 Sheets per Pack (49411)",25,"[941, 1644, 2161, 447, 2148]",[],"[946, 1390, 267, 1528, 273, 840, 2161, 447, 1222, 49, 1697, 494, 1137, 407, 635, 2227, 960, 112, 142, 2202, 109, 2219, 393, 699, 1066, 421, 1322, 908, 1928, 800, 941, 1644, 484, 1713, 2148, 263, 915, 665]"
528,549,"Canon Photo Paper Glossy, 4 x 6 Inches, 100 Sheets (0775B022)",25,"[1493, 952, 747, 770, 1224]",[],"[1493, 1035, 1736, 447, 444, 530, 49, 615, 951, 224, 952, 2173, 281, 747, 980, 430, 2405, 496, 369, 770, 446, 1568, 1200, 187, 1630, 649, 514, 693, 1779, 1436, 826]"
529,1493,"Kodak Glossy Photo Paper, 8.5 x 11 Inches, 100 Sheets per Pack (8209017)",25,[],[770],"[541, 1783, 2014, 267, 840, 1401, 447, 49, 615, 1697, 978, 952, 281, 2003, 810, 1225, 1437, 1995, 237, 770, 421, 187, 1630, 1100, 693, 1099, 1436, 1448, 1368]"
530,954,Epson B11B178011 Perfection V700 Photo Scanner,30,[],"[866, 1435]","[2332, 786, 866, 1975, 1301, 1298, 232, 2292]"
531,2145,"Targus 2.4 GHz Wireless Laser Presentation Remote, Range up to 30 Feet AMP03US (Black)",27,[],[518],"[518, 955]"
532,1067,HP Officejet 6310 All-in-One Printer,0,[],"[1876, 2179]","[1876, 2179]"
533,2146,"BIC Great Erase Grip Low Odor Dry Erase Marker, Fine Point, Assorted, 36 Dry Erase Markers",39,"[1770, 201, 438, 843, 2300, 1662, 1663, 5, 1637, 2168, 1821, 1013, 2370, 37]",[],"[1980, 903, 1390, 774, 840, 5, 49, 2370, 494, 505, 1662, 1663, 2386, 745, 1013, 37, 178, 890, 421, 1322, 243, 800, 484, 2116, 769, 2168, 1821, 1966, 1713, 557, 139]"
534,1144,WOW!PAD LFR48 11.5&quot; x 12.5&quot; Graphite Large Format Mouse Pad,11,[],[],[155]
535,2147,Fujitsu ScanSnap S500 Clr 18PPM/36IPM Dupl Scanner,30,"[866, 969, 2404, 1416, 2367, 1016, 1177, 2406, 1430, 1042, 1307, 232, 411, 1442, 751, 477, 786, 1115, 2201, 1305, 2379, 1101, 860, 1771]","[786, 2406, 1042]",[]
536,2148,"Neenah Exact Index Cardstock , 110 lb, 8.5 x 11 Inches, 5 Color Pastel Assortment, 250 Sheets (48990)",25,"[893, 941, 1644, 2161]",[],"[946, 893, 267, 49, 1697, 494, 1137, 94, 635, 112, 1208, 1352, 1086, 421, 941, 800, 1644, 484, 1648, 263, 665]"
537,1347,"uni-ball 207 Retractable Medium-Point Gel Pens, 8 Colored Ink Pens (40110)",39,"[1221, 34, 1903, 674, 1692, 2090, 116, 105, 1534]",[],"[1670, 361, 1363, 1628, 105, 845, 2023, 34, 633, 2012, 53, 1167, 1726, 799, 2084, 1903, 674, 1692, 2228, 1979, 116, 1322, 484, 2090, 2261, 2116, 589]"
538,674,"uni-ball Signo Gel 207 Retractable Roller Ball Pen, Medium Point, Translucent Barrel, Black Ink, 12-Pack (33950)",39,"[1804, 1347, 2089, 1692, 2090, 1534]",[],"[516, 115, 361, 963, 590, 1628, 49, 494, 378, 1473, 407, 1729, 966, 1635, 1167, 109, 587, 1694, 2078, 1481, 1807, 1347, 1008, 699, 1692, 2291, 1951, 850, 1322, 1212, 1218, 2237, 773, 484, 2090, 2116, 769, 1921, 736, 1368, 589, 139]"
539,85,Avery Nonstick Heavy-Duty EZD Reference View 2 Inch White Binder (79192),1,"[840, 2195, 1139, 557, 1309]",[],"[1676, 115, 840, 1401, 1472, 49, 1309, 494, 378, 505, 2005, 407, 633, 2195, 966, 2078, 587, 1134, 2325, 850, 1264, 1370, 1086, 421, 114, 1322, 214, 484, 2116, 1234, 733, 736, 557, 589, 139]"
540,1655,Brother PT-2700 Desktop Labeling System (Silver/Black),24,"[1285, 1127, 103, 1105, 108, 851, 296, 1964, 1420, 1355, 1577, 1170, 405, 1602]",[],"[1577, 1355]"
541,851,Brother PT-80 P-touch Electronic Labeling System,24,"[1285, 1127, 103, 108, 1105, 2165, 296, 1074, 1964, 1602, 1170, 71]",[],"[745, 1074, 1211, 2165]"
542,1857,"Verbatim HP C9730A Remanufactured Toner Cartridge for 5500, 5550 Series, Black 95351",28,[],[],[]
543,1656,"HP Color Inkjet Paper, 24 Pound, Uncoated, 96-Plus Brightness, 8.5 x 11 Inches, 400 Sheets (202040)",25,"[1783, 2161, 447, 444, 49, 378, 1610, 673, 2202, 111, 2043, 1819, 1066, 86, 770, 1582, 938, 1257, 1436, 58, 826, 557, 947]",[],"[1531, 1783, 1257, 1111, 1610, 1055, 1436, 447, 19, 444]"
544,1858,"HP Photosmart C3180 All-in-One Printer, Scanner, and Copier",24,[],"[1875, 1240]","[1875, 1240]"
545,2149,"Obus Forme Ergonomic Seat, Navy",20,[],[],[]
546,1859,Lapinator Plus! with Mousitizer Mouse Pad - Block the heat!,11,"[971, 1967, 647, 867, 1984]",[],[]
547,1348,Neo-Flex LCD Stand,11,[],[],"[1588, 786, 86, 740, 1478, 1023, 1479]"
548,1234,"Bankers Box Stor/File Storage Box with Lift-Off Lid, Letter/Legal, 12 x 10 x 15 Inches, White, 12 Pack (00703)",23,"[651, 1807, 631, 327, 701, 342, 638, 537, 353, 421, 672, 667, 732]",[],"[1676, 115, 1376, 840, 124, 151, 49, 1309, 494, 378, 1378, 1473, 2088, 2102, 356, 966, 2087, 587, 1713, 1807, 699, 2325, 1583, 1264, 114, 421, 1322, 2170, 47, 214, 2082, 484, 2116, 769, 2214, 1247, 1368, 139]"
549,1860,Allsop Monitor Corner Stand Metal Art - Silver (29191),11,[],"[1479, 836]","[1398, 375, 836, 361, 2064, 2210, 1473, 1239, 1575, 1479, 587, 1008, 1358, 1616, 1107, 798, 1321, 740, 1821, 1217, 835, 850]"
550,1861,"Computer Mouse Wrist Cushion, Gray",11,"[499, 59, 2238, 1361, 835, 2211]",[],"[1962, 834, 536, 1090, 704, 836, 2116, 740, 155, 1580, 835, 1479, 2211, 850, 1614]"
551,955,Kensington 33374 Wireless Presenter with Laser Pointer,27,[],"[518, 527]","[527, 2332, 518, 740, 835]"
552,2151,Canon 0615B009 PG-40/CL-41 Cartridges and Glossy Photo Paper Combo Pack,28,[],"[1992, 1354, 1230, 951]","[642, 693, 1992, 1354, 770, 447, 49, 1230, 951]"
553,2150,Canon 4479A292 BCI-3e/BCI-6 Cartridges and Glossy Photo Paper Combo Pack,28,[],[],"[1874, 937, 237, 1436, 561, 444, 673, 826, 951]"
554,1494,Epson Stylus C88+ Color Inkjet Printer (C11C617121),29,[],"[281, 1850, 1262]","[79, 1642, 959, 694, 1262, 1850]"
555,956,UltraShip 55 lb. Digital Postal Shipping &amp; Kitchen Scale,16,"[1310, 449, 1566, 1294, 1097, 613, 1149, 1765, 547, 1608, 967]",[],[]
556,1495,"Anji Mountain AMB24008 Bamboo Roll-Up Chairmat with Lip, Natural, 55-Inch by 57-Inch",20,"[762, 1027, 1012, 1395]",[],[]
557,1496,HP 12CP Financial Calculator,0,[],"[1445, 886]","[1445, 2112]"
558,493,"Pentel Graph Gear 1000 Automatic Drafting Pencil, 0.5mm Lead Size, Brushed Metal Barrel, 1 Each (PG1015A)",39,"[1512, 2009, 1729, 23, 1678, 848]",[],"[2301, 1683, 1643, 1512, 1942, 2009, 2076, 23, 1678, 907, 1731, 848, 2098, 1053, 2339]"
559,738,"Snap-N-Store Large Storage Box, 9.625 x 14 x 13.75 Inches, Black (SNS01500)",23,"[736, 537, 1234, 421, 1060, 1556, 1950]",[],"[1398, 1241, 1676, 115, 361, 1401, 625, 124, 1556, 49, 1937, 378, 1575, 633, 1060, 745, 1615, 1807, 1638, 421, 220, 71, 1950, 488, 484, 1164, 736, 557, 1523, 850, 139]"
560,1235,"Sparco 90206 3-Tier Steel Mesh Desk Tray, Black",11,"[1615, 2065, 998, 1107, 2333, 1008, 361, 1343, 2064, 1616, 745, 850]",[],"[1398, 115, 361, 124, 2064, 963, 49, 494, 834, 630, 378, 1473, 2088, 1555, 1575, 633, 1260, 745, 1013, 2087, 966, 587, 1694, 1134, 2078, 1615, 1807, 998, 1008, 699, 2325, 1583, 1675, 850, 421, 1322, 1616, 2099, 2065, 1107, 2237, 1419, 484, 2116, 1321, 1343, 769, 1396, 736, 19, 589, 139]"
561,1862,"Pilot G2 Mini Retractable Gel Ink Rolling Ball Pens, Fine Point, 4-Pack, Assorted Color Inks (31203)",39,"[2244, 573, 2273, 1365]",[],"[1365, 699, 23, 573, 2228, 484, 1212, 803, 589]"
562,2152,"Brother Innobella LC51BK Ink Cartridge, 500 Page Yield, Black",28,[],[2178],"[2376, 1103, 2178, 1517, 705, 865, 1470, 1076, 1505, 151, 2380, 49, 737]"
563,773,"PaperPro Prodigy Stapler, Black/Silver (1110)",31,"[1813, 124, 590, 244, 365, 378, 164, 245, 285, 403, 1704, 1056, 611, 344, 820, 944, 348, 1910, 735, 1218, 1921, 303, 1335, 139]",[],"[361, 501, 963, 590, 151, 244, 494, 365, 378, 1473, 575, 633, 245, 285, 966, 1357, 587, 911, 1807, 2291, 1583, 1264, 421, 1616, 1322, 140, 735, 1218, 2237, 484, 2116, 1234, 1343, 769, 1921, 736, 850, 1676]"
564,1657,3/16&quot; x 175ft x 12&quot; BUBBLE WRAP ROLL * SMALL BUBBLES,16,"[939, 1088, 2246, 1232, 2170, 1889, 1360]",[],"[1068, 1889, 939, 47, 1088, 543, 1659, 1379, 2246, 1274, 958, 1422, 466, 1009, 1881, 220, 1360]"
565,1863,36 rolls 2&quot; x 110 yds * TOP QUALITY sealing tape 2X110,16,"[2097, 171, 2346, 47, 852, 1088, 543, 1274, 254]",[],"[1068, 494, 1562, 2088, 1676, 819, 1088, 543, 1659, 1331, 1149, 484, 958, 550, 1812, 1700, 1018, 1934]"
566,1349,25 #000 4x8 KRAFT BUBBLE MAILERS PADDED ENVELOPES 4 x 8,16,[],"[1312, 741]","[38, 1660, 1379, 1232, 49, 1421, 449, 1097, 1625, 1312, 958, 550, 1009, 1231, 2334, 1532, 853, 1658, 1807, 1394, 1276, 613, 846, 466, 220, 1310, 47, 543, 484, 741, 547, 1865, 915]"
567,1658,California Office Supply- 50 #5 10.5x16 KRAFT BUBBLE MAILERS PADDED ENVELOPES #5,16,"[1068, 853, 1864, 1349, 1659, 1312, 1865, 741, 958, 550, 2334, 1009, 2181, 1532, 466]",[],"[38, 1660, 1659, 1379, 1889, 49, 1147, 449, 1562, 407, 1088, 1312, 958, 550, 1110, 1009, 2334, 2181, 1700, 1532, 1068, 853, 939, 171, 613, 1274, 1418, 466, 220, 1310, 47, 1349, 543, 1865, 741, 915]"
568,1068,"Ecolite #2 8.5x12 Kraft Bubble Mailers Padded Envelopes, Pack of 100",16,"[853, 1658, 1864, 1349, 1659, 1312, 1865, 741, 550, 1009, 2334, 1532, 2181]",[],"[1863, 1294, 1659, 1379, 49, 1562, 1088, 1312, 958, 550, 1422, 1231, 1110, 1009, 2181, 1700, 1018, 1357, 853, 1658, 1864, 171, 1418, 466, 47, 543, 1349, 547, 741, 915]"
569,1659,"Ecolite Kraft Bubble Mailer, #0, 6.5&quot; x 9&quot;, Pack of 250",16,"[1068, 853, 1864, 1349, 1312, 1865, 741, 2334, 2181]",[],"[1863, 1379, 2289, 1421, 1562, 1088, 1312, 958, 550, 1009, 1110, 2334, 1231, 1700, 2181, 1068, 853, 1658, 466, 47, 543, 741, 915]"
570,1865,50 #0 6x10 &quot;ValueMailers Brand&quot; POLY BUBBLE MAILERS PADDED ENVELOPES,16,"[1068, 853, 1660, 1498, 1864, 1349, 1659, 1379, 1312, 741, 550, 466, 2334, 1532, 1147]",[],"[38, 1660, 1379, 1232, 49, 1147, 1421, 449, 1498, 1312, 1765, 958, 550, 112, 1009, 1231, 2334, 1532, 1700, 853, 1864, 171, 613, 466, 220, 1310, 47, 1349, 543, 741, 915]"
571,1864,100 - #0 - 6x10 POLY BUBBLE MAILERS PADDED ENVELOPES,16,"[1068, 853, 1498, 1349, 1659, 1379, 1312, 1865, 741, 958, 550, 466, 1009, 2334, 1147]",[],"[1660, 1659, 1379, 1232, 1147, 1421, 1562, 1498, 1088, 1312, 1765, 958, 550, 1110, 2334, 1009, 1700, 1018, 1068, 853, 171, 1418, 466, 47, 1349, 543, 1865, 1905, 915]"
572,1350,"Sharpie 75846 Fine Point Permanent Marker, Assorted Colors, 24-Pack",39,"[845, 516, 1352, 2222, 2395, 200, 119, 53, 484, 1363, 188, 1724, 1216, 1061, 136, 1065]",[],"[2140, 516, 115, 1363, 188, 678, 845, 494, 2395, 34, 1662, 119, 53, 1663, 1969, 1216, 1215, 1134, 1453, 859, 771, 2228, 1637, 1695, 1065, 1346, 941, 800, 484, 1724, 1061, 136, 2257, 2078]"
573,2153,"Stanley Bostitch All Metal Antimicrobial 8-hole Manual Pencil Sharpener With Dual Cutters, Black (MPS1-BLK)",39,"[506, 591, 371, 575, 610, 517, 687, 888, 1917, 1300, 576, 756, 1084, 654, 637, 653, 278]",[],"[378, 1980, 1135, 903, 888, 1662, 800, 1082, 774, 698, 890, 1084, 1648, 2386, 557, 1464, 139]"
574,1236,"PaperPro Compact Stapler, Translucent Blue (1512)",31,"[115, 1813, 124, 590, 244, 365, 1473, 378, 245, 285, 403, 1260, 1704, 944, 348, 1910, 735, 773, 1921, 303, 1335, 139]",[],"[516, 361, 313, 1628, 49, 244, 494, 365, 378, 1473, 175, 2088, 407, 633, 245, 966, 2078, 1357, 587, 1134, 1807, 998, 699, 1583, 850, 1264, 421, 1322, 1812, 140, 1910, 735, 1107, 2333, 2237, 773, 484, 1333, 2116, 769, 1921, 736, 1713, 1976, 589, 1676]"
575,284,"Westcott Paper Trimmer With Titanium Bonded Cut And Score Blades, 12&quot;",10,"[592, 757, 605, 267, 578]",[],"[941, 1644, 267, 94, 635, 770, 1501, 82, 1695, 664, 1373, 263]"
576,852,"Duck Brand HD  Packaging Tape, 1.88 inch x 54.6 Yard, Crystal Clear, 6 Rolls (CS-55-6pk)",16,"[1863, 2097, 62, 939, 171, 47, 543, 1331, 1274, 2319, 260, 1881, 254, 220]",[],"[516, 1660, 1659, 1379, 1232, 963, 1881, 49, 494, 1657, 1498, 1466, 1088, 1331, 1312, 958, 1422, 112, 1231, 1009, 2087, 1357, 109, 1080, 853, 1807, 939, 171, 699, 1274, 466, 1212, 2170, 351, 47, 484, 1247, 915]"
577,1008,"Safco Products Onyx Mesh Desk Organizer, 2 Horizontal and 6 Upright Sections, Black, 3255BL",16,"[1398, 1615, 1107, 2333, 1575, 361, 1343, 2064, 1235, 1616, 745]",[],"[1398, 115, 361, 124, 2064, 963, 1628, 49, 494, 378, 630, 1473, 1575, 633, 2245, 745, 966, 587, 1134, 1694, 1615, 1807, 998, 1583, 1675, 850, 421, 1235, 1616, 1322, 2381, 1107, 2333, 2237, 1321, 484, 2116, 1343, 736, 557, 589, 139]"
578,1866,"Kidde AccessPoint 001413 KeySafe Original 2-Key Slimline Pushbutton Combination Key Box, White",19,[],[],[]
579,1069,Canon Pixma MP530 Office All-In-One Inkjet Photo Printer,0,"[569, 521, 1408, 1035, 1705, 1184, 679, 586, 1545, 688, 507, 224, 2159, 555, 519, 673, 430, 627, 1855, 1006, 297, 512, 1947, 1766, 2337, 446, 540, 187, 452, 1685, 514, 1381, 626, 2309, 1436, 459]","[673, 187, 2337]",[]
580,957,Sakura 38176 10-Piece Gelly Roll Assorted Colors Blister Card Moonlight Gel Ink Pen Set,25,"[2198, 389, 2250, 545, 1511, 2323, 1902, 1670, 678, 280, 2132]",[],"[2198, 2250, 545, 34, 1511, 1902, 1244, 1670, 188, 678, 659, 2132]"
581,1497,"X-Acto 16750 Battery-Powered Pencil Sharpener, Black",39,"[387, 506, 591, 575, 687, 517, 888, 1917, 878, 523, 1300, 576, 654, 653, 278, 1755]",[],"[1050, 1980, 903, 1676, 115, 1082, 774, 1300, 361, 654, 653, 49, 1464, 494, 378, 505, 34, 698, 2386, 278, 966, 1167, 1481, 1807, 699, 890, 850, 421, 1212, 1135, 843, 523, 800, 47, 484, 1343, 1648, 2214, 557, 589, 139]"
582,1867,"AT-A-GLANCE 2014 Monthly Planner, Blue, 9.5 x 11.38 x .25 Inches (7026020)",5,"[2410, 2317]",[],"[516, 1228, 840, 907, 1824, 1473, 494, 149, 206, 587, 1481, 1807, 699, 2411, 1107, 2410, 484, 2116, 1333, 733, 850]"
583,675,Canon Photo Paper Plus Semi-Gloss 13&quot; x 19&quot; (50 Sheets) (SG-201 13X19),25,"[567, 657, 369, 862, 770, 2405, 549]",[],"[2234, 927, 679, 586, 444, 224, 862, 627, 2405, 496, 567, 369, 770, 1817, 187, 514, 2396, 1436, 826, 549]"
584,1145,Fellowes 32177 Powershred PS-77Cs Shredder,24,"[1266, 581, 1245, 156, 532, 217, 625, 525, 622]","[156, 217, 196]",[]
585,2154,"Samsung ML-2010D3 Compatible Toner Cartridges (ML2010D3) for use with Samsung ML-2010, ML-2510, ML-2570, ML-2571N Printers - Black",28,[],[],"[908, 1190, 2356, 968, 819, 407, 1377, 484, 923, 151, 49, 1018]"
586,1146,"Scotch Aluminum Foil Tape 3311 Silver, 2 in x 10 yd 3.6 mil (Pack of 1)",35,[],[],[]
587,2155,Cisco Small Business PAP2T-NA Internet Phone Adapter with 2 VoIP Ports,37,[],"[528, 2030]",[528]
588,2156,Canon 1306B002 CanoScan 4400F Color Image Scanner,30,"[1718, 743, 857, 470, 866, 307, 825, 750, 1848, 709, 1116, 954, 2020, 1790, 477, 1435, 1476, 1101, 860, 814]","[814, 866, 477, 1435]",[]
589,1351,"Alvin &amp; Co. FC88 FRENCH CURVE SET, 8 piece set",14,[1559],[],[]
590,853,100 6x9 WHITE POLY MAILERS ENVELOPES BAGS 6x9,16,"[1068, 1660, 1498, 1864, 1349, 1659, 1379, 1312, 2227, 1865, 958, 550, 741, 466, 1009, 2334, 1147]",[],"[38, 1660, 1294, 1659, 1379, 1232, 2289, 1147, 1421, 449, 1498, 1097, 1312, 1765, 958, 550, 112, 1231, 1110, 142, 1009, 1700, 1018, 2334, 1276, 1864, 613, 1274, 1418, 466, 220, 1310, 2004, 47, 543, 1349, 1865, 741, 1905, 915]"
591,1009,100 12x15.5 WHITE POLY MAILERS ENVELOPES BAGS 12 x 15.5,16,"[1068, 853, 1658, 1660, 1498, 1349, 1379, 1312, 1865, 958, 550, 466, 2334, 1532, 1147]",[],"[1566, 38, 1660, 1379, 49, 1147, 2289, 1421, 1657, 449, 1498, 1088, 1312, 958, 550, 1231, 2334, 1700, 853, 1658, 466, 220, 47, 543, 1349, 1865, 741, 915]"
592,550,100 - 10x13 VALUEMAILERS POLY MAILERS ENVELOPES BAGS 10 x 13,16,"[1068, 853, 1658, 1660, 1498, 1864, 1349, 1379, 1312, 1865, 958, 466, 1009, 2334, 1532, 1147]",[],"[38, 1660, 1379, 1232, 2289, 1147, 1421, 449, 1562, 1498, 1097, 2320, 1625, 1312, 1765, 958, 112, 1009, 1231, 2334, 1532, 1700, 1068, 853, 1864, 613, 466, 220, 1310, 2004, 47, 1349, 543, 1865, 547, 915]"
593,1147,100 - 7.5x10.5 WHITE POLY MAILERS ENVELOPES BAGS,16,"[1068, 853, 1660, 1498, 1864, 1349, 1379, 1312, 1865, 958, 550, 466, 1009, 2334, 915, 1421]",[],"[38, 1660, 1379, 1232, 2289, 1421, 449, 1498, 1088, 1312, 1765, 958, 550, 1231, 1110, 1009, 2334, 1700, 1018, 853, 1864, 613, 1274, 1418, 466, 220, 1310, 47, 543, 1349, 1865, 547, 915]"
594,1498,200 6x9 WHITE POLY MAILERS ENVELOPES BAGS 6 x 9,16,"[1660, 1659, 1379, 1147, 1421, 1562, 958, 550, 1009, 2334, 1700, 1068, 853, 1864, 466, 1349, 1865, 741, 915]",[],"[1660, 1294, 1659, 1379, 1232, 2289, 1147, 1360, 1421, 449, 1562, 1088, 958, 550, 1009, 2334, 1700, 1018, 853, 1864, 613, 1418, 466, 47, 543, 1349, 1865, 915]"
595,1660,100 - 9x12 Light Grey POLY VALUEMAILERS MAILERS ENVELOPES BAGS,16,"[1068, 853, 1864, 1498, 1349, 1379, 1312, 1865, 958, 550, 915, 466, 1009, 2334, 1147, 1421]",[],"[38, 1379, 852, 1147, 2289, 1421, 449, 1562, 1498, 1097, 1312, 1765, 958, 550, 1231, 1009, 1700, 1018, 853, 1864, 613, 1274, 1418, 466, 220, 1310, 47, 543, 1349, 1865, 547, 915]"
596,958,100 14.5x19 POLY MAILERS ENVELOPES SHIPPING BAGS 14.5 x 19,16,"[1068, 853, 1658, 1660, 1498, 1379, 1312, 1865, 550, 466, 1009, 2334, 1532, 1147]",[],"[1863, 38, 1660, 1659, 1379, 1232, 2289, 1147, 1421, 449, 1498, 1088, 65, 1312, 550, 1009, 1231, 1700, 853, 1864, 613, 466, 220, 1310, 47, 543, 1865, 547, 915]"
597,1499,Luster Leaf Rapiclip 6-Inch Garden Plant Labels - 50 Pack 840,22,[],[],[]
598,2157,"Epson Stylus Color CX6000 All In One Printer, copier, scanner",24,"[110, 74, 179, 281, 959, 230, 761, 248, 1997, 58, 1282, 1567, 111, 187]","[959, 1997]",[]
599,959,Epson DURABrite T069520 Ultra 69 Standard-capacity Inkjet Cartridge Color Multipack -Cyan/Magenta/Yellow,28,[],[],[]
600,462,Magna Cart Personal Hand Truck,7,[],[],"[1232, 1321, 484, 263, 1668, 1881, 220, 2170, 850]"
601,702,"Sharpie Permanent Marker, Fine Point, Black, Pack of 5",39,"[1350, 516, 903, 1375, 1153, 1464, 845, 494, 378, 1329, 505, 34, 2085, 966, 1216, 1215, 1134, 1352, 859, 771, 890, 1322, 220, 1048, 243, 800, 769, 2116, 2168, 19, 1247, 2078]",[],"[1350, 516, 903, 774, 1228, 49, 1464, 845, 494, 378, 2088, 1329, 505, 633, 2386, 1216, 2087, 1635, 1215, 966, 1134, 587, 2078, 1352, 1807, 859, 771, 699, 890, 846, 1322, 1212, 1924, 220, 1624, 243, 800, 2237, 2116, 2261, 2168, 769, 19, 1247, 1336, 139]"
602,53,"Sharpie Accent Retractable Highlighters, Assorted, Fine Point, 8/Pack",39,"[1050, 903, 1228, 1363, 1150, 34, 206, 1134, 1726, 1481, 1925, 1636, 2291, 2228, 890, 1325, 243, 2257, 589, 2078]",[],"[1050, 903, 215, 1082, 774, 1228, 1165, 1363, 1336, 1472, 1628, 1464, 1371, 1150, 505, 34, 2012, 1663, 206, 2386, 2078, 1134, 1481, 1807, 1925, 1949, 894, 229, 1692, 2291, 2228, 890, 2374, 1624, 2222, 243, 1107, 800, 865, 484, 195, 2168, 557, 589, 1559]"
603,1352,Sharpie Permanent Marker Fine Tip 8 Pack,39,"[1350, 516, 1375, 1363, 188, 845, 2395, 34, 2085, 119, 1216, 1134, 859, 1065, 2222, 484, 1724, 19, 1061, 1247]",[],"[516, 903, 1082, 1468, 188, 1204, 795, 1758, 1628, 49, 1464, 845, 494, 378, 2088, 2395, 505, 2397, 34, 53, 1969, 2386, 1216, 2087, 966, 1134, 587, 1481, 998, 859, 890, 2350, 220, 1065, 1048, 243, 800, 484, 2116, 2168, 19, 1247, 1755, 1336, 2078]"
604,796,9970 Indoor Carpet Tape 1.88-Inches x 36-Yards,35,[],[],"[263, 1446]"
605,1868,Cotton Butcher's Twine - 185 feet,16,"[1763, 1892]",[],"[2397, 1763, 1892]"
606,1869,Casio Inc. HR-100TM Business Calculator,4,[],[1333],"[1398, 1317, 124, 963, 151, 49, 494, 378, 630, 1473, 2332, 407, 633, 1728, 1470, 745, 2087, 1357, 587, 1807, 699, 1583, 421, 1616, 1322, 2099, 2381, 2237, 484, 1333, 2116, 736, 1713, 1976, 850, 139]"
607,2158,Canon PIXMA iP4300 Photo Printer (1438B002),29,"[896, 1035, 694, 1736, 1830, 529, 679, 586, 862, 2159, 519, 673, 430, 627, 1822, 567, 369, 1766, 2337, 542, 187, 514, 716, 1381, 1301, 920, 1482, 1494]","[1381, 679, 673]",[]
608,1353,Epson T078120 Claria Hi-Definition 78 Standard-capacity Inkjet Cartridge -Black,28,[],[],"[615, 2392, 938, 960, 151, 1215, 508, 1796]"
609,1237,SP400 Smart-Pointer (Silver) 2.4Ghz RF Wireless Presenter with mouse function and laser pointer for Mac and PC,27,[],"[518, 1887, 955, 527]","[527, 955, 518]"
610,2159,Canon PIXMA MP600 All-in-One Photo Printer with Easy Scroll Wheel (1451B002),0,"[1408, 1035, 1705, 529, 927, 679, 586, 1069, 1545, 688, 507, 224, 1927, 862, 519, 555, 673, 430, 1855, 714, 1006, 369, 1947, 1766, 2337, 446, 542, 540, 187, 452, 1685, 514, 1381, 626, 2309, 920, 2158, 826]","[1381, 187, 679, 673]",[]
611,1238,"Fellowes P-57Cs, 8 Sheet Cross-Cut Shredder 3205701",24,"[1266, 581, 532, 156, 992, 217, 1245, 488, 1873, 625, 525, 622]","[156, 217, 196]",[]
612,1870,"CableWholesale RG6 Cable-Clip, White, 100 Pieces per Bag (200-961)",35,[],[],[]
613,1354,Canon 0615B013 PG-40 Black Twin Pack,28,[],"[1992, 1230, 2151, 951]","[1851, 1628, 2173, 407, 1008, 1992, 589, 2151, 49, 1368, 1230, 951]"
614,1661,"Paper Mate 70672 Write for Hope Retractable Ballpoint Pens, Black, 12-Pack",39,"[2366, 2372, 317]",[],"[2372, 317, 34, 1636, 1165, 1472, 1167, 1336]"
615,1871,Canon PC 170 Personal Copier,9,[],[1033],"[636, 1591]"
616,2160,"Boise OX-9001 X-9T Multipurpose Paper, 20-lb., 8-1/2 x 11, 5,000 Sheets/Carton",25,"[1582, 2102, 1058, 273, 447, 49, 1368, 487]",[],"[1918, 1676, 115, 151, 1628, 49, 494, 378, 2088, 505, 2102, 407, 633, 1297, 2101, 966, 2087, 1357, 1635, 587, 2078, 2376, 911, 1807, 699, 2325, 1583, 1264, 421, 1322, 1212, 1812, 1988, 484, 2116, 1234, 769, 736, 1713, 1368, 139]"
617,244,PaperPro 1210 Professional 65 Sheet Stapler,31,"[611, 365, 344, 1218, 164, 652, 2124, 245, 285, 773, 124, 1813, 590, 1921, 1869, 1335, 1910, 139]",[],"[735, 1807, 1245, 109, 2082, 633, 245, 285, 773, 1206, 1264, 769, 1921, 2116, 140, 587]"
618,420,"Fellowes Hot Laminating Pouches, Letter, 3 mil, 100 Pack (52454)",27,"[1699, 1098, 779, 1609, 383, 511, 94, 635, 676, 1364, 677, 1501, 1075, 2205, 2369, 908, 437, 901, 104, 25, 665]",[],"[728, 779, 439, 494, 1937, 383, 1081, 511, 1662, 635, 1206, 2202, 2278, 676, 109, 677, 354, 699, 602, 1264, 1637, 421, 1322, 908, 941, 800, 484, 2116, 104]"
619,47,"Scotch Heavy Duty Packaging Tape, 1.88 Inches x 800 Inches, 6 Rolls (142-6)",16,"[1863, 62, 1232, 1881, 852, 1712, 1331, 1011, 254, 60, 939, 171, 1274, 1265, 220, 2170, 543, 2319, 1247]",[],"[840, 1379, 1232, 1881, 49, 1421, 494, 1712, 1466, 1088, 1312, 112, 1231, 1357, 1807, 939, 171, 699, 466, 1322, 220, 2170, 484, 2116, 1234, 19, 9, 1217, 1905, 1713, 1247, 263, 454, 139]"
620,854,"Universal Shredder Lubricant Sheets, 8-1/2&quot; X 6&quot;, 36 Sheets/Pack",24,[],"[2047, 1109, 156]","[1266, 1029, 581, 525, 786, 1245, 156, 196, 217, 488, 1330, 1109, 1873, 1540]"
621,894,"Paper Mate Flair Point-Guard Porous Point Pens, 12 Colored Pens",39,"[845, 2084, 34, 1244, 2012, 53, 1286, 1165, 678, 1529, 1063, 200]",[],"[1050, 903, 361, 188, 1204, 1529, 1769, 1150, 34, 1662, 2012, 53, 2386, 1013, 1216, 1134, 1481, 2084, 1949, 229, 1925, 1917, 2228, 890, 1637, 116, 1063, 2374, 484, 195, 2261, 1648, 557]"
622,1662,"Expo Low Odor Chisel Tip Dry Erase Markers, 16 Colored Markers",39,"[1770, 1980, 1730, 1390, 774, 5, 2370, 845, 575, 1663, 1013, 37, 2300, 1136, 1637, 843, 800, 2168, 1648, 1821, 1217, 2078]",[],"[1350, 1980, 516, 903, 1217, 1730, 1390, 774, 5, 2370, 1464, 845, 575, 505, 34, 1663, 2386, 1216, 1013, 1807, 687, 894, 890, 238, 1637, 1135, 843, 243, 800, 484, 2116, 769, 1648, 1724, 1821, 2168, 2078]"
623,1500,Swingline Optima PowerEase Reduced Effort Stapler in Black (S7087850A),31,"[378, 124, 1704, 590, 139]",[],"[115, 361, 124, 590, 151, 494, 378, 1473, 633, 1704, 966, 587, 699, 1057, 1264, 421, 1322, 1540, 1218, 735, 484, 769, 1368]"
624,1663,"Expo Low Odor Dry Erase Pen Style Markers, 12 Colored Markers (86603)",39,"[1770, 201, 438, 843, 1730, 2300, 1662, 1390, 5, 1637, 2168, 1821, 1217, 1966, 1013, 2370, 37]",[],"[438, 903, 1730, 1390, 1082, 774, 372, 5, 1204, 1367, 1464, 845, 494, 505, 1662, 53, 1969, 2386, 1013, 2078, 1134, 2359, 178, 890, 2058, 1637, 1135, 843, 243, 800, 484, 2116, 1648, 2168, 1821, 223, 1966, 1755, 139]"
625,960,"Columbian CO468 Grip-Seal Invitation Envelopes A9, 5-3/4&quot; x 8-3/4&quot; - White (Box of 100)",16,"[946, 1516, 1644, 2096, 2028, 1465, 2227, 355, 1652]",[],"[1447, 541, 946, 893, 2028, 2161, 1465, 355, 1509, 49, 2186, 407, 1353, 133, 112, 142, 109, 75, 770, 1075, 1817, 1212, 1516, 941, 47, 1644]"
626,2161,Hammermill Color Copy 80 lb 8 1/2 x 11 Inch Photo White Cover Stock 250 Sheets (12002-3),25,"[1819, 893, 941, 1644, 2202, 1066, 1461, 1222]",[],"[1918, 516, 946, 893, 694, 1461, 963, 1222, 49, 407, 960, 2101, 2202, 1357, 587, 1925, 1819, 1066, 75, 770, 421, 1373, 941, 484, 263, 1934]"
627,1501,"Universal Clear Laminating Pouches, 4-3/8&quot; x 6-1/2&quot;, 100/Box (84680)",27,"[191, 1699, 1098, 1609, 1328, 1163, 664, 137, 94, 635, 1742, 1364, 1075, 2205, 2369, 908, 437, 2071, 901, 25, 665]",[],"[516, 1699, 267, 840, 1098, 1609, 1163, 664, 137, 94, 635, 1742, 284, 1364, 421, 1075, 1322, 1212, 2205, 194, 2369, 908, 437, 941, 901, 1644, 25, 454, 665]"
628,343,"Smead Recycled File Jackets, 2-Inch Expansion, Letter Size, Manila, 50 per Box (75470)",18,"[736, 1807, 54, 2083, 410, 1376, 2082, 435, 421, 1060, 1378, 1523, 1666]",[],"[1800, 1376, 421]"
629,1664,Canon Pixma Pro9000 Professional Large Format Inkjet Printer (9995A001),29,[],"[369, 862]","[2396, 224, 862, 770, 549]"
630,1502,Canon imageCLASS MF4150 Laser Duplex P/s/c/f 21PPM Adf,0,"[1439, 1911, 1709, 1377, 1191, 917, 2272, 2332, 991, 2010, 718, 1157, 1412, 297, 1431, 1417, 1432, 1033, 1852]","[1377, 991, 1432, 1431]",[]
631,855,"Derwent Lakeland Painting Pencils, Wallet, 24 Count (33255)",39,[],[],[]
632,1503,"Black n' Red Casebound Notebook, Ruled, 8.25 x 5.875 Inches, 96 Pages (192 Sides) (E66857)",25,"[2327, 1631, 1824]",[],"[708, 516, 1020, 2327, 891, 1332, 49, 1824, 494, 378, 1631, 1942, 505, 1133, 1297, 965, 1731, 1807, 2083, 859, 674, 1624, 484, 2116, 736]"
633,1872,"Dixon Ticonderoga Tri-Write Triangular Standard Size #2 Pencils, Box of 12, Yellow (13856)",39,"[2359, 903, 243, 800, 774, 1504, 698, 890, 2168, 2386, 1367, 1924, 1464]",[],"[2359, 1135, 215, 505, 243, 800, 1082, 774, 890, 698, 2168, 1969, 1367, 1924, 1755, 1464, 1134]"
634,1665,"Ampad Evidence Quad Dual-Pad, Quadrille Rule, Letter Size (8.5 x 11.75), White, 100 Sheets per Pad (20-210)",25,"[1803, 243, 1050]",[],"[1050, 516, 903, 215, 1082, 1468, 49, 1628, 1464, 1803, 505, 34, 206, 1969, 2386, 1134, 1481, 890, 2058, 1259, 1924, 1053, 1624, 243, 800, 484, 2168, 19, 557, 1755, 1559]"
635,676,Fellowes Saturn SL 125 Home &amp; Office Laminator,27,"[728, 666, 779, 1609, 664, 137, 383, 511, 1081, 94, 1742, 635, 1364, 677, 354, 602, 194, 2205, 908, 437, 104, 420, 760]",[],"[908, 635, 104, 420, 1501]"
636,1239,Rolodex Laptop Stand (82410),11,"[558, 390, 758, 2123, 2287, 1186, 836, 740, 1984, 1741]",[],"[836, 361, 1758, 494, 1662, 1575, 1479, 587, 1134, 1615, 629, 1008, 1358, 699, 1675, 1580, 558, 536, 740, 835, 850]"
637,1873,Fellowes Powershred 450Ms SafeSense 7-Sheet Micro-Cut Shredder (3245001),24,"[2047, 924, 1202, 143, 581, 876, 532, 156, 1245, 217, 992, 1330, 1302, 622, 1594]",[],"[2047, 1285, 786, 196, 1330, 1109, 151]"
638,1504,"Dixon Ticonderoga Pre-Sharpened Wood-Cased Pencils, #2, Yellow,  Box of 12 (13806)",39,"[2359, 903, 243, 800, 774, 890, 1872, 2168, 1204, 2386, 1367, 1924, 1464]",[],"[903, 215, 1082, 1204, 1367, 505, 89, 1969, 2386, 1134, 2359, 890, 1924, 1811, 1624, 1135, 243, 800, 484, 2168, 1648]"
639,677,Fellowes Saturn SL 9.5 Inch Laminator (5213201),27,"[1098, 267, 1609, 1163, 664, 137, 383, 511, 1081, 94, 1742, 635, 892, 676, 1364, 602, 1501, 1075, 194, 2205, 908, 437, 901, 104, 420, 760, 665]",[],"[908, 420, 104]"
640,328,Scoot Desk-Side Printer Stand,11,"[2210, 730, 2251]",[],"[1398, 115, 1752, 361, 151, 1800, 1473, 630, 1591, 1304, 1575, 633, 2251, 1108, 1417, 786, 2237, 2116, 1821, 736, 835]"
641,1874,Canon 4705A037 BCI-6 Black 2 Pack,28,[],[561],"[369, 937, 679, 561, 673, 2150, 826]"
642,1505,"HP 21 Ink Cartridge in Retail Packaging, Twin Pack-Black",28,[],"[1229, 895]","[541, 706, 1783, 895, 1379, 447, 49, 1882, 1070, 407, 950, 1816, 112, 1507, 745, 496, 1357, 2376, 1993, 1463, 2130, 1807, 1264, 2350, 897, 474, 2015, 648, 1178, 1111, 2116, 1921]"
643,1240,HP 92/93 Ink Cartridge in Retail Packagings- Combo Pack,28,[],[1875],"[2121, 706, 541, 1014, 1253, 1783, 897, 1875, 2179, 717, 895, 1506, 1775, 733, 1569, 1079, 1507, 49]"
644,1875,"HP 92 C9512FN140 Ink Cartridge in Retail Packaging, Twin Pack-Black",28,[],[1240],"[2121, 541, 1240, 1807, 1077, 1369, 1569, 112, 421, 49]"
645,1506,HP 96/97 Ink Cartridge in Retail Packagings- Combo Pack,28,[],"[1508, 2122]","[1783, 1804, 1176, 717, 1517, 1508, 1092, 2055, 679, 447, 2312, 151, 772, 49, 804, 1537, 673, 1507, 1635, 109, 2121, 2376, 911, 2179, 1933, 1775, 1640, 1322, 1212, 1812, 1218, 2392, 2122, 1240, 2166, 941, 1988, 484, 769, 1369, 19, 1852, 508, 737, 139]"
646,895,HP 21/22 Ink Cartridge-Combo Pack,28,[],"[1505, 950, 1229]","[1882, 897, 706, 541, 642, 1014, 1240, 2179, 1229, 1914, 950, 447, 565, 1505, 1507]"
647,1507,"HP 56/57 C9321FN#140 Tri-Color Ink Cartridge, Combo Pack-Black",28,[],"[1070, 1612]","[541, 706, 1783, 1176, 895, 1517, 1092, 1505, 151, 49, 1070, 1014, 950, 109, 887, 1506, 1417, 1240, 2015, 2166, 1852, 1612, 737]"
648,1876,"HP 98 C9514FN#140 Ink Cartridge in Retail Packaging, Twin Pack-Black",28,[],"[2179, 1114]","[541, 1508, 1092, 2312, 151, 918, 49, 1416, 633, 1470, 2121, 911, 1807, 2179, 1114, 1933, 1640, 1264, 1322, 2381, 1111, 484, 1369, 736, 1713]"
649,2162,"Pentel Gel Pen, Retractable, Metal Tip, .7mm, Refill, Violet Barrel/Ink (PENBL77V)",39,"[2293, 799, 1951, 1942]",[],"[2023, 799, 1942, 2293, 2083, 34, 1636, 1951, 53, 484, 769, 2202, 1215, 1167, 850, 1950]"
650,1666,"Smead Poly String and Button Booklet Envelope, 11.625 x 9.75 x 1.25 Inches, Clear, 5 per Pack (89521)",16,"[183, 2083, 1725, 2363, 1060]",[],"[115, 1228, 840, 447, 907, 1758, 49, 494, 378, 505, 89, 407, 1133, 1060, 2386, 966, 1134, 1481, 2083, 2325, 1259, 421, 1235, 1322, 2350, 842, 1053, 2222, 243, 2082, 1725, 484, 2116, 2214, 1523, 589]"
651,2163,"HP 45/23 Ink Cartridge in Retail Packagings, Combo Pack",28,[],[2056],"[2166, 1267, 1506, 2056, 772]"
652,2164,"Spectrum 43310 Wall-Mount Scroll Letter Holder, Black",16,[],[],"[1770, 321, 37, 500]"
653,1241,"Con-Tact Brand Self-Adhesive Chalkboard Liner, 18-Inch by 6-Feet",26,[56],[],"[56, 2104]"
654,1508,HP 96 Twinpack Black Inkjet Print Cartridge with Vivera Ink (C9348FN#140),28,[],"[2122, 1506]","[516, 1518, 1267, 1517, 1934, 2312, 151, 772, 1070, 1557, 2088, 2136, 633, 1357, 587, 2121, 2376, 911, 1807, 1342, 699, 1933, 1506, 1640, 1876, 2122, 1178, 1111, 705, 1988, 484, 2116, 769, 1713, 1665, 139]"
655,1355,Power Adapter for P-touch,29,"[1285, 1105, 108, 1577, 1170]",[],"[1105, 421, 1577, 1163, 966, 1170]"
656,2165,Brother PT-70 Personal Handheld Labeler with special time &amp; date function,24,"[1285, 1127, 103, 1105, 108, 851, 253, 1964, 1170, 71]",[],"[1285, 494, 1211, 2082, 484, 421, 736, 1322, 745, 557, 1628, 835]"
657,1667,Smead Hanging Steel Letter Size File Folder Drawer Frames 2 Count (64870),18,"[736, 251, 2082, 1950]",[],"[833, 1514, 2072, 1317, 1676, 115, 361, 124, 963, 49, 494, 378, 407, 94, 635, 112, 745, 2078, 2087, 587, 1615, 1807, 2083, 998, 1583, 1086, 421, 1322, 1950, 735, 1135, 941, 2333, 2082, 1396, 484, 2116, 1976, 736, 557, 589, 139]"
658,1877,Bic Correction Fluids (BICWOFQDP1WHI),39,"[903, 1082, 1160, 1809, 494, 1150, 505, 633, 966, 1134, 1481, 890, 1322, 1212, 1924, 2099, 1327, 19, 2171, 1000]",[],"[903, 215, 115, 1082, 1160, 273, 447, 1509, 49, 1628, 494, 378, 1473, 505, 2102, 89, 407, 633, 1728, 1969, 966, 1134, 487, 587, 1807, 1394, 734, 699, 890, 1000, 421, 1322, 1212, 1540, 220, 1811, 1624, 1048, 1743, 243, 1107, 484, 2116, 1327, 2168, 19, 736, 1139, 850, 139]"
659,2166,"HP 45/78 Ink Cartridge in Retail Packaging, Combo Pack",28,[],[],"[706, 541, 1783, 1176, 1267, 895, 1508, 1627, 2312, 49, 1507, 1427, 2087, 1357, 2121, 1077, 2303, 1506, 1933, 1640, 1240, 1178, 1111, 705, 484, 769, 737]"
660,1668,Folding Shopping Cart - Versacart Utility Cart - Transport Up to 120 Pounds (Water-Resistant Heavy Duty Canvas),7,[1957],[],"[1957, 462]"
661,1878,"Panasonic KX-TGA101S Extra Handset with Charger for KX-TG1032S, KX-TG1033S, KX-TG1034S Cordless Phones, Silver",37,[],[],[]
662,1242,Panasonic DECT 6.0-Series Dual-Handset Cordless Phone System with Answering System (KX-TG1032S),37,"[1040, 1438, 1972, 2360, 1538, 412, 580, 739, 1973, 1878, 1183, 1044, 247, 2324, 1600]","[1040, 1878, 412]",[]
663,739,Panasonic DECT 6.0-Series 3-Handset Cordless Phone System with Answering System (KX-TG1033S),37,"[1040, 2351, 1972, 2361, 2360, 1242, 412, 872, 1878, 1356, 1044, 1183, 1156, 1269, 247, 2307]",[412],[]
664,1356,Panasonic Dect 6.0 Series 4 Handset Cordless Phone System with Answering System (KX-TG1034S),37,"[2007, 1538, 2265, 412, 872, 739, 1878, 1044, 522, 1156, 247, 2307]",[],[]
665,1879,Panasonic KX-TG6052B 5.8 GHz FHSS Expandable Digital Cordless Phone System with 2 Handsets,37,[],"[1040, 2360]",[]
666,1880,NETGEAR Dual Mode Cordless Phone with Skype(SPH200D),37,"[2155, 528, 2008, 1547, 1787, 580, 552, 2030]",[],[]
667,1070,"HP 56 C9319FN#140 Ink Cartridge in Retail Packaging, Twin Pack-Black",28,[],"[1507, 887]","[541, 124, 1505, 151, 49, 1882, 834, 1537, 1014, 407, 950, 1206, 1079, 1507, 1357, 887, 1506, 1510, 649, 1111, 705, 484, 1369, 19, 1612]"
668,1669,HP Officejet Pro L7680 Color All-in-One Printer,0,[],[2136],[2136]
669,5,"3M Whiteboard Eraser for Whiteboards, 2-Pack",26,"[1770, 843, 1730, 2300, 1662, 1390, 414, 1663, 2086, 1637, 2168, 1821, 1217, 1013, 2370, 37, 173]",[],"[1770, 73, 438, 1730, 1390, 2370, 173, 1473, 2378, 1662, 414, 1663, 1443, 1013, 1134, 37, 2300, 850, 2086, 1637, 843, 800, 1419, 484, 2168, 1821, 223, 1966, 837, 589]"
670,1357,"Scotch Magic Tape, 3/4 x 1000 Inches, Boxed, 12 Rolls (810K12)",35,[],"[484, 699, 454]","[1918, 516, 1676, 115, 49, 1628, 494, 378, 139, 1473, 2088, 505, 407, 1260, 966, 2087, 1635, 109, 587, 2078, 1713, 1807, 171, 1583, 1264, 846, 421, 1322, 800, 484, 2116, 1234, 769, 736, 2214, 1368, 850, 1000]"
671,856,"Fellowes Binding Machine, Comb, Pulsar E 300, Electric, with Starter Kit (5216701)",1,"[97, 639, 618, 1689, 442, 1179, 797, 660, 742]",[],"[115, 1276, 2161, 104, 420, 797, 769]"
672,639,Fellowes Pulsar 300 Comb Binding Machine (5216601),1,"[97, 618, 1689, 442, 856, 1179, 797, 660, 742]",[],"[908, 383, 1364, 1869, 442, 1222, 2202]"
673,589,"Post-it Flags Value Pack, Assorted Colors, 280 Page Flags and 48 Arrows of 0.5 Inch per Pack (683-VAD1)",22,"[2092, 1228, 1769, 1758, 121, 1628, 1150, 34, 53, 1134, 1481, 1550, 1636, 2017, 2228, 1057, 2190, 2116, 2119, 2078]",[],"[903, 1082, 1228, 361, 5, 1769, 1758, 49, 1628, 121, 494, 378, 1150, 2378, 505, 34, 2066, 53, 206, 966, 1635, 1134, 1726, 587, 1615, 1807, 1925, 1008, 1636, 2017, 2228, 1979, 2190, 1212, 2374, 1743, 1107, 2333, 1321, 484, 2116, 1343, 769, 2214, 557, 2078]"
674,1358,"3M Extra Wide Adjustable Monitor Stand, Height 1 in to 5 7/8 in, Holds 40 lbs, 16 in Space Between Columns, Silver/Blk",11,"[513, 375, 1860, 1575, 836, 1479]",[],"[1186, 2223, 2210, 282, 1239, 1662, 1575, 1479, 1635, 1090, 904, 1580, 2123, 1860, 1614, 2116, 740, 835, 850, 139]"
675,703,Fellowes Cosmic 125 Laminator (5216001),27,"[383, 511, 94, 892, 602, 420, 194, 676, 664]",[],[]
676,1010,"Prismacolor Verithin Colored Pencils,  Set of 36 Assorted Colors  (2428)",39,"[753, 1455, 1849, 1906, 999, 654, 1233, 1544, 1623, 1755]",[],"[1672, 753, 1849, 1906, 999, 654, 1814, 1233, 1544, 1455, 1755]"
677,896,Epson Stylus Photo 1400 Wide-Format Color Inkjet Printer (C11C655001),29,[],[694],[694]
678,2167,"First Alert 3026F Cash Box with Money Tray, Black",19,[],[1904],"[1588, 1904, 516, 361, 1619, 2134, 1556, 49, 494, 407, 633, 1470, 2245, 1323, 1807, 998, 1583, 484, 1333, 1343, 736, 335, 139]"
679,640,Fellowes Professional Series Executive Keyboard Tray (8036101),11,"[397, 603, 904, 650]",[],[603]
680,1011,"Scotch Packaging Tape with Dispenser, 2 Inches x 1000 Inches, Clear (142L)",16,"[1467, 62, 1232, 1881, 48, 2252, 1712, 1331, 254, 60, 2097, 939, 171, 1274, 1265, 220, 47, 543, 93, 2319, 19, 260]",[],"[1232, 1720, 1881, 1628, 49, 494, 378, 2252, 407, 1394, 939, 699, 421, 1265, 220, 2170, 351, 47, 484, 1234, 19, 1247, 454, 139]"
681,2168,"Expo Low Odor Chisel Tip Dry Erase Markers, 4 Colored Markers(80174)",39,"[2359, 1624, 903, 843, 505, 243, 1924, 800, 774, 1136, 890, 1969, 2386, 1367, 1013, 1134, 1464]",[],"[1050, 903, 215, 1082, 774, 1468, 1367, 1464, 505, 1969, 2386, 1013, 1134, 2359, 890, 1924, 1624, 1135, 243, 800, 484, 1648, 19, 1755]"
682,2169,Red Embossed Heart Writing Journal - Lined Pages,25,[],[],"[1297, 1165, 1529]"
683,1509,"Mead Press-It Seal-It #10 White Envelopes, 50 Count (75024)",16,"[2186, 1462, 1952, 946, 734, 1394, 407, 1141, 1160, 1, 19, 2101, 966, 49]",[],"[946, 115, 460, 1141, 1160, 447, 963, 49, 2186, 494, 378, 1473, 505, 89, 451, 407, 34, 633, 2227, 112, 966, 1134, 587, 1807, 998, 1394, 699, 2350, 1616, 1322, 1212, 220, 243, 2237, 484, 2116, 1234, 2168, 19, 1921, 736, 557, 139]"
684,329,"Smead Hanging Folder without Tab, Letter, 2-Inch Expansion, Assorted Colors, 25 per Box (64264)",18,"[1667, 251, 295, 2082, 421, 736, 1523, 71, 1950]",[],"[1713, 421]"
685,1670,Sakura 37904 6-Piece Gelly Roll Assorted Colors Stardust Meteor Pen Set,39,"[2198, 389, 2250, 545, 957, 1511, 2323, 1902, 678, 2132]",[],"[568, 2198, 2250, 957, 1511, 1902, 678, 2132]"
686,1881,"Duck Brand Stretch Wrap, 20-Inch Wide x 1000 Feet Long, Single Roll (970700)",16,"[939, 1232, 1720, 220, 2170]",[],"[351, 60, 939, 47, 543, 1331, 1232, 9, 1720, 1247, 220, 2170]"
687,2170,Duck Brand 1053440 12-Inch by 175 Feet Bubble Wrap,16,"[1657, 939, 47, 1088, 1232, 1881, 220, 1360]",[],"[351, 1889, 193, 1720, 939, 171, 47, 1247, 1232, 1331, 342, 353, 428, 1881, 852, 220]"
688,551,"Duck Brand 1302209 Duck 3/4 Inch by 500 Inch Invisible Tape, 3-Pack",35,"[963, 494, 1473, 378, 24, 505, 2397, 1466, 966, 2087, 587, 1944, 2097, 2199, 699, 846, 220, 2381, 1048, 800, 543, 484, 2168, 19, 263, 454]",[],"[1980, 516, 903, 115, 49, 494, 378, 1473, 2088, 505, 34, 1969, 966, 2087, 1134, 2097, 1807, 859, 890, 846, 421, 2350, 1322, 220, 1624, 1346, 243, 800, 47, 543, 2237, 1419, 484, 2168, 19, 1921, 736, 263, 1336, 2078]"
689,1510,HP 74XL Ink Cartridge- Black,28,"[897, 2206, 2303, 2177, 1671]",[],"[2121, 1070, 378, 516, 897, 1852, 1807, 1267, 2303, 1914, 1775, 1569, 963, 1129, 151, 49, 1671]"
690,1882,Original HP 22 Tri-color Ink Cartridge in Retail Packaging (CC580FN)(Twin pack),28,[],"[950, 1505, 1070, 895]","[2376, 541, 1070, 1014, 887, 2015, 1229, 273, 1914, 1508, 895, 950, 447, 421, 1505, 772, 49, 1612]"
691,2171,"Pentel Presto! Jumbo Correction Pen, Fine Point, Metal Tip, Box of 12 (ZL31-W)",39,"[1713, 1877, 1000, 1929, 1212, 1325, 1053, 1934]",[],"[516, 23, 49, 378, 505, 407, 2078, 1134, 249, 859, 699, 1000, 1264, 1370, 421, 1322, 1212, 1456, 800, 47, 1247, 484, 769, 19, 1713, 1976, 1665, 139]"
692,2172,B&amp;R Plastics 101-6 White EZ Foldz Step Stool,8,"[2306, 1693, 2192, 1579]",[],[]
693,2173,Canon 1900B002 CL-31 Color Ink Cartridge,28,[],"[1230, 1354, 2174, 951]","[474, 1642, 1354, 2174, 19, 151, 49, 1230, 951]"
694,2174,Canon 1899B002 PG-30 Ink Cartridge-Black,28,[],"[2173, 1230, 951]","[474, 2173, 1103, 692, 151, 49, 1230, 951]"
695,1012,"Floortex Ultimat Polycarbonate Chair Mat for Low/Medium Pile Carpets Up To 1/2 Inch Thick, Clear 47 x 35 Inches, Rectangular with Lip, (118923LR)",20,"[762, 1027, 1956]",[],"[378, 630, 762, 2072, 1781, 1090, 1869, 1316, 361, 1321, 1274, 1096, 1673, 49, 587, 1277, 139]"
696,2175,SmartShopper Grocery List Organizer with Embedded Thermal Printer (SS-101),29,"[1014, 669]",[],[]
697,1883,Heavy Duty (100% Solid Metal FRONT &amp; BACK) Retractable Reel Key-ID-Badge-Belt Clip &amp; Chain Pull SOLD INDIVIDUALLY,22,"[2128, 2294, 192]",[],"[2128, 2274, 2294]"
698,2176,Canon PGI-9 Green Ink Tank (1041B002),28,[],[],"[649, 224, 1436, 561, 444, 549]"
699,1671,HP 75 Tri-Color Inkjet Print Cartridge (CB337WN),28,[],"[1510, 897]","[2121, 1014, 897, 978, 1253, 2122, 1077, 1252, 950, 1510, 1505]"
700,740,mStand Laptop Stand,11,[],[],"[1239, 1575, 836, 2116, 155, 835, 1479]"
701,1672,Faber Castell Faber-Castell Perfection Eraser Pencil with Brush,39,"[1716, 1643, 753]",[],"[1643, 1010, 753, 1906, 1716, 2375, 654, 1233, 1544, 1814]"
702,2177,HP Photosmart C4280 All-in-One Printer/Scanner/Copier (CC210A#ABA),24,[],"[1510, 897]","[1510, 897, 1671, 2303]"
703,2178,Brother Compatible LC51 Bulk Set of 10 Ink Cartridges: 4 Black &amp; 2 each of Yellow / Cyan / Magenta,28,[],[],"[2152, 1182, 1196, 2026, 1122, 49, 1275]"
704,2179,HP 95/98 Ink Cartridge in Retail Packaging- Combo Pack,28,[],"[1876, 2121]","[541, 1783, 895, 447, 151, 918, 49, 1537, 378, 494, 1416, 2121, 1114, 1933, 1506, 1640, 421, 1322, 1876, 1240, 1111, 705, 484]"
705,1359,Texas Instruments TI-30XS MultiView Scientific Calculator,4,[],"[599, 1185, 1919]","[1050, 903, 215, 1082, 493, 599, 1628, 1464, 505, 206, 1969, 2386, 1013, 1208, 1633, 2112, 1481, 890, 2058, 867, 1139, 886, 243, 2261, 2168, 1148, 1755, 1559]"
706,741,Scotch 3M Bubble Mailers Size 0 (6&quot; x 9&quot;) - 25ct,16,"[1068, 853, 1864, 1349, 1659, 1312, 1865, 2334, 466, 2181, 1532]",[],"[38, 1379, 1232, 49, 1421, 449, 1312, 1663, 958, 550, 112, 1231, 1009, 1532, 1700, 1357, 1068, 853, 1658, 1807, 1634, 613, 1274, 466, 220, 1310, 47, 1349, 1865, 547, 915]"
707,1673,Office Star Space Professional Air Grid Back Managers Chair with Eco Leather Seat and 2-to-1 Synchro Tilt Control,8,"[802, 1781, 2340, 2344, 2341, 608, 643, 1978, 1555, 2362]",[],"[115, 361, 49, 2362, 630, 608, 704, 1012, 1479, 1807, 801, 1090, 1008, 86, 762, 746, 843, 484, 740, 850]"
708,2180,Board Dudes 11&quot; x 14&quot; Plastic Framed Magnetic Calendar (12032UA-4),26,"[1770, 726, 372, 500, 1164, 556]",[],"[1770, 438, 843, 2317, 1663, 1164, 2370, 37]"
709,1884,"RoseArt Rainbow Swirl Jumbo Colored Pencils, 5-Count, Packaging May Vary (1020VA-48)",39,[195],[],"[34, 195, 1648, 678, 1755]"
710,1148,Casio Scientific Calculator (FX260SLRSC),4,[],"[599, 1590]","[1050, 985, 1151, 599, 505, 698, 1969, 1925, 890, 2058, 1049, 1624, 1590, 243, 1359, 2393, 557, 1755, 1559]"
711,1674,Visioneer SXP2205D-WU Strobe XP 220 600 DPI Portable Scanner with One Touch PDF and VRS Image Enhancement,30,"[786, 1042]",[],[]
712,1675,"Rolodex FG9C9500BLA Nestable Wire Mesh Freestanding Desktop Copyholder, Stainless Steel, Black",11,"[558, 1615, 629, 998, 1239, 1107, 1008, 1575, 1192, 361, 1318, 1343, 2064, 1616]",[],"[1398, 361, 2064, 1628, 378, 630, 1473, 1239, 1575, 1192, 633, 587, 1694, 1615, 629, 998, 1008, 1583, 421, 1235, 1616, 1322, 1107, 2333, 2237, 484, 1343, 769, 835, 850, 139]"
713,602,"Fellowes Laminator Mars 125,  9.5-Inch  (5215501)",27,"[1098, 1609, 533, 664, 137, 383, 511, 1081, 94, 1742, 635, 892, 676, 1364, 677, 703, 194, 2205, 437, 104, 420, 373, 760, 665]",[],"[908, 1098, 635, 104, 420, 1075]"
714,742,"Fellowes Starlet Personal Comb Binder, Gray (Starlet)",1,"[97, 639, 618, 1689, 442, 856, 1179, 797, 660]",[],"[908, 1364, 1098, 267, 635, 1742, 94, 665]"
715,797,"Fellowes Binding Machine, Comb, Electric, Quasar E 500 with Starter Kit (5216901)",1,"[97, 639, 618, 1689, 442, 856, 1179, 660, 742]",[],"[511, 1752, 214, 2124, 518, 1222]"
716,525,Aurora AS890C 8-Sheet Cross-Cut Paper/Credit Card Shredder with Basket,24,[],"[156, 488, 625, 581]","[2047, 1807, 115, 196, 1109, 1419, 736, 1322]"
717,1243,"Aurora AS810SD 8-Sheet Strip-Cut Paper, CD and Credit Card Shredder Basket",24,[],"[156, 488, 625, 525]","[2047, 1109, 196, 407]"
718,526,"Sharpie Permanent Markers, Fine Point, Black, 2 Pack (30162PP)",39,"[1350, 516, 903, 1375, 1153, 1464, 845, 494, 378, 1329, 505, 34, 2085, 966, 1216, 1215, 1134, 1352, 859, 771, 890, 1322, 220, 1048, 243, 800, 769, 2116, 2168, 19, 1247, 2078]",[],"[1350, 1050, 516, 903, 774, 1228, 49, 1464, 845, 494, 378, 2088, 1329, 2395, 505, 34, 1662, 206, 2386, 1216, 2087, 1635, 1215, 966, 1134, 587, 2078, 1352, 1807, 859, 771, 699, 890, 846, 1322, 1924, 220, 1065, 1624, 243, 800, 2237, 2116, 2261, 2168, 769, 19, 1247, 1336, 139]"
719,1149,330 Lb Digital Shipping Scale WeighMax,16,"[449, 1566, 1294, 1097, 613, 956, 1765, 547, 1608, 1905, 967]",[],"[1863, 151, 2289, 494, 449, 1562, 2102, 1331, 1206, 550, 112, 1009, 1700, 109, 1018, 1276, 171, 1449, 466, 1310, 1295, 543, 2237, 484, 547, 1905, 1247, 915, 2078]"
720,1676,"Swingline Standard Chisel Point Staples, 25,000 Staples",31,"[115, 124, 963, 494, 378, 1473, 139, 2088, 164, 407, 633, 1055, 1260, 1056, 966, 587, 1357, 944, 1807, 699, 1264, 846, 421, 1322, 1212, 2381, 1218, 2237, 484, 769, 2116, 1921, 2078]",[],"[115, 361, 124, 963, 49, 1628, 494, 378, 139, 1473, 2088, 505, 407, 633, 1260, 2101, 966, 2087, 1357, 1944, 587, 2078, 1713, 1807, 1159, 699, 1583, 1264, 846, 421, 1322, 1212, 2381, 2237, 1419, 484, 2116, 1234, 769, 1396, 19, 736, 2214, 1368, 454, 1934]"
721,2181,"Quality Park Sealed Air Jiffy Lite Cushioned Mailers, Self Seal, #2, 8.5 x 12 Inches, Pack of 100 (SEL39093)",16,"[1068, 853, 1658, 1864, 1349, 1659, 1312, 1865, 741, 550, 1009, 2334, 1532]",[],"[1659, 1379, 49, 1147, 852, 1421, 1562, 1312, 958, 550, 1231, 1009, 1110, 1532, 1700, 109, 1068, 853, 1658, 939, 171, 1864, 1274, 421, 466, 2170, 47, 1349, 543, 484, 741, 1865, 915]"
722,1677,"Scotch Postal Wrapping Paper, 30 Inches x 30 Feet (7901)",16,"[1232, 220, 1763]",[],"[49, 449, 60, 24, 939, 171, 47, 613, 1763, 1232, 1011, 484, 56, 1892, 19, 263, 220]"
723,1885,"Thermwell DS2 3-Feet Draft Stop Cloth Seal, Beige",20,[],[1750],[1750]
724,2182,Logitech Alto Express Notebook Stand,11,"[390, 758, 2123, 1239, 836, 2111, 740, 1886, 863, 1741]","[2123, 1239, 740]",[]
725,1886,Logitech Alto Cordless Notebook Stand,11,"[758, 2123, 1239, 2182, 836, 740, 863, 1741]",[740],[]
726,1511,"Sakura 38370 10-Piece Blister Card Glaze Assorted Color 3-Dimensional Glossy Ink Pen Set, Bright",25,"[2198, 2250, 545, 957, 2323, 1902, 1670, 678, 280, 2132]",[],"[2198, 2250, 957, 1902, 678, 1670]"
727,678,"Fiskars 12-27457097 Gel Pen, 48-Piece Value Set",39,"[845, 568, 2198, 531, 389, 545, 2250, 34, 957, 1902, 2323, 1244, 1692, 1511, 280, 1063, 200, 1670]",[],"[568, 845, 2250, 957, 1511, 280, 1755]"
728,1360,12&quot; x 220ft Small 3/16&quot; Bubble Wrap,16,"[1657, 939, 1088, 543, 2246, 1232, 1889, 1881, 2170]",[],"[1863, 1660, 1659, 1379, 2246, 1881, 852, 1147, 1889, 1657, 1498, 1088, 1331, 1312, 958, 550, 1422, 1009, 2334, 2181, 1700, 1068, 853, 1658, 939, 171, 1274, 466, 220, 2170, 47, 543, 1349, 1905, 915]"
729,1887,"Keyspan by Tripp Lite PR-PRO3 Presentation Remote Pro Wireless w Laser, Mouse, Audio Controls",27,[],"[527, 518]","[527, 656, 518]"
730,2183,"Brother TN-115C High Yield Cyan Toner Cartridge Compatible with Brother HL-4040CN, HL-4070CDW Series - Retail Packaging",28,[],[1679],"[1557, 1953, 911, 1518, 1888, 1342, 109, 1752, 1414, 151, 705, 2055, 1988, 421, 1108, 1679, 737, 1676]"
731,421,"Pendaflex Essentials File Folders, 1/3 Cut, Top Tab, Letter, Manila, 100 Per Box, (752 1/3)",18,"[1514, 115, 1376, 313, 49, 494, 378, 54, 407, 633, 356, 359, 966, 587, 1807, 1322, 1950, 2082, 435, 484, 736, 1523, 139]",[],"[516, 1676, 115, 840, 361, 963, 313, 1556, 151, 49, 1628, 439, 494, 378, 1378, 1473, 2088, 505, 2102, 407, 1103, 1662, 633, 2101, 966, 2087, 587, 487, 1134, 2078, 1615, 1807, 699, 2325, 1583, 850, 1264, 1322, 1950, 2082, 2237, 484, 2116, 769, 19, 736, 1713, 557, 1368, 589, 139]"
732,1678,"Pentel Sharp Automatic Pencil, 0.5mm, Black Barrels, 2 Pack (P205BP2-K6)",39,"[1683, 1512, 1925, 1949, 2009, 493, 2076, 1729, 23, 2261, 907, 848, 2339]",[],"[1683, 493, 23, 907, 795, 2098, 378, 1942, 1729, 698, 1731, 1357, 1512, 2076, 890, 848, 1053, 2339, 2009, 195, 2261, 1251, 19, 589]"
733,1888,"Brother DR110CL Replacement Drum Unit Compatible with Brother HL4040CN,HL4070CDW Series",28,[],[1679],"[1557, 1953, 911, 1518, 151, 1414, 1752, 705, 1988, 1640, 1370, 421, 1108, 2183, 1679]"
734,2184,Epson Stylus Photo R280 Ultra Hi-Definition Photo Printer (C11C691201),29,[],[],"[1364, 1609, 1353]"
735,2185,"Case-it Large Capacity 3-Inch Zipper Binder, Red, D-146-RED",1,"[228, 468, 1935, 1472, 204]",[],"[1050, 903, 215, 774, 1472, 599, 1464, 505, 53, 206, 1969, 2386, 2070, 1134, 2359, 890, 2058, 1935, 82, 1259, 1924, 1623, 1624, 1135, 243, 800, 2168, 1559]"
736,1679,"Brother TN-115BK High Yield Black Toner Cartridge for Brother HL4040CN,HL4070CDW Series",28,[],[],"[1518, 1752, 2055, 151, 917, 1793, 1557, 1888, 2290, 2278, 1215, 1357, 1953, 911, 1342, 1933, 421, 1108, 1322, 705, 1988, 2116, 769, 2183, 1368, 737]"
737,1013,"EXPO Dry Erase Board Eraser, Soft Pile, 5 1/8 Width x 1 1/4 Height (81505)",39,"[1770, 1730, 1390, 5, 2370, 1662, 1663, 37, 2300, 1136, 890, 1637, 843, 243, 800, 2168, 1821, 1217, 1966]",[],"[1770, 903, 1730, 1390, 1082, 774, 5, 1367, 2370, 1464, 505, 1662, 1663, 1969, 2386, 1134, 37, 2359, 2300, 890, 1637, 1624, 1135, 243, 800, 2104, 484, 2168, 1966]"
738,294,"Post-it Tabs, 2-Inches, Angled Lined, 4 Assorted Primary Colors, 6-Tabs/Color, 24-Tabs/Pack",22,"[1150, 1629, 76, 20, 9, 1228, 1769, 1758, 121, 589]",[],"[516, 76, 115, 1228, 1376, 124, 1769, 1472, 1758, 1628, 49, 378, 20, 407, 633, 1617, 53, 112, 966, 1635, 587, 1550, 251, 295, 699, 1636, 2291, 2325, 850, 1264, 1370, 421, 1322, 1950, 2082, 13, 484, 2116, 733, 736, 2214, 589]"
739,1150,"Post-it Flags with On-the-Go Dispenser, Assorted Bright Colors, 1/2-Inch Wide, 100/Dispenser, 1-Dispenser/Pack",39,"[2092, 76, 1228, 1769, 1758, 1628, 121, 20, 34, 53, 1134, 1550, 229, 1636, 2017, 1057, 2116, 2119, 9, 589]",[],"[2092, 76, 1082, 1228, 1529, 1758, 49, 1628, 121, 1473, 20, 89, 34, 633, 53, 206, 131, 1167, 1134, 1481, 1925, 1949, 229, 894, 1550, 1636, 2291, 2325, 1057, 1979, 1322, 1063, 1624, 484, 2116, 2119, 2214, 557, 589, 2078]"
740,1680,HP CB782A#ABA 640 Inkjet Fax Machine,17,[],"[636, 1955]",[1955]
741,1890,"Kodak EasyShare 5300 All-in-One Printer Print, Copy, and Scan (8804056)",0,"[1100, 74, 1099, 281, 1032, 2003, 810, 809, 711, 111]",[1100],[]
742,1889,3-1/2 cu (26 gal) ft Pink Anti Static Packing Peanuts,16,"[1657, 939, 1088, 1232, 2170, 1360]",[],"[1657, 449, 1658, 939, 171, 47, 1088, 543, 1379, 2246, 1274, 1312, 2170, 1232, 1422, 1881, 220, 1360]"
743,1891,HandStands 15S07 Super Mouse Pad,11,"[834, 1962, 1144, 1893, 536, 936, 600, 704, 2110, 1205, 155, 1974, 997]",[],"[834, 536, 1893, 936, 769, 155, 835]"
744,1892,Norpro 942 Cotton Twine,16,"[1868, 1763]",[],"[2397, 1759, 771, 800, 1763, 484, 1969, 19, 2350]"
745,2186,"Press-it Seal-it Security Envelope, 4 1/8 x 9 1/2, 20 lb, White, 45/Box",16,"[1462, 1952, 946, 734, 1394, 407, 1141, 1160, 1, 2101, 1509, 49]",[],"[1676, 946, 1160, 447, 963, 1509, 49, 1628, 439, 494, 378, 1729, 966, 1357, 1944, 587, 1807, 1394, 171, 699, 421, 1322, 1212, 220, 47, 1257, 1396, 484, 2116, 19, 736, 454, 139]"
746,1893,"HandStands Extra Large Super Mouse Pad, Grey",11,"[834, 1144, 536, 936, 704, 1205, 1891, 155, 1974, 997]",[],"[834, 1473, 536, 1891, 155, 997]"
747,1681,HP 35s Scientific Calculator,0,[],[1185],"[1185, 1590]"
748,1894,Aurora HC110X Dual Power Compact Style 8 Digit Hardcase Calculator,4,[],[1049],"[594, 1049]"
749,1895,3M Mechanically Adjustable Monitor Arm (MA100MB),11,"[1489, 480, 489, 1023, 1584]",[],"[1023, 1489]"
750,1682,"Velcro Velstrap Cinch Straps, 18 x 1 Inches, Black, 2 Pack (90107)",35,"[844, 1366]",[],"[844, 1366]"
751,603,Fellowes Professional Executive Adjustable Keyboard Tray (8035901),11,"[1250, 904, 650, 640, 397]",[],"[904, 640, 2284, 1023, 1614]"
752,2187,Epson Stylus CX9400Fax Color All-in-One Printer,0,"[959, 2216, 583, 1122, 1591, 2332, 281, 1304, 2038, 991, 1564, 1745, 1997, 111, 1543, 88, 74, 297, 922, 248, 187, 1432, 79, 1262, 58, 1282, 508, 102]",[959],[]
753,2188,Flash Furniture LF-214A-ORANGEYELLOW-GG Vibrant Orange Tractor Seat and Chrome Stool,8,[1896],[],[]
754,1896,Flash Furniture WL-905DG-GG Black Ergonomic Stool with Foot Ring,8,[2188],[],"[736, 1596, 313]"
755,32,"Smead Hanging FasTab Folder, Legal, 1/3 Cut Tab, Moss, 20 per Box (64083)",18,"[175, 1667, 331, 251, 1211, 2082, 13, 356, 435, 359, 329, 736, 1950]",[],"[1676, 1376, 49, 439, 494, 1473, 54, 407, 112, 966, 109, 587, 2376, 1667, 1807, 1264, 421, 1322, 1285, 214, 2082, 13, 484, 435, 1234, 683, 9, 736, 1523, 139]"
756,1683,"Pentel Super Hi-Polymer Lead Refill , 0.9 mm Thick, HB, 60 Pieces of Lead (C29BPHB2)",39,"[1512, 493, 2076, 1729, 23, 1340, 1678, 907, 1721, 1259, 2339]",[],"[1643, 1082, 493, 907, 795, 2098, 1371, 1729, 1340, 1721, 1731, 1512, 2076, 1259, 1053, 2339, 2301, 1678, 589]"
757,1512,"Pentel Mechanical Pencil Eraser Refills, Z21, 3/Tube, PK - PENZ21",39,"[1683, 2009, 493, 2076, 1729, 23, 1678, 907, 848]",[],"[2301, 1683, 378, 2009, 2273, 2076, 1228, 493, 23, 1729, 1678, 1559, 907, 795, 848, 2098, 1053, 2339]"
758,1684,"Americopy 3,000 Address or Mailing Labels, 2-5/8&quot; x 1&quot; 100 sheets (Same size as Avery&reg; 5160)",22,"[1447, 335, 1018, 2039, 2004, 460, 133, 1379, 334, 392, 915, 7, 112, 466, 142, 1700, 109, 249]",[],"[1918, 1863, 819, 1379, 151, 49, 1421, 494, 1562, 2039, 407, 2227, 142, 1700, 1357, 1018, 392, 2087, 109, 1418, 421, 1322, 466, 1190, 1295, 2004, 543, 484, 736, 1905, 915, 1934]"
759,2189,Cambridge Limited Meeting Planner (6132),25,"[295, 1631, 149, 216]",[],"[494, 76, 2072, 998, 2083, 331, 295, 149, 216, 2310, 1675, 435, 206, 1769, 1758, 587, 589]"
760,704,,3,[],[536],[1962]
761,1361,"Fellowes Memory Foam Mouse Pad/Wrist Rest, Black (9176501)",11,"[834, 499, 2241, 536, 59, 1798, 704, 798, 1320, 422, 1795, 2211, 835]",[],"[115, 375, 361, 834, 378, 630, 1575, 633, 1479, 587, 1694, 499, 1090, 1008, 1583, 2054, 936, 1107, 798, 1614, 1976, 740, 1555, 835, 2211, 850, 139]"
762,2190,"Post-it Pop-up Note and Flag Dispenser for 3 x 3-Inch Notes, Includes Canary Yellow Notes and two Flag Dispensers.",11,"[2092, 1150, 317, 399, 229, 1107, 15, 1228, 2017, 424, 1057, 2099, 589]",[],"[115, 1228, 361, 124, 963, 1628, 378, 1473, 633, 53, 966, 587, 1694, 1615, 1807, 998, 1550, 1008, 1636, 850, 1057, 1979, 421, 1235, 1322, 2099, 1107, 1321, 484, 2116, 1343, 736, 2214, 1378, 589, 139]"
763,604,Noodlers Ink 3 Oz Borealis Black,39,"[1587, 708, 2281, 2196, 891, 1701, 965, 2330, 902]",[],"[1837, 1003, 1587, 708, 1833, 1020, 2002, 2196, 2327, 891, 965, 1332, 2220, 902, 1920, 1475, 1832]"
764,1151,Casio SL-300SV Solar Powered Standard Function Calculator,4,[],"[1583, 1976, 1049]","[1050, 516, 903, 115, 124, 599, 803, 1665, 494, 378, 505, 1755, 1969, 1559, 2386, 966, 2078, 109, 587, 1134, 147, 1481, 1583, 890, 846, 2381, 1624, 243, 1396, 484, 1678, 1343, 2393, 2168, 1976, 1148, 557, 1049, 139]"
765,679,Canon 0621B016 CLI-8 3 Pack C/M/Y Value Pack,28,[],[],"[1006, 470, 224, 1506, 237, 770, 1436, 444, 673, 826]"
766,1897,Original HP 02 Ink Cartridges Combo-Pack (5 Color Cartridges) in Retail Packaging,28,[],[],"[1783, 1077, 1470, 1369, 447, 1079, 182, 49]"
767,961,HP Photosmart C7280 All-in-One Printer,0,[],"[1897, 2268]","[1897, 2268]"
768,1898,HP LaserJet P1006 Printer,29,[],"[1591, 1517]","[948, 1591, 1004, 786, 1517, 754, 2217]"
769,1071,Canon Pixma iP4500 Photo Inkjet Printer (2171B002),29,"[1035, 1736, 1830, 927, 679, 586, 1069, 507, 862, 519, 555, 673, 430, 627, 1006, 567, 369, 1094, 512, 1766, 2337, 542, 540, 187, 1685, 2108, 514, 716, 1381, 2309, 920, 2158]","[1381, 679, 673]",[]
770,1152,Canon Pixma MP610 Photo All-In-One Inkjet Printer (2180B002),0,"[1408, 569, 132, 1035, 1705, 529, 927, 679, 1069, 1545, 688, 507, 179, 230, 519, 2159, 555, 673, 430, 1855, 714, 1006, 446, 2337, 542, 187, 1685, 514, 626, 696, 2309, 920]","[673, 187, 679]",[]
771,1899,Canon Pixma MX310 Office All-in-One Inkjet Printer (2184B002),0,"[521, 569, 1851, 1705, 984, 1709, 2364, 2177, 1830, 1022, 951, 507, 2173, 1354, 519, 2135, 555, 1180, 1855, 2206, 2174, 2151, 452, 187, 1230, 1685, 110, 374, 626, 1992, 1912, 1268, 1282, 102]","[2151, 1354, 1230, 951]",[]
772,857,Canon 2168B002&nbsp;CanoScan&nbsp;8800F&nbsp;Color Image&nbsp;Scanner,30,"[1718, 743, 866, 307, 825, 750, 1848, 709, 2156, 1116, 954, 2020, 1971, 1790, 477, 1435, 1476, 1101, 814]","[866, 1435]",[]
773,1685,Canon PIXMA MX700 Office All-On-One Inkjet Printer,0,"[569, 1899, 521, 1035, 984, 529, 927, 679, 1122, 1069, 688, 507, 224, 862, 2159, 555, 519, 673, 430, 111, 1855, 1006, 512, 1766, 446, 2337, 540, 187, 452, 514, 1381, 626, 920, 1494]","[673, 679, 187]",[]
774,1362,"Quartet Dark Cork Tiles, 12&quot; x 12&quot;, Frameless, Modular, 4 Pack (15050Q)",11,[2245],[],"[1241, 1730, 500, 5, 1628, 1309, 2088, 1662, 2245, 2386, 37, 158, 178, 1446, 1695, 1616, 199, 843, 1419, 484, 736]"
775,1513,SteelSeries QcK Heavy Gaming Mouse Pad (Black),11,"[1962, 1735, 704, 885]",[],"[1962, 704]"
776,2191,"Zebra 42630 Zebra GR8 Gel Retractable Roller Ball Pen, Red Barrel/Ink, Med Pt, 0.70 mm, Box of 12",39,"[1221, 799, 1621, 674, 1692, 1951, 1641, 1336]",[],"[674, 798, 1692, 1951, 1167, 1336]"
777,1900,Hanging Name Badge Kit,22,[357],[],"[845, 494, 2039, 946, 2397, 800, 460, 840, 484, 1921, 49, 1018]"
778,154,"Quartet Magnetic Push Pins, High Power Magnets, Bright Colors, 10 Pack (MPPCB)",35,"[1770, 1443, 158]",[],"[1770, 1390, 2370, 1662, 1663, 1443, 1013, 37, 158, 1136, 1637, 1064, 843, 1419, 1164, 1821, 223, 546, 2357]"
779,1514,"Pendaflex CutLess File Folders, 1/3 Cut, Top Tab, Letter, Assorted Colors, 100 Per Box,( 48440)",18,"[1807, 54, 251, 2082, 435, 63, 313, 736, 421, 1523, 1950]",[],"[115, 1376, 840, 361, 963, 151, 1628, 49, 439, 494, 378, 139, 2088, 407, 633, 635, 63, 112, 745, 966, 1357, 587, 1134, 1807, 251, 699, 2325, 1274, 850, 1264, 421, 1322, 1212, 2082, 484, 2116, 736, 1368, 589, 1934]"
780,2192,Rubbermaid Home 420087BISQU Step Stool,8,"[1579, 2306, 2172]",[],"[2306, 1579]"
781,743,Epson B11B189011&nbsp;Perfection&nbsp;V500&nbsp;Photo&nbsp;Scanner,30,[],"[866, 1435]",[1298]
782,1686,"10-pack LC51 LC-51 (4B,2C,2M,2Y) Brother Compatible Ink Cartridges for Brother MFC240C, DCP130C, MFC-5460CN, MFC-440CN, MFC-665CW, MFC-5860CN, MFC-3360C",28,[],[2178],"[2152, 819, 2178, 1196, 1182, 1122, 1038]"
783,2193,LD &copy; Remanufactured Replacement Ink Cartridge for Hewlett Packard C8774WN (HP 02) Light Cyan,28,"[1897, 2268]",[],[2268]
784,2194,"LD &copy; Remanufactured Replacement Laser Toner Cartridge for Hewlett Packard Q5949X (HP 49X) High-Yield Black for use in the LaserJet 1320, 1320n, 1320nw, 1320t, 1320tn, 3390 &amp; 3392 Printers",28,"[968, 1178, 705]",[],"[1713, 705, 2055, 421, 151, 1812]"
785,1072,Brother MFC-9840CDW Laser Multifunction Center,0,"[1201, 1439, 1414, 1429, 2050, 917, 1793, 1888, 2010, 2243, 2043, 1157, 1431, 1411, 1288, 1108, 1043, 2349, 1679]","[1108, 1679]",[]
786,1515,Casio TQ140 Travel Alarm Clock - Bla Clock Radios,38,[],[],"[49, 508, 220]"
787,962,"AT&amp;T 1739 Corded Digital Answering System, White",37,[],"[821, 1423]","[2351, 504, 1423, 412, 580, 821, 472, 2127]"
788,2195,Avery Nonstick Heavy-Duty EZD Reference View 3 Inch Black Binder (79693),1,"[840, 1472, 1139, 557, 1309]",[],"[115, 840, 124, 1472, 49, 1309, 494, 2070, 1208, 966, 1357, 1134, 587, 2078, 1583, 1264, 1086, 421, 1322, 1139, 243, 214, 1396, 484, 2116, 769, 733, 736, 1713, 557, 589, 139]"
789,858,"Elmer's Disappearing Purple School Glue Sticks, 0.24 Ounces Each, 30-Count Class Pack (E555)",35,"[2359, 1624, 903, 505, 243, 800, 774, 890, 1969, 2168, 1204, 2386, 1367, 1134, 1464]",[],"[1050, 903, 215, 1082, 774, 1204, 1367, 1464, 505, 1969, 2386, 1134, 2359, 890, 1624, 243, 1504, 2168, 1648, 19, 1755]"
790,1244,Stabilo Point 88 Pen Sets rollerset set of 25,39,"[1063, 2375, 894, 678]",[],"[845, 2084, 957, 894, 34, 545, 1511, 2012, 53, 1769, 2375, 678, 654, 1063, 1455]"
791,2196,Noodler's Bulletproof Blue Ghost Invisible Fountain Pen Ink,39,"[1003, 1587, 708, 1833, 2002, 891, 1701, 965, 902, 1920, 1475]",[],"[1003, 1587, 708, 1833, 2002, 891, 2330, 965, 1332, 2220, 902, 1920, 1475]"
792,1901,Lexmark 43XL &amp; 44 XL Pack Color and High Yield Print Cartridges- Black,28,[],[],[]
793,2197,Mustek Scan Express A3 1200 Pro USB Large Format Scanner,30,[],[866],[]
794,11,"3M Gel Wrist Rest for Keyboard with Leathette Cover and Antimicrobial Product Protection, 19 in x 2.8 in, Black",11,"[499, 2054, 59, 409, 1797, 2238, 448, 1361, 835, 2211, 1861]",[],"[802, 1861, 1962, 834, 704, 1320, 1051, 155, 1361, 1479, 1357, 587, 59, 1090, 1583, 1264, 1580, 536, 1107, 1860, 740, 736, 835, 2211]"
795,798,"Gel Mouse Pad w/Wrist Rest, Nonskid Base, 8-1/4 x 9-5/8 in., Purple",11,"[2241, 59, 1798, 268, 2238, 1320, 1361]",[],"[361, 49, 494, 378, 1798, 245, 2238, 1320, 1361, 1635, 682, 2241, 1583, 1322, 2099, 659, 1107, 484, 736, 835, 1614]"
796,140,"Swingline Heavy Duty Staple Remover, Spring-loaded, Satin Finish (S7037201A)",31,"[735, 1218, 633, 2237, 124, 1813, 590]",[],"[361, 1813, 124, 590, 963, 378, 1473, 633, 587, 1159, 1458, 1264, 421, 1322, 735, 1218, 652, 2237, 773, 484, 1921]"
797,1687,"BIC Ultra Round Stic Grip Ball Pen, Medium Point, 1.2mm, Blue, 8-Count (GSMGP81-Blu)",39,"[494, 505, 1132, 1327, 2348, 2075, 1324]",[],"[1050, 516, 903, 215, 115, 49, 1309, 494, 378, 505, 89, 407, 633, 206, 966, 1134, 1481, 2058, 421, 1322, 842, 243, 865, 1396, 484, 2116, 769, 1327, 19, 736, 2214, 1324]"
798,2199,3M Scotch 3/4-Inch Scrapbooking Tape,35,"[263, 551, 1456, 170]",[],"[1456, 47, 840, 263, 220]"
799,1902,Sakura 58760 5-Piece Gelly Roll Assorted Colors Gold Shadow Pen Set,39,"[2198, 2250, 957, 1511, 2323, 1670, 678, 2132]",[],"[2198, 2250, 957, 1511, 1670, 678, 2132]"
800,2198,Sakura 37903 6-Piece Gelly Roll Assorted Colors Stardust Galaxy Pen Set,39,"[2250, 545, 957, 1511, 2323, 1902, 1670, 678, 280, 2132]",[],"[389, 2250, 957, 1511, 1902, 1670, 678, 200, 2132]"
801,1903,"Vision Stick Needle Roller Ball Pens, Fine Point Pens, Assorted Colors, Set of 8",39,"[1804, 1347, 2084, 34, 1692, 1529, 1063, 105, 2233]",[],"[1804, 1390, 774, 361, 23, 1165, 188, 1529, 1472, 200, 1628, 105, 845, 2023, 1150, 53, 1635, 1134, 587, 539, 1347, 2084, 894, 1925, 674, 2076, 1692, 2317, 2228, 2058, 1624, 735, 1743, 865, 2116, 1724, 589, 2078]"
802,1153,Sharpie Chisel Tip Permanent Markers: 2 Black Markers. Sanford Model 38262,39,"[516, 1352, 2395, 1375, 859, 2085, 1247, 119, 484, 769, 1812, 1216, 220]",[],"[516, 115, 1228, 840, 1232, 1881, 49, 494, 378, 505, 407, 2085, 633, 1331, 1297, 1816, 1216, 966, 1134, 1726, 587, 1352, 1807, 939, 171, 859, 699, 1636, 1583, 846, 421, 1322, 1212, 220, 2170, 47, 484, 2116, 19, 736, 537, 1061, 1247, 850, 139]"
803,2200,"Teacher Created Resources Mini Happy Face Stickers Valu-Pak, Multi Color (6633)",14,[],[],"[800, 19]"
804,435,"Smead SuperTab Folder, Letter, 11 Point, 1/3 Cut Tab, Assorted Colors, 100 Per Box (11961)",18,"[1514, 1807, 54, 181, 331, 359, 683, 421, 1523]",[],"[115, 49, 494, 378, 2160, 633, 359, 366, 203, 966, 1167, 109, 587, 2078, 1807, 331, 1008, 295, 699, 1264, 421, 1322, 1950, 2310, 484, 2116, 683, 736, 537, 2214, 1523, 589, 1676]"
805,16,"Scotch PopUp Tape Handband Dispenser, 0.75 x 2 Inches, 75 Strips per Pad, 1 Pad per Pack (Colors May Vary) (96-G)",35,"[1473, 1048, 21, 4, 15, 509, 587, 699, 95, 846, 551, 19, 220, 8, 1910, 48]",[],"[1473, 24, 505, 4, 699, 509, 846, 19, 220, 587]"
806,1154,Xerox Phaser 6130/N Color Laser Printer,29,"[1432, 1591, 990, 1593, 2343, 86, 1033, 1191, 2043]",[2212],[]
807,744,"3M Easy-Adjust Keyboard Tray with Adjustable Platform, 17-3/4 Inch Track (AKT151LE)",11,"[1525, 1250, 904, 640, 650, 397, 603]",[],"[1588, 1090, 1975, 904, 293, 1348, 1096, 480, 1023, 1479, 1580]"
808,963,"Scotch Magic Tape 6-Roll Value Pack with C38 Black Dispenser, 3/4 x 1000 Inches (810K6C38)",35,"[1676, 115, 234, 361, 124, 494, 1473, 378, 139, 1466, 633, 1260, 454, 966, 587, 1357, 1944, 1080, 699, 846, 421, 1322, 1808, 2381, 2237, 484, 2116, 19, 850, 2078]",[],"[1398, 1676, 115, 234, 361, 124, 49, 439, 494, 378, 630, 1473, 2088, 164, 505, 1466, 407, 1662, 633, 1260, 745, 966, 2087, 1635, 587, 1694, 2078, 1713, 944, 1807, 998, 699, 1583, 850, 1264, 421, 1322, 1212, 220, 1107, 2237, 1419, 484, 2116, 769, 1343, 1396, 1921, 736, 2214, 557, 589, 139]"
809,2201,Fujitsu ScanSnap S300 Color Mobile Scanner,30,"[1045, 1315, 969, 1764, 1416, 1177, 2406, 829, 1042, 1307, 1290, 2147, 723, 695, 232, 411, 1442, 1561, 751, 477, 786, 1115, 1912, 860, 814]","[786, 1042, 1416]",[]
810,964,"U. S. Stamp &amp; Sign Century Series &quot;No Soliciting&quot; Sign, 3X9, Black/Silver (4758)",32,[],[],"[2204, 835, 1047, 139]"
811,1245,Fellowes PowerShred 99Ci 100% Jam Proof 17-Sheet Cross-Cut Shredder (3229901),24,[],"[2047, 532, 156, 196]","[361, 2284, 151, 49, 1764, 2047, 1591, 196, 1206, 109, 1276, 699, 1330, 86, 1109, 232, 1285, 2392, 786, 1988, 769, 1234, 1713]"
812,1516,"Columbian CO598 Grip-Seal Invitation/Greeting Card Envelopes A2, 4-3/8&quot; x 5-3/4&quot; - White (Box of 100)",16,"[1462, 946, 1739, 1611, 941, 1141, 1644, 1160, 2096, 2028, 2227, 960, 355, 1652]",[],"[1447, 946, 893, 460, 2028, 1611, 407, 2096, 2227, 960, 112, 142, 109, 699, 75, 421, 1462, 941, 1644, 484, 549]"
813,897,"HP 74/75 Ink Cartridge in Retail Packaging, Combo Pack",28,[],"[1510, 1671]","[541, 1240, 941, 407, 895, 635, 1510, 447, 112, 1507, 49, 1671]"
814,1517,HP 35A Black Original LaserJet Toner Cartridge,28,[],[],"[1518, 1752, 1508, 2055, 2312, 151, 772, 1628, 49, 494, 1591, 407, 1103, 2136, 1206, 2087, 109, 2376, 1953, 911, 1342, 1933, 1506, 2213, 1799, 2152, 1178, 705, 1988, 2116, 1852, 1368, 737]"
815,1904,Sentry Safebox - CB-10,19,[2167],[],"[494, 1323, 998, 736, 1556]"
816,59,"3M Precise Mouse Pad, Leatherette Gel Wrist Rest, Antimicrobial Protection, Battery Saving, 9.25 in x 8.75 in, Black",11,"[2241, 419, 1798, 268, 798, 1320, 422, 155, 1361, 1795, 835]",[],"[802, 499, 1090, 633, 361, 1728, 1583, 2116, 740, 124, 155, 1361, 1795, 1479, 2211, 835]"
817,898,Brother QL-570 Professional Label Printer,24,"[1834, 103, 253, 108, 1426, 1276, 1835, 296, 1845, 1791, 1420, 2278, 912, 2289, 1138, 1602]",[],"[516, 115, 1426, 151, 870, 1460, 2101, 109, 587, 1835, 1933, 1149, 1420, 421, 1577, 1322, 1295, 786, 1107, 1865, 736, 1138, 139]"
818,1905,Aviditi SIZER Carton Sizer/Reducer,16,"[449, 1295, 1276, 1331, 1149, 1206, 547, 112, 2278]",[],"[449, 1080, 1295, 1276, 171, 47, 543, 1331, 1379, 1149, 1206, 547, 1422, 112, 466, 2278]"
819,1363,"Sharpie RT Retractable Permanent Markers, 12 per Package",39,"[845, 1350, 1352, 2222, 2395, 1636, 119, 53, 2228, 484, 188, 1724, 1061, 1216, 1065]",[],"[1350, 516, 774, 1165, 188, 49, 2370, 845, 494, 378, 1150, 2395, 34, 1662, 2012, 53, 119, 1297, 1216, 2078, 1167, 587, 1481, 771, 1636, 2291, 370, 850, 1322, 1065, 2288, 2222, 843, 484, 2116, 1724, 782, 1061, 589, 1676]"
820,94,Scotch Thermal Laminator 2 Roller System (TL901),27,"[1699, 1098, 1609, 1163, 664, 137, 383, 1081, 511, 1742, 635, 676, 1364, 602, 1501, 1075, 194, 2205, 2369, 908, 437, 901, 760, 665]",[],"[1923, 833, 541, 1730, 1699, 618, 267, 361, 840, 1098, 1163, 2370, 378, 575, 1137, 1662, 407, 635, 112, 2101, 1013, 108, 75, 1086, 1501, 1075, 82, 2369, 71, 908, 941, 800, 901, 484, 578, 1448, 665]"
821,1688,"Pilot G2 Limited Retractable Gel Ink Roller Ball Pen, Fine Point, Silver Metallic Barrel, Black Ink (31153)",39,"[1942, 1621, 818, 1365, 573, 1731, 1484, 2091, 1534]",[],"[708, 1942, 1621, 1484, 818, 1365, 23, 573, 2090, 1731, 1774]"
822,641,"Fellowes Binding Machine, Comb, Galaxy 500 with Starter Kit (5218201)",1,"[639, 618, 442, 856, 1179, 797, 660, 742]",[],"[786, 383]"
823,1689,"Fellowes Binding Machine, Comb, Electric,  Galaxy E 500 with Starter Kit (5218301)",1,"[639, 618, 442, 856, 1179, 797, 660, 742]",[],"[786, 383]"
824,1,"Quality Park Reveal-N-Seal Envelope, #10, 4-1/8 x 9.5 Inches, White, 40 Envelopes (67012)",16,"[2186, 1462, 1952, 734, 407, 1141, 1160, 2101, 1509, 49]",[],"[89, 1160, 273, 19, 1212, 49, 487]"
825,2202,"Hammermill 10263-0 Hammermill Color Copy Paper, 32-lb., 8-1/2 x 11, Photo White, 500-Sheet Ream",25,"[938, 1819, 1257, 1066, 1461, 2161, 447, 1222, 49]",[],"[115, 1752, 1461, 2050, 2161, 447, 1222, 49, 378, 54, 407, 660, 2087, 109, 1819, 1066, 770, 421, 1322, 1373, 220, 1218, 941, 1257, 420, 182, 736, 557, 1368]"
826,1690,Ooma Scout (to use with Ooma Hub VoIP Phone Device),0,"[2419, 1521, 2041, 2155, 528, 596, 412, 872, 1787, 580, 472, 926, 1574, 473, 682, 552, 2030]","[2419, 2041, 1787]",[]
827,1246,Magna Cart Elite 2 Hand Truck,7,[],[462],"[1702, 1232, 484, 1668, 462, 49]"
828,215,"Mead 3 x 5-Inch Index Cards, Ruled, 100 Count, White (63350)",25,"[1050, 2359, 1624, 903, 2290, 505, 243, 865, 890, 1969, 2168, 2386, 2374, 1134, 1464]",[],"[1050, 903, 1082, 1468, 599, 1367, 1464, 979, 505, 206, 1969, 2386, 1134, 2359, 1481, 890, 2058, 1924, 1624, 243, 800, 1327, 2168, 1755]"
829,605,"X-ACTO 12-Inch Base Guillotine Style Plastic Paper Trimmer with Carrying Handle, 10 Sheet Capacity, Black (26232)",10,"[592, 748, 757, 318, 267, 578, 284]",[],"[115, 963, 1163, 1628, 494, 137, 378, 139, 2088, 94, 633, 1742, 1297, 112, 745, 966, 1208, 1134, 587, 1807, 1583, 421, 1322, 1373, 2205, 1396, 484, 736, 850, 1676]"
830,899,Brother HL-2140 Laser Printer,29,[],"[86, 1384, 705]","[2262, 1518, 705, 86, 1384]"
831,606,Brother HL-2170W 23ppm Laser Printer with Wireless and Wired Network Interfaces,29,[],"[86, 151, 705]","[2262, 1518, 968, 705, 151, 1384]"
832,1691,"Parker Jotter Retractable Ballpoint Pen, Medium, Stainless Steel with barrel, Colors May Vary (78033)",39,[1251],[],"[494, 1621, 699, 2353, 698, 1678, 1251, 1731, 49]"
833,1518,Brother DR360 Drum Unit - Retail Packaging,0,[],"[1988, 2262, 705]","[1317, 1752, 1517, 1508, 2055, 2312, 49, 917, 1384, 494, 1557, 378, 2088, 407, 1103, 2010, 2087, 2262, 1953, 911, 968, 1342, 1933, 86, 1030, 1640, 846, 421, 2213, 1322, 1577, 2203, 1417, 1178, 705, 1988, 737]"
834,705,Brother TN360 High Yield Toner Cartridge - Black,28,[],"[151, 2203, 737]","[1518, 1752, 1517, 2055, 313, 151, 772, 49, 917, 494, 1070, 1557, 1103, 1470, 1206, 2087, 109, 392, 2262, 1953, 911, 1807, 2001, 968, 1342, 1933, 86, 421, 2203, 1417, 1178, 1988, 1234, 1713, 1852, 1368, 737]"
835,2203,Brother TN330 Black Toner Cartridge - Retail Packaging,28,[],"[151, 705]","[516, 1518, 1517, 2055, 1336, 151, 772, 1628, 49, 494, 1557, 2102, 407, 1103, 356, 2380, 966, 496, 2262, 1953, 911, 1807, 998, 1342, 699, 1933, 1583, 421, 1322, 536, 1178, 705, 1988, 484, 769, 736, 1713, 737]"
836,80,"3M  Display Pocket, Removable Fasteners, 8.5 X 11 Inches, Clear Plastic (MMMWL854C)",27,"[733, 161]",[],"[1730, 893, 1047, 840, 361, 49, 1309, 494, 222, 89, 407, 1662, 1663, 154, 2078, 161, 587, 1008, 421, 1322, 1396, 484, 1234, 736, 850, 139]"
837,1073,Epson Stylus Photo R1900 Large Format Photo Printer (C11C698201),29,[],[],"[1256, 1301, 1482]"
838,2204,Stanley Hardware V8208 Magnetic Doorstop in Satin Nickel,20,"[2137, 1272, 1853]",[],"[1272, 1853, 2137]"
839,473,magicJack: PC to Phone Jack,37,[],[],"[1091, 1031, 2008, 1299, 580]"
840,394,"Quartet Magnetic Dry-Erase Board, 8.5 x 11 Inches, Assorted Frame Colors (MHOW8511)",26,"[441, 1770, 73, 189, 556, 362, 843, 178, 160, 1164, 223, 1966, 546, 486, 37, 2357]",[],"[441, 1770, 494, 362, 843, 243, 178, 160, 1663, 1419, 154, 1013, 2370, 486, 37]"
841,1519,"Economy Bookends, Standard, 4 3/4 x 5 1/4 x 5, Heavy Gauge Steel, Black (2 Pairs)",11,"[1930, 1015]",[],"[629, 998, 1930, 361, 1321, 1015, 589]"
842,1906,"Prismacolor Premier Soft Core Colored Pencils, 132 Colored Pencils (4484)",39,"[1010, 753, 1455, 1849, 999, 654, 1233, 1544, 1623]",[],"[1010, 1672, 753, 1849, 999, 654, 1814, 1233, 1544, 1755, 2208]"
843,774,"Dixon Ticonderoga Wood-Cased Pencils, #2 HB, Yellow,  Box of 96 (13882)",39,"[2359, 1980, 1135, 903, 687, 505, 243, 800, 1504, 698, 890, 1872, 1648, 2168, 2386, 1367, 1464]",[],"[1050, 1082, 1468, 1367, 494, 575, 505, 1662, 1969, 1013, 1134, 2359, 1481, 890, 2058, 1924, 1624, 1135, 243, 800, 769, 1648, 2168, 557, 1755, 1559]"
844,1520,HP Photosmart Pro B8850 Fotodrucker A3+ 6.0 Foto / Minute 4800 dpi USB 2.0,29,"[1035, 694, 426, 1314, 583, 1440, 1256, 586, 458, 905, 1304, 281, 862, 2038, 1708, 430, 627, 1632, 1549, 427, 567, 922, 369, 336, 1073, 1411, 722, 657, 2292, 187, 514, 716, 79, 1301, 696, 1490, 1298, 1482, 459, 58]",[369],[]
845,1907,"VTech CS5111 1-Handset Cordless Phone, Silver/Black",37,"[2027, 2266, 1031, 1106, 985, 2008, 1299, 412, 580, 1973, 1600]","[2008, 1299]",[]
846,1521,AT&amp;T 993 2-Line Phone w/Caller ID Charcoal,37,"[2394, 1207, 1547, 1423, 1768, 1171, 1936, 2313, 1382]",[],"[1588, 2394, 1417, 1547, 1478, 421, 151, 2313, 49]"
847,1908,"AT&amp;T SL82318 DECT 6.0 Cordless Phone, Silver/Gray, 3 Handsets",37,[],"[1183, 247]",[]
848,799,"Pentel EnerGel Deluxe RTX Gel Ink Pens, 0.7 Millimeter Metal Tip, Assorted Colors,  6 Pack (BL77BP6M)",39,"[1951, 2293, 1942]",[],"[1221, 1398, 1050, 124, 907, 1529, 963, 49, 378, 1150, 1942, 1621, 633, 1729, 53, 1206, 1216, 1635, 1167, 1726, 1215, 539, 1481, 2293, 1244, 1636, 1951, 2291, 890, 2228, 842, 912, 1321, 484, 769, 1724, 1976, 589, 1676]"
849,1155,Canon Pixma MX850 Office All-In-One Inkjet Printer (2436B002),0,"[569, 521, 1035, 927, 679, 1122, 1069, 688, 507, 224, 862, 519, 555, 2159, 673, 430, 1855, 1006, 369, 512, 1766, 446, 2337, 540, 187, 452, 1685, 514, 79, 626, 2309, 920, 2158, 58, 826]","[673, 187, 679]",[]
850,1364,Apache AL13P Professional 13&quot; Wide A3 4 Roll Hot Cold Laminator for Document and Photo,27,"[137, 383, 908, 437, 1081, 511, 354, 94, 1742, 666, 779, 760, 194, 2205, 676, 664, 665]",[],"[2140, 2184, 908, 893, 1699, 901, 618, 267, 635, 1098, 1501, 1075, 923, 2205, 1328, 665]"
851,2205,Apache AL13 13&quot; Laminator Hot/Cold for Documents and Photos,27,"[1098, 664, 137, 383, 511, 1081, 94, 1742, 635, 676, 1364, 602, 1075, 194, 2369, 908, 437, 373, 760, 665]",[],"[908, 1364, 1137, 1699, 901, 267, 1098, 635, 484, 1501, 1075, 25, 1163, 2369, 665]"
852,2206,HP Officejet J6480 All-in-One Printer,29,"[1899, 2225, 913, 2177, 2216, 1440, 1304, 2038, 1407, 577, 1573, 724, 972, 1142, 1858, 1019, 922, 1444, 1510, 1316, 1411, 1671, 763, 897, 79, 1410, 761, 2019, 1268, 58]","[1510, 897]",[]
853,494,"BIC Round Stic Ball Pen, Medium Point, 1.0 mm, Black, 60 Pens (GSM609-Blk)",39,"[1980, 903, 115, 774, 2075, 49, 378, 2088, 505, 34, 1297, 966, 2087, 587, 1134, 2078, 1481, 1925, 421, 1322, 243, 800, 484, 769, 2116, 1648, 19, 1324, 1336, 139]",[],"[1980, 516, 903, 1676, 115, 774, 361, 963, 49, 1628, 1309, 378, 1473, 2088, 505, 1969, 2101, 2386, 966, 2087, 1357, 1134, 587, 2078, 1481, 1807, 1925, 699, 890, 1264, 114, 421, 1322, 1212, 243, 800, 865, 1396, 484, 2116, 769, 1648, 2168, 19, 736, 1713, 557, 850, 139]"
854,274,"3M Gel Wrist Rest, Daisy Design (WR308DS)",11,"[499, 2054, 59, 1798, 268, 409, 798, 1797, 2238, 448, 835, 2211]",[],"[375, 1798, 59, 268, 798, 2110, 1797, 2238, 1343, 835, 1614]"
855,2207,"Trimmer Large Shopping Cart with Basket, Red",7,"[1668, 1957]",[],[]
856,2208,"Tombow Dual Brush Pen Set, Professional Marker Desk Set with Stand, 96 Piece (56149)",39,[],[],[1906]
857,1909,Panasonic KX-TG9333T DECT 6.0 Cordless Phone,37,"[1040, 1438, 1972, 806, 412, 872, 739, 1156, 1768, 1973, 1044, 1183, 2006, 247, 1600]",[],[]
858,2209,Panasonic Dect 6.0 Expandable Digital Cordless Answering System - 4 Handset System (KX-TG9334T),37,[412],[247],[]
859,1156,"Panasonic KX-TG9344T Dect 6.0 Expandable Digital Cordless Phone with Answering System, Metallic Black, 4 Handsets",37,"[1438, 1972, 2007, 1538, 2265, 2307, 412, 872, 739, 1909, 1356, 1024, 247, 1600]",[],[]
860,1522,"Scotch Duct Tape, Black, 1.88-Inch by 60-Yard",35,[],[],"[494, 1329, 699, 484, 844, 49]"
861,191,"Scotch&reg; Laminating Sheets LS854SS-10, 9 Inches x 12 Inches, Letter Size, Single Sided",27,"[137, 1965, 908, 2071, 1699, 901, 1098, 94, 635, 665, 1501, 1075, 2205, 1328, 664, 2369, 25]",[],"[2071, 393, 1098, 94, 1501, 1328, 1448, 1163]"
862,1910,"PaperPro Nano Miniature Stapler, 12 Sheet Capacity, Translucent Green (1811)",31,"[365, 378, 115, 243, 245, 285, 348, 773, 124, 1704, 1921, 1134]",[],"[903, 493, 1228, 23, 963, 590, 49, 365, 378, 505, 34, 245, 285, 1663, 206, 1969, 966, 1134, 587, 1949, 1903, 2076, 1636, 850, 421, 1322, 1212, 140, 735, 1743, 243, 800, 773, 484, 1396, 2261, 1921, 19, 303, 2257, 1755, 589, 139]"
863,2210,"Kantek 2-Shelf Mobile Printer Stand, Holds up to 75 Pounds, 17 x 13.25 x 14.13 Inches, Black (PS510)",11,"[328, 1575, 2251, 730, 2223, 1479]",[],"[1752, 361, 151, 2223, 49, 1473, 630, 1575, 155, 966, 1479, 736, 944, 328, 998, 1358, 2251, 1316, 1235, 1616, 1107, 1860, 2237, 2116, 1596]"
864,99,"3M Mouse Pad with Gel Wrist Rest, Sunrise Design (MW308SR)",11,"[2241, 1361, 59, 1798, 268, 798, 2110, 1797, 1320, 422, 1974, 1795]",[],"[2241, 59, 268, 1798, 1575, 798, 2110, 424, 1797, 1343, 1361, 835]"
865,1523,"Globe-Weis File Folder Pockets, 150 Sheet Capacity, Letter Size, Double Top, 1/3 Cut Tabs, Assorted Colors, 10 Pack (FP153L10 ASST)",18,"[1514, 183, 1807, 2083, 331, 1376, 2310, 435, 2363, 683, 421, 1060, 1378]",[],"[1376, 2363, 1556, 49, 378, 1378, 1473, 183, 407, 1060, 1666, 1167, 1807, 2083, 331, 1008, 295, 1636, 421, 1322, 1950, 691, 2082, 2310, 736, 557, 589, 139]"
866,800,"Elmer's Washable All-Purpose School Glue Sticks, .24 oz,  30 Pack (E556)",35,"[2359, 1980, 1135, 903, 505, 243, 774, 890, 238, 1648, 2168, 2386, 1367, 1464]",[],"[1050, 1980, 903, 1082, 774, 1468, 1367, 1464, 505, 1662, 698, 1969, 2386, 1134, 2359, 890, 1924, 1624, 1135, 243, 1872, 2168, 1648, 19, 1755]"
867,448,"3M Foam Wrist Rest , Black, Antimicrobial Product Protection (WR209MB)",11,"[499, 2054, 59, 409, 1797, 2238, 422, 1361, 835, 2211]",[],"[59, 422, 1361]"
868,2211,"Fellowes Memory Foam Wrist Rest, Black (91782)",11,"[499, 2054, 1797, 2238, 448, 1361, 835]",[],"[361, 1861, 834, 1798, 1320, 1361, 745, 1795, 587, 59, 1090, 1675, 2054, 936, 798, 1614, 1797, 2116, 740, 835, 850, 139]"
869,422,"3M Foam Mouse Pad with Wrist Rest, Black, Antimicrobial  Product Protection (MW209MB)",11,"[2241, 419, 59, 1798, 448, 268, 798, 1891, 1320, 155, 1361, 1795, 2211, 835]",[],"[499, 59, 448, 835, 2211]"
870,1365,"Pilot G2 Pro Retractable Gel Ink Roller Ball Pen, Fine Point, Gray Barrel, Black Ink (31147)",39,"[1621, 2273, 674, 818, 573, 1688, 1731, 1484]",[],"[818, 23, 2270, 49, 1824, 1942, 1621, 34, 206, 1688, 1731, 859, 674, 573, 1774, 220, 1534, 1624, 1450, 2273, 484, 1484, 1665, 850]"
871,1524,"Southworth Exceptional Resume Paper, 100% Cotton, 32 lb, white, 100 Count (RD18CF)",25,[1819],[],"[378, 2395, 1394, 407, 361, 573, 484, 447, 1758, 49]"
872,1074,"Brother P-touch Electronic Labeling System, Royal Blue (PT80SCCP)",24,"[1285, 1105, 108, 2165, 851, 296, 1170, 71]",[],[]
873,395,"Wilson Jones Premium Single-Touch Locking D-Ring View Binder, 1 Inch Capacity, Letter Size, White  (W86610)",1,"[2359, 903, 557, 2051, 890, 2168, 1204, 1139, 1309, 1464]",[],"[1617, 1713]"
874,1692,"207 Retractable Gel Pens, Medium Point, Assorted Colored Ink, Set of 8",39,"[1221, 2023, 799, 1347, 2084, 34, 1903, 674, 957, 2012, 53, 1165, 678, 1529, 116, 105]",[],"[2092, 1221, 1165, 678, 590, 1628, 105, 845, 2023, 1150, 34, 1662, 2012, 53, 1167, 2248, 1134, 1453, 1347, 1949, 894, 1903, 674, 2084, 1264, 116, 1286, 842, 1218, 957, 484, 1343, 2257, 589, 2078]"
875,359,"Smead SuperTab Folder, Letter, 11 Point, 1/3 Cut Tab, Manila, 100 Per Box (10301)",18,"[1667, 1514, 966, 1807, 54, 1211, 1376, 2082, 356, 435, 683, 313, 736, 1322, 421, 203, 1523]",[],"[115, 631, 1376, 124, 963, 313, 151, 49, 439, 494, 378, 1378, 54, 407, 1211, 966, 1357, 109, 587, 487, 944, 1807, 1008, 699, 2325, 1583, 850, 1264, 421, 1235, 1322, 1212, 2082, 2237, 1419, 484, 2116, 1234, 435, 769, 736, 557, 589, 139]"
876,197,"Quartet Alphacolor Chalk Sticks, Assorted Colors, 8 Colors, 12/Pack (305003)",14,"[1923, 56, 2104]",[],"[1923, 56, 2104, 1241]"
877,1247,"Sharpie 1883338 King Size Permanent Marker, Black, 4-Pack",39,"[516, 1352, 1153, 47, 1232, 484, 9, 1812, 1216, 220]",[],"[516, 1153, 1232, 1881, 494, 378, 1331, 1216, 254, 939, 171, 1322, 220, 2170, 351, 47, 1396, 484, 2116, 1234, 9, 139]"
878,1248,Private Reserve Arabian Rose Ink Bottle 50 ML,39,"[1837, 1587, 708, 2281, 2002, 2196, 1701, 965, 2330, 902]",[],"[1003, 1587, 708, 2281, 1833, 1020, 2002, 2327, 891, 2330, 965, 1332, 2220, 902, 1920, 1475]"
879,1693,Polder 90401-91H 2-Step Mini-Stool,8,"[2172, 1579]",[],"[220, 730, 2172]"
880,2212,LD &copy; Xerox Phaser 6130 / 6130N Compatible 106R01278 Cyan High Yield Laser Toner Cartridge,28,[2419],[],[]
881,1694,Sparco Steel Mesh Pencil Cup - Black,11,"[1398, 998, 1107, 2237, 361, 1343, 2064, 1235, 587, 850, 139]",[],"[2239, 1217, 1676, 115, 361, 963, 494, 834, 630, 378, 1473, 2088, 505, 1662, 633, 1297, 745, 1013, 966, 587, 2078, 1615, 944, 1807, 998, 1008, 699, 1583, 1264, 421, 1235, 1322, 1212, 2099, 536, 1107, 2237, 1321, 484, 2116, 1343, 769, 1976, 736, 835, 850, 139]"
882,859,"Sharpie Permanent Markers, Ultra Fine Point, Black, 2 Pack (37161)",39,"[516, 903, 1153, 1464, 505, 34, 2085, 1969, 1215, 1134, 1352, 771, 890, 1924, 1065, 1624, 1048, 243, 484, 2168, 1724, 1061]",[],"[1050, 903, 215, 1082, 1228, 188, 1367, 1464, 1150, 505, 34, 2085, 206, 1969, 2386, 1134, 1352, 771, 1636, 890, 1212, 1924, 1623, 220, 1624, 1048, 243, 800, 1504, 484, 1327, 1872, 2168, 1724, 19, 1755]"
883,1366,"Velcro One Wrap Straps, Assorted (90438)",35,"[844, 1682]",[],"[844, 1682]"
884,517,"Stanley Bostitch QuietSharp6(TM) Classroom Pencil Sharpener With 6-holes And Quiet Motor, Blue (EPS10HC)",39,"[591, 847, 371, 1300, 576, 653, 2153, 684, 387, 506, 861, 575, 610, 864, 637, 1497, 278, 687, 878, 1917, 1199, 888, 337, 756, 287, 661]",[],"[1980, 903, 753, 1390, 774, 654, 590, 1367, 2153, 684, 1464, 575, 2005, 1662, 698, 637, 1497, 2386, 1481, 687, 894, 890, 1637, 1135, 800, 337, 769, 1648, 2168, 1755, 139]"
885,1367,"Advantus Polypropylene Pencil Box with Lid, 8.5 x 5.5 x 2.5 Inches, Clear (AVT34104)",14,"[2359, 903, 243, 800, 890, 1969, 2168, 2386, 1755, 1464]",[],"[903, 215, 1082, 774, 1468, 1204, 1464, 505, 1969, 2386, 1013, 1134, 2359, 890, 2058, 1924, 1624, 1135, 243, 800, 1504, 1872, 2168, 1648, 1755]"
886,127,"Canon Photo Paper Plus Glossy II, 4 x 6 Inches, 50 Sheets (2311B022)",25,"[1493, 952, 369, 770, 1224, 826, 187, 549]",[],"[269, 1493, 2234, 1736, 273, 679, 586, 447, 444, 530, 615, 952, 430, 2405, 496, 369, 237, 770, 446, 1568, 1200, 187, 168, 649, 514, 2396, 1436, 826, 549]"
887,1911,Canon 104/FX9 Compatible Toner Cartridge for use in Canon imageCLASS D420 D480 MF4150 MF4270 MF4350D MF4370DN MF4690 &amp; FAXPHONE L90 L120 - Black,28,[],"[1377, 1852]","[1139, 1190, 1432, 819, 1103, 1431, 1377, 1470, 1583, 1852, 1212, 49, 109]"
888,1249,Casio Graphing Calculator (FX-9750GII),4,[],"[1541, 1633, 1590]","[1181, 2393, 1212, 1541, 1633, 1590]"
889,1912,ScanSnap S300M Clr 600DPI USB 10PG Adf Mobile Scanner,30,"[1899, 1045, 470, 1315, 969, 1764, 1416, 1734, 1177, 1042, 954, 1307, 330, 723, 695, 232, 411, 1561, 751, 477, 1435, 786, 1115, 2201, 2379, 860, 814]","[1764, 1042, 786]",[]
890,1250,"3M Lever-Adjust Keyboard Tray with Adjustable Platform, 17-3/4 Inch Track (AKT101LE)",11,"[1525, 423, 904, 640, 650, 397, 603, 1580]",[],[]
891,1525,"Keyboard Tray with Lever Adjust Arm, 17-3/4 Inch Track, Gel Wrist Rest, Black",11,"[1250, 904, 640, 650, 397, 603, 1580]",[],[]
892,706,HP 60 Black / Color Original Ink Cartridge Combo Pack,28,[],"[1014, 1914]","[541, 1914, 895, 447, 1509, 49, 1014, 952, 1252, 1058, 1076, 1079, 112, 911, 1807, 1933, 1240, 2015, 1642]"
893,801,"Office Star 4-Foot Resin Multipurpose Table, Light Grey",34,[],[],"[378, 1473, 2340, 843, 1730, 1331, 2245, 963, 1555, 1673, 850, 139]"
894,965,Noodlers Ink 4.5Oz Heart Of Darkness W/Pen,39,"[1587, 708, 1833, 2196, 891, 1701, 2330, 1332, 902, 1832]",[],"[1837, 1003, 1587, 708, 1833, 1020, 2196, 2327, 891, 2330, 1332, 2220, 902, 1475, 1832]"
895,2213,HP 125A Black Original LaserJet Toner Cartridge,39,[],[],"[2376, 911, 1939, 2102, 1178, 1933, 1517, 705, 484, 2312, 151, 772, 1852, 1368, 737]"
896,1075,"Clear Laminating Pouches, 5mm, 2-1/4&quot; x 3-3/4&quot;, 100/box,UNV84642",1,"[137, 1609, 908, 437, 1699, 901, 1098, 94, 635, 1742, 665, 1501, 25, 194, 1163, 664, 2369, 2205]",[],"[1918, 1699, 267, 1098, 1163, 1609, 664, 137, 2068, 2005, 94, 635, 1742, 966, 1364, 75, 1501, 194, 2205, 2369, 908, 437, 941, 901, 25, 665]"
897,1913,"TOPS Message/Phone Call, Carbonless Duplicate, 2.75 x 5 Inches, 400-Set Book (74620)",25,"[1323, 295, 149, 633, 2189, 2116, 2087, 587]",[],"[115, 963, 313, 151, 49, 1628, 439, 494, 378, 2088, 2102, 89, 407, 633, 112, 966, 2078, 109, 587, 1323, 1713, 1807, 1008, 699, 1583, 1264, 1370, 421, 1817, 1322, 1212, 484, 2116, 1234, 769, 736, 2214, 557, 1368, 139]"
898,745,Rubbermaid Regeneration Plastic Letter Tray 6 Pack (86028),11,"[1615, 2333, 1008, 1235, 1616]",[],"[1398, 1676, 115, 361, 124, 963, 49, 1628, 494, 378, 1473, 2088, 407, 1662, 633, 1260, 966, 2087, 1357, 587, 1134, 1694, 2078, 1615, 1807, 1159, 699, 2325, 1583, 850, 421, 1235, 1322, 1107, 2237, 1419, 484, 2116, 1234, 1343, 769, 736, 1713, 557, 589, 139]"
899,1251,"Parker Jotter Pen, Stainless Steel, Medium Point, Black Ink",39,"[1731, 1691]",[],"[1942, 1691, 34, 1678, 1731, 1999, 803]"
900,746,"Walker Edison 3-Piece Contemporary Desk, Multi",12,[1555],[],"[802, 762, 630, 1788, 2340, 843, 608, 1730, 1781, 1107, 1555, 704, 361, 2362, 1235, 1673, 850]"
901,802,Boss Black LeatherPlus Executive Chair,8,"[1781, 2344, 2340, 1380, 1555, 1673, 2362]",[],"[506, 630, 2344, 746, 2088, 1807, 2340, 156, 704, 2237, 361, 2362, 1260, 1555, 1322, 587, 850, 139]"
902,2214,"Post-it Notes Value Pack,  Assorted Pastel Colors, 24-Pads/Pack",25,"[2092, 1150, 2378, 2088, 1635, 89, 589, 2116, 1979, 1322, 1628, 2087]",[],"[2092, 516, 1676, 115, 1228, 361, 963, 1628, 49, 494, 378, 1150, 1473, 2088, 505, 2102, 89, 407, 1662, 966, 2087, 1357, 1635, 587, 2078, 1807, 699, 2325, 1583, 1000, 1264, 1370, 421, 1322, 842, 484, 2116, 1234, 769, 736, 1713, 1378, 589, 139]"
903,1526,HP Color Laserjet CP1518NI Printer Entry Level Color Laserjet for Us Government,28,"[1898, 1118, 1591, 1004, 990, 560, 1975, 1414, 1593, 933, 2243, 754, 1191, 2213, 2043, 1485]",[2213],[]
904,1368,"Hammermill Tidal MP 20 lb 8 1/2 x 11 Inch Paper, 92 Brightness, 5000 sheets (16200-8)",25,"[2160, 2102, 273, 1058, 447, 49, 487]",[],"[1676, 115, 1752, 313, 151, 49, 1628, 439, 494, 378, 505, 2102, 407, 2101, 966, 2078, 1357, 2376, 1323, 1713, 1807, 699, 2325, 1264, 1370, 421, 1322, 1212, 2237, 1988, 484, 2116, 1234, 769, 736, 2214, 557, 454, 139]"
905,900,GE 28821FE2 Dect 6.0 Digital Cordless Phone and Digital Answering System Featuring GOOG-411 with 2 Handsets,37,"[777, 985, 596, 1299, 412, 975, 993, 1600]",[],[]
906,2215,"3M VHB Heavy Duty Mounting Tape 5952 Black, 3/4 in x 15 yd 45 mil",35,"[199, 1047, 1446]",[],[945]
907,1527,"Officemate Push Pins, Assorted Translucent Colors, 200 Count (35710)",35,"[1645, 158, 1419, 2245, 1322]",[],"[1676, 115, 1730, 1390, 840, 361, 963, 49, 1309, 494, 378, 1473, 2088, 1785, 2397, 407, 1662, 2245, 745, 966, 2078, 321, 587, 1807, 2325, 850, 421, 1322, 2374, 843, 1107, 2237, 865, 1419, 484, 2116, 769, 1396, 19, 736, 1713, 454, 139]"
908,2216,HP Officejet J4580 All In One Printer,0,"[1282, 2225, 913, 2109, 2177, 1440, 305, 1545, 2332, 1304, 2038, 1573, 1784, 1180, 1485, 972, 1142, 1858, 1019, 2206, 427, 1253, 1077, 1411, 1444, 1316, 754, 763, 761, 1268, 1369, 1717, 2349]","[972, 1253]",[]
909,1014,HP 60 Black Original Ink Cartridge,28,[],"[706, 1076, 648]","[706, 541, 717, 1914, 895, 447, 49, 2397, 1252, 1076, 112, 2121, 1253, 1274, 1671, 474, 648, 1229, 19]"
910,1252,HP 60XL CC644WN Tri-color Ink Cartridge in Retail Packaging,28,[],"[706, 1076, 1914]","[706, 1783, 38, 1176, 1141, 717, 1914, 1569, 447, 151, 49, 1014, 952, 2227, 1076, 2326, 1869, 966, 2121, 1995, 152, 1933, 773]"
911,1369,HP 901XL CC654AN#140 Ink Cartridge-Black,28,[],[1253],"[1585, 1783, 717, 1569, 447, 151, 49, 494, 1070, 978, 1591, 1662, 1079, 2326, 1869, 1427, 972, 109, 2376, 1253, 1077, 1933, 1506, 1775, 2122, 2392, 1115, 1111, 1988, 484, 1368]"
912,1914,HP 60 Tri-Color Original Ink Cartridge,28,[],"[1076, 1014, 706, 1252]","[706, 1014, 978, 2122, 648, 1229, 717, 1252, 895, 950, 1299, 1076, 447, 1079, 2326, 355, 49, 220]"
913,1077,HP 901 Tri-Color Original Ink Cartridge,28,[],"[1369, 1253]","[516, 1783, 717, 1569, 49, 1309, 494, 1070, 1014, 978, 1591, 2088, 1875, 950, 1079, 2326, 972, 2121, 1453, 2376, 1253, 1775, 1264, 1817, 1630, 1897, 648, 1229, 705, 484, 1369]"
914,1253,HP 901 Black Original Ink Cartridge,28,[],"[1369, 1077]","[895, 447, 1569, 49, 1537, 1014, 978, 451, 1103, 2136, 1312, 1076, 972, 2121, 887, 1077, 1933, 1671, 2392, 1432, 648, 1229, 1369, 1715]"
915,1076,HP 60XL CC641WN#140 Ink Cartridge-Black,28,[],"[1014, 706, 1252]","[706, 1783, 1176, 1533, 1267, 717, 1914, 1569, 447, 151, 49, 615, 1014, 2136, 1252, 1079, 2326, 2202, 109, 587, 1944, 2376, 1253, 1995, 1077, 1933, 1775, 1322, 1111, 692, 484, 769, 1369]"
916,1157,Brother MFC-7840W Laser Multifunction Center,0,[],"[151, 917, 705]","[968, 705, 2262, 1518]"
917,1528,"ALEENES 15599 All Purpose Glue, 8-Ounce",35,"[1915, 1695]",[],"[1695, 800, 263]"
918,1915,"Beacon Fabri-Tac Permanent Adhesive, 4-Ounce",14,[1528],[],[]
919,1695,"Mod Podge CS11202 Original 16-Ounce Glue,  Gloss Finish",35,[1528],[],"[1739, 1528]"
920,268,"3M Mouse Pad with Gel Wrist Rest, Daisy Design (MW308DS)",11,"[2241, 317, 1361, 59, 1798, 798, 2110, 1797, 1320, 1974, 1795]",[],"[2372, 317, 1661, 1798, 1575, 798, 361, 245, 1797, 1165, 2238, 1320, 835, 589]"
921,1158,"Tombow Mono Hybrid-Style Correction Tape Pen, Non-Refillable, 0.16 x 394 Inches, 3 Pens per Pack (68707)",39,[],[1713],"[516, 1676, 115, 124, 590, 151, 1628, 494, 378, 139, 1473, 2088, 505, 407, 1260, 966, 2087, 1357, 1635, 109, 587, 1134, 1713, 2078, 911, 1807, 699, 1583, 850, 1264, 1370, 846, 421, 1322, 1212, 1812, 1540, 2381, 735, 2237, 484, 2116, 769, 736, 2214, 1368, 589, 1934]"
922,155,"3M Precise Mouse Pad with Repositionable Adhesive Backing, Battery Saving Design, 8.5 in x 7 in",11,"[834, 1962, 536, 59, 704, 1891, 997]",[],"[536, 59, 704, 412, 361, 1343, 740, 835, 587, 1861]"
923,1697,"Boise Fireworx Color Copy/Laser Paper, 20 lb, Letter Size (8.5 x 11), Luminous Lavender, 500 Sheets (MP2201-LV)",25,"[2219, 1918, 447]",[],"[1918, 1676, 774, 313, 49, 494, 378, 407, 2227, 112, 966, 2087, 1357, 109, 587, 1713, 2219, 699, 421, 1322, 941, 800, 484, 2116, 769, 2214, 139]"
924,1696,"Snap-N-Store Collapsible Index Card File Box, Holds 1100 Cards of 5 x 8 Inches, Black (SNS01647)",18,"[2290, 865, 2374, 1624]",[],"[215, 1228, 840, 589, 1758, 49, 1464, 2290, 1137, 1134, 1352, 1807, 1925, 894, 1638, 2374, 1624, 865, 736, 557, 850]"
925,803,Ampad 20-208 Evidence 3&quot; x 5&quot; Narrow Perforated Writing Pads - White (12 Pads of 50 Sheets Each),25,"[2275, 2244, 1167]",[],"[115, 2348, 2274, 963, 49, 1628, 494, 378, 1473, 2088, 505, 2275, 2087, 1167, 1635, 587, 1807, 1925, 1636, 1583, 1774, 1212, 220, 2381, 2244, 47, 2237, 484, 2116, 19, 736, 557, 1336, 1676]"
926,1159,"Swingline Rubber Finger Tips, Size 11 1/2, Medium, 12/Box (54035)",11,[],[],"[2239, 516, 1676, 115, 840, 1376, 313, 494, 378, 139, 1473, 2088, 2005, 407, 2125, 633, 1470, 1260, 745, 1208, 2087, 1357, 109, 966, 587, 2078, 1807, 1583, 850, 1264, 1370, 421, 1322, 2381, 1107, 484, 1333, 1234, 2116, 769, 736, 1713, 589, 1934]"
927,1078,Crayola 10-Pack Fabric Markers,39,"[845, 136, 2235]",[],"[845, 136]"
928,410,"Smead Folder, Letter, 11 Point, 1/3 Cut Tab, Cutless, Manila, 100 Per Box (10341)",18,"[1807, 54, 356, 421, 313]",[],[]
929,1698,"Pilot Precise V5 RT Retractable Rolling Ball Pens, Extra Fine Point, Blue Ink, Dozen Box (26063)",39,[],[],"[516, 115, 1228, 361, 1628, 378, 1662, 1663, 53, 206, 1731, 454, 966, 587, 1134, 1453, 1807, 1925, 1949, 1008, 699, 573, 1264, 1370, 1235, 1286, 842, 1391, 843, 1107, 2237, 773, 484, 2116, 659, 589]"
930,1529,"Pentel R.S.V.P. Ballpoint Pen, Medium Point, Assorted Ink Colors, 8 Pack  (BK91CRBP8M)",39,"[1453, 2023, 2084, 34, 894, 1903, 1692, 2012, 1165, 1063]",[],"[115, 361, 1165, 1324, 1150, 505, 34, 2012, 53, 698, 1663, 206, 1167, 1134, 1453, 799, 539, 1481, 1925, 2084, 894, 1903, 1636, 2317, 2051, 2228, 1979, 1063, 1065, 1624, 957, 2116, 557, 589, 2078]"
931,1160,"Mead #6 3/4 Security Envelopes, 80 Count (75212)",16,"[2186, 1462, 1952, 946, 734, 1394, 407, 1141, 2028, 960, 2101, 1509]",[],"[1952, 115, 1141, 447, 963, 313, 1336, 1509, 49, 1628, 2186, 494, 378, 505, 89, 407, 1877, 1011, 112, 966, 2087, 1167, 1944, 587, 1807, 1394, 734, 699, 850, 1370, 421, 1322, 1212, 220, 1462, 484, 2116, 19, 736, 454]"
932,1370,"Quality Park Dab-n-Seal Envelope Moistener, 50 ml, 1 Bottle (46065)",16,"[1447, 407, 421, 2101, 1391]",[],"[1447, 516, 361, 151, 49, 494, 378, 139, 1473, 2088, 505, 407, 1470, 966, 2087, 1357, 109, 587, 1134, 1713, 1807, 699, 1583, 1264, 421, 1322, 1212, 1391, 2237, 484, 2116, 1234, 769, 736, 2214, 1368, 589, 1934]"
933,1916,"Cardinal by TOPS Products XtraValue Slant-D Ring Binder, 3 Inch Capacity, Black (XV632)",1,"[840, 114, 1935, 2195, 1472, 1139]",[],"[516, 115, 840, 963, 1472, 1628, 49, 1309, 494, 378, 1150, 2102, 2005, 407, 2195, 966, 1357, 587, 1713, 699, 2325, 1583, 1264, 1086, 1370, 421, 114, 1322, 1540, 243, 484, 2116, 1234, 769, 733, 736, 1139, 557, 1368, 589, 139]"
934,463,"Avery Easy Peel Inkjet Return Address Labels, 2/3 x 1-3/4, White, 1500/Pack (8195)",22,"[1447, 320, 2039, 433, 225, 109, 460, 1625, 334, 392, 112, 142, 304, 1018, 439, 249]",[],"[1447, 516, 320, 38, 946, 460, 267, 334, 49, 304, 439, 1421, 494, 1611, 1466, 407, 1625, 635, 960, 112, 1231, 142, 966, 1215, 1357, 1018, 392, 109, 2376, 249, 1807, 699, 75, 1370, 421, 1616, 47, 2095, 484, 182, 736, 335]"
935,1371,"Paper Mate Profile Retractable Ballpoint Pens, 4 Black Ink Pens(89471)",39,"[494, 1050, 903, 1481, 505, 243, 34, 1132, 1636, 2348, 1165, 1297, 1336, 1641, 1134, 2248]",[],"[1683, 1050, 903, 215, 1082, 1228, 840, 1165, 1336, 1367, 49, 494, 378, 505, 34, 1755, 53, 206, 1969, 2087, 1134, 37, 1481, 1807, 1925, 1949, 859, 699, 1636, 890, 2058, 1259, 421, 1322, 842, 220, 1624, 243, 484, 195, 2261, 19, 1368, 589]"
936,1699,"Thermal Laminating Pouches, 3.7 Inches x 5.2 Inches, 20 Pouches (TP5902-20)",27,"[1965, 1098, 1609, 1163, 664, 137, 94, 1742, 635, 1364, 1501, 1075, 194, 2205, 2369, 908, 437, 901, 104, 420, 25, 665]",[],"[438, 1098, 267, 1163, 664, 137, 378, 1137, 407, 94, 1742, 635, 1663, 1364, 1501, 1075, 1799, 194, 2205, 2369, 908, 437, 941, 901, 484, 578, 665]"
937,1254,"Sticky Ass Glue SAG4OZ Waterproof Stubbornly Strong Glue, 4-Ounce",35,[],[],[]
938,901,"Scotch Thermal Laminating Pouches, 4.37 Inches x 6.36 Inches, 20 Pouches (TP5900-20)",27,"[1965, 191, 1699, 1098, 1609, 1163, 664, 137, 94, 635, 1742, 1364, 1501, 1075, 194, 2205, 2369, 908, 437, 104, 25, 665]",[],"[1699, 267, 1098, 1328, 1163, 664, 137, 1473, 94, 635, 747, 1742, 142, 587, 108, 1364, 1264, 1501, 1075, 194, 2205, 2369, 908, 437, 1644, 484, 25, 1061, 665]"
939,1161,HP 564XL Ink Cartridge in Retail Packaging-Cyan,28,[],"[1427, 1111, 717]","[516, 1783, 1952, 1176, 717, 447, 2312, 1569, 2253, 772, 2254, 49, 804, 1748, 1537, 1531, 952, 2136, 2038, 950, 1079, 1530, 1427, 2376, 1993, 1077, 699, 1255, 1775, 1640, 1714, 421, 1939, 1229, 1111, 484, 1369, 947]"
940,1530,HP 564XL CB321WN#140 Ink Cartridge-Black,28,[],"[1427, 1111, 717, 1783]","[1427, 2376, 1531, 1993, 1783, 1111, 717, 2038, 1255, 1079, 1161, 804, 1748]"
941,804,HP 564 Ink Cartridge in Retail Packagings- Combo Pack,28,[],"[1993, 1079, 1783]","[1783, 717, 447, 1748, 49, 1531, 952, 407, 2136, 2038, 1079, 1427, 1530, 1993, 699, 1506, 763, 1257, 1111, 484, 139]"
942,1255,HP 564XL CB324WN#140 Ink Cartridge in Retail Packaging-Magenta,28,[],"[1427, 1111, 717]","[1783, 717, 1508, 447, 2312, 1569, 2253, 1161, 2254, 49, 804, 1748, 1537, 1531, 952, 2038, 950, 1079, 1530, 1427, 2121, 2376, 1993, 1077, 699, 1775, 1640, 1714, 2255, 2122, 1939, 1229, 1111, 1257, 1369, 1612, 947]"
943,1531,HP 564XL Photo Ink Cartridge in Retail Packaging (CB322WN#140),28,[],"[1111, 1783, 2038]","[1427, 2386, 1993, 1783, 952, 1111, 717, 2038, 1255, 1775, 447, 1079, 1161, 2202, 1748, 49, 804]"
944,1079,HP 564 Black Original Ink Cartridge,28,[],"[1993, 1783]","[706, 1783, 1289, 717, 1517, 447, 1161, 1748, 49, 804, 1070, 1531, 2038, 1427, 1530, 1993, 1933, 1255, 763, 1240, 648, 1178, 1111, 1369, 19]"
945,1917,Royal P10 Electric Pencil Sharpener,39,"[591, 1980, 371, 517, 1300, 576, 654, 653, 2153, 1464, 387, 506, 575, 1497, 278, 662, 687, 878, 888, 523, 337]",[],"[1980, 516, 903, 774, 361, 963, 1367, 1628, 1464, 494, 506, 378, 1473, 575, 2088, 505, 633, 1663, 698, 1969, 2386, 1013, 2078, 587, 1134, 249, 687, 1925, 890, 1637, 846, 622, 1135, 243, 800, 484, 2116, 1234, 1648, 2168, 736, 557, 139]"
946,236,"Scotch(TM) Thermal Laminating Pouches, 8.9 Inches x 11.4 Inches, 50 Pouches (TP3854-50)",27,"[191, 1699, 1098, 1328, 1163, 664, 137, 94, 635, 1742, 1364, 1501, 1075, 194, 2205, 2369, 908, 437, 901, 104, 420, 25, 665]",[],"[1699, 460, 618, 267, 840, 1098, 1163, 1826, 137, 575, 1137, 1662, 2005, 94, 635, 1742, 1663, 112, 1364, 1086, 82, 1075, 194, 2205, 2369, 908, 437, 941, 901, 1644, 1396, 484, 733]"
947,2217,HP LaserJet P2055dn Printer Monochrome,29,[],[1933],"[1898, 1588, 1591, 2332, 786, 1975, 1933, 2284, 2278, 751]"
948,2218,Polaroid Zink Media Photo Paper for Polaroid Pogo Cameras and Printers,25,[],[],[747]
949,902,Lamy Safari Converter Z24,39,"[1003, 708, 2281, 1833, 891, 965, 1332, 2220, 1383, 1920, 1475, 1832]",[],"[1003, 1587, 708, 2281, 1833, 2196, 2327, 891, 1701, 965, 1332, 2220, 1383, 1920, 1475, 1832]"
950,1256,Epson Stylus Photo R2880 Wide-Format Color Inkjet Printer (C11CA16201),29,[],"[369, 1301, 1298]","[694, 583, 2289, 917, 2332, 862, 718, 369, 1073, 86, 1030, 446, 1420, 1301, 920, 1033, 1298, 1482, 102]"
951,172,"Wilson Jones Big Mouth Filer, Vertical Orientation, Dark Blue (W68583)",18,"[183, 331, 295, 2363, 1060, 159, 1666]",[],"[183, 2083, 34, 1725, 2310, 1060, 1666]"
952,1918,"Boise Fireworx Color Copy/Laser Paper, 20 lb, Letter Size (8.5 x 11), Crackling Canary, 500 Sheets (MP2201-CY)",25,"[2219, 49, 447, 1697]",[],"[1676, 151, 49, 1697, 494, 378, 2088, 2102, 407, 966, 2087, 1357, 109, 587, 1807, 2219, 2271, 421, 1322, 1212, 2381, 941, 800, 484, 2116, 769, 1713, 1336, 1934]"
953,2219,"Boise Fireworx Color Copy/Laser Paper, 20 lb, Letter Size (8.5 x 11), Flashing Ivory, 500 Sheets (MP2201-IY)",25,"[1918, 447, 1697, 2102]",[],"[1918, 946, 893, 447, 49, 1697, 494, 2088, 505, 2102, 407, 635, 2202, 966, 109, 1357, 699, 421, 1322, 941, 484, 1234, 1713, 1368]"
954,1080,"Officemate Recycled 2-In-1 Heavy Duty Tape Dispenser, Black (96690)",35,"[1473, 1467, 185, 60, 1466, 699, 543, 1331, 846, 963, 1905, 1808, 254, 587, 48]",[],"[963, 852, 2289, 1421, 378, 1562, 1466, 1088, 1331, 550, 1422, 112, 1700, 109, 1357, 587, 853, 1276, 171, 699, 1274, 1149, 846, 466, 1295, 47, 543, 484, 547, 1905]"
955,440,"Quartet Arc Cubicle Combination Board, 30&quot; x 18&quot;, Whiteboard/Cork Surface, Aluminum Frame (ARCCB3018)",26,"[1770, 1730, 2245, 884, 154, 223, 2357]",[],"[1770, 1615, 843, 1419, 154]"
956,1919,Texas Instruments TI-34 MultiView Scientific Calculator,4,[],"[599, 1185, 1359]","[903, 774, 599, 1665, 1464, 505, 34, 1617, 206, 1969, 2386, 1208, 2087, 1633, 1134, 2078, 2359, 890, 1185, 1624, 243, 800, 865, 1139, 1755, 1559]"
957,2220,"Lamy Refills Converter for Safari, Joy, AL-Star Fountain Pen - LZ24",39,"[1003, 708, 2281, 1383, 1833, 891, 965, 1332, 902, 1920, 1832]",[],"[1003, 1587, 708, 2281, 1833, 902, 2327, 891, 1701, 965, 1332, 2330, 1383, 1920, 1475, 1832]"
958,2221,Aurora  AU1215XB 31215 12-Sheet Medium-Duty Cross-Cut Shredder,24,"[1266, 621, 581, 1243, 532, 156, 196, 217, 992, 488, 625, 525, 622]","[156, 217, 196]",[]
959,1372,Livescribe 8.5 x 11 Single Subject Notebook #1-4 (4-pack),25,[],[],"[2275, 1309, 1481, 1783]"
960,1162,"Livescribe Sky / Echo / Pulse Ink Refill 5-pack (4 Blue Med, 1 Red Fine)",39,[],[1372],"[1372, 2275, 1167]"
961,2222,"Sharpie Retractable Ultra Fine Point Permanent Markers, 8 Colored Markers (1742025)",39,"[1350, 516, 1363, 188, 200, 845, 2395, 119, 53, 1215, 1216, 1352, 771, 1636, 1286, 2288, 1065, 484, 1724, 1061, 2233]",[],"[1350, 1985, 516, 1228, 5, 1165, 188, 907, 1769, 1363, 1758, 200, 1628, 49, 845, 2023, 1150, 2395, 1987, 89, 34, 2012, 53, 119, 2231, 2386, 1216, 1215, 1666, 1134, 799, 1352, 894, 859, 771, 1636, 2291, 370, 421, 1774, 1641, 1065, 800, 1061, 484, 2116, 1724, 19, 2214, 589, 1676]"
962,2223,Kantek CS200B Mobile Stand for CPU,7,[],[],"[1473, 630, 1358, 1575, 836, 1988, 2251, 730, 1096, 1479, 2210]"
963,1700,1000 Half Sheet Laser/Ink Jet Shipping Labels (Compare to Avery 5126),22,"[1562, 853, 38, 1660, 1498, 466, 1659, 1379, 550, 1684, 1418, 1231, 915, 1110, 2289, 1018, 1009, 1421]",[],"[1863, 819, 1660, 1659, 1379, 49, 1147, 1562, 1498, 1088, 958, 550, 1009, 1018, 1068, 853, 1864, 171, 1149, 1684, 466, 2004, 47, 543]"
964,2224,"LapWorks 10&quot; Heavy Duty Swivel With Steel Ball Bearings for Indoor/Outdoor Use With Flat Panel Monitors, Tv's, Potted Plants and Stereo Speakers",11,"[2318, 480]",[],"[375, 904, 86, 2318, 1479]"
965,1920,"Lamy Safari Fountain Pen, Blue (L14F)",39,"[1003, 708, 1383, 1833, 891, 1332, 2220, 902, 1832]",[],"[1003, 1587, 708, 539, 2281, 902, 1020, 2196, 2327, 891, 965, 1332, 2220, 1383, 1832]"
966,2225,HP OfficeJet J4680 All-in-One Wireless Printer,0,"[1067, 913, 2177, 2216, 813, 2016, 1304, 577, 2038, 1180, 972, 1858, 1019, 2206, 778, 1253, 922, 1077, 1411, 868, 763, 897, 761, 2019, 1268, 1369, 459]","[1369, 1077, 1253]",[]
967,1921,"PaperPro Full Strip Standard office Staples, 5000/Box  (1901)",31,"[1676, 115, 124, 963, 244, 378, 365, 1473, 245, 285, 1260, 1055, 1056, 1704, 966, 2087, 587, 1944, 944, 1458, 1322, 1373, 2381, 1910, 2237, 773, 484, 19, 139]",[],"[115, 361, 963, 1336, 49, 494, 365, 378, 1473, 2088, 505, 89, 407, 633, 245, 285, 1470, 1260, 2401, 966, 2087, 587, 1944, 1134, 158, 1807, 998, 699, 2325, 1583, 846, 421, 1322, 1373, 140, 2381, 1910, 2237, 773, 484, 769, 19, 736, 850, 139]"
968,1922,Brother MFC-6490CW Wireless All-in-One Inkjet Printer,0,"[1201, 426, 583, 1429, 1440, 1314, 1938, 1122, 917, 2272, 1793, 458, 1784, 1303, 427, 336, 1411, 1108, 1417, 716, 783, 1646, 459, 2349]",[1201],[]
969,903,"Dixon Ticonderoga Wood-Cased Pencils, #2 HB, Yellow,  Box of 12 (13882)",39,"[1050, 1980, 1082, 774, 1367, 1464, 505, 698, 1969, 2386, 1134, 2359, 890, 2058, 1924, 1624, 1135, 243, 800, 1504, 1872, 2168, 1755]",[],"[1050, 215, 1082, 1468, 1367, 1464, 979, 505, 34, 53, 206, 1969, 1134, 2359, 859, 890, 1624, 1135, 243, 800, 484, 2168, 19, 1755]"
970,1923,Deluxe Chalk Keeper Holder,35,"[197, 2104]",[],"[1241, 1662, 2104, 56, 197, 1013]"
971,1258,"Sparco Nickel Plated Call Bell, 2 3/4-Inch High, 3 3/8-Inch Base, Chrome/Black (SPR01583)",11,[],[],"[1473, 2097, 2104, 484, 1013, 587]"
972,1257,"HP Inkjet Paper, 97 Bright, White, 500 Sheets/Ream, 8 1/2&quot; x 11&quot;, 24 lb.",25,"[1582, 938, 1819, 273, 1058, 1461, 1656, 1610, 1066, 447, 770, 2202, 49, 947]",[],"[541, 1267, 1141, 1461, 1656, 447, 444, 49, 804, 48, 2186, 494, 378, 952, 451, 407, 1252, 980, 112, 2202, 2376, 1993, 1819, 1066, 1775, 237, 1640, 1684, 421, 220, 2392, 649, 938, 648, 941, 47, 1111, 484, 1436, 2168, 182, 19, 826, 1335, 508, 947]"
973,1701,"Parker Super Quink Permanent Ink Refill, 2-ounce Bottle, Black, (3001100)",39,"[708, 2281, 891, 2330, 965, 1332, 2229]",[],"[1837, 1587, 708, 902, 1020, 891, 2330, 1332, 1383, 2229, 1832]"
974,2227,"Quality Park Catalog Envelope, 6 inches x 9 inches, White, Redi-Strip,  100 Envelopes (44182)",16,"[853, 1394, 1864, 407, 1659, 2271, 2093, 960, 1817, 1509]",[],"[946, 460, 1379, 1509, 151, 49, 1628, 1697, 378, 2039, 407, 112, 1009, 966, 2087, 1700, 109, 249, 853, 1807, 1394, 734, 699, 1264, 421, 1817, 1322, 466, 2381, 2004, 941, 1644, 484, 2116, 769, 1378]"
975,2226,Waterman Black Medium Point Ballpoint Pen Refill,39,"[1622, 2353]",[],"[1824, 573, 2353, 1251]"
976,1015,Jumbo Deluxe Metal Bookend (9&quot;),11,"[1519, 1930]",[],"[1398, 115, 1752, 361, 494, 1473, 378, 633, 1519, 966, 587, 1807, 850, 1616, 622, 1285, 1930, 1107, 2116, 557, 589]"
977,966,"ACCO Economy #1 Paper Clips, Non-skid, Size #1, 10 Pack (A7072385)",35,"[1985, 115, 963, 494, 378, 1473, 139, 2088, 505, 633, 1260, 2401, 2087, 1134, 587, 1807, 699, 2325, 1264, 421, 1322, 2237, 484, 769, 2116, 1921, 19, 1676]",[],"[516, 1676, 115, 361, 124, 963, 1509, 49, 1628, 494, 378, 139, 1473, 2088, 505, 407, 633, 1260, 2078, 2087, 1357, 1944, 109, 587, 1134, 1713, 1807, 998, 699, 2325, 850, 1264, 846, 1322, 1212, 2099, 2381, 1743, 2237, 484, 2116, 769, 1921, 19, 736, 2214, 557, 1368, 589, 1934]"
978,1081,"GBC HeatSeal QuickStart H320 Pouch Laminator, Black, 12.5 Inches (1703000)",27,"[137, 383, 908, 437, 511, 1364, 677, 354, 94, 1742, 666, 760, 194, 2205, 676, 664]",[],"[635, 908, 420, 1501]"
979,495,"Paper Mate 35830 Profile Retractable Ballpoint Pens, Purple, 12-Pack",39,"[494, 1050, 1371, 1481, 505, 243, 34, 1132, 890, 1297, 1165, 484, 1336, 1641, 1134, 2248, 2078]",[],"[1050, 903, 1082, 774, 1165, 1336, 599, 1628, 49, 1464, 494, 378, 505, 34, 53, 206, 1969, 2386, 966, 2087, 1134, 587, 2078, 2359, 1481, 1807, 1925, 1636, 2228, 890, 2058, 1322, 243, 865, 484, 2116, 2261, 2168, 769, 557, 589, 139]"
980,904,"3M Knob Adjust Keyboard Tray, Standard Platform, Gel Wrist Rest, Precise Mouse Pad, 17 in Track, Black",11,[],[],"[516, 2341, 1090, 1358, 293, 740, 1023, 918, 835, 1479, 587, 1580]"
981,2228,Sharpie Liquid Pen-Style Highlighters-Assorted-10 ct,39,"[845, 894, 589, 1636, 2257, 53, 1325, 1134, 1726, 2078]",[],"[1350, 516, 1228, 1769, 1529, 1628, 845, 2023, 1473, 2395, 2290, 34, 1663, 53, 206, 1134, 1694, 799, 1481, 1807, 2250, 1347, 894, 1903, 1692, 1951, 2051, 2017, 1264, 1370, 421, 1063, 1286, 1325, 484, 2116, 1234, 1061, 2257, 589, 2078]"
982,2229,"Fountain Pen Refill Cartridges, permanent Blue Ink, 5/Pack PAR30160",39,"[891, 1701, 1020]",[],"[539, 708, 1020, 1701, 1383]"
983,1082,"Paper Mate White Pearl Premium Erasers, White, 3 Pack  (70624)",39,"[1050, 903, 774, 907, 1367, 1464, 505, 698, 1969, 2386, 1134, 2359, 1481, 1925, 890, 1924, 842, 1624, 1053, 1135, 243, 800, 2168, 1648, 1755]",[],"[1050, 903, 215, 774, 599, 1367, 1464, 505, 34, 698, 1969, 2386, 1013, 1134, 2359, 1481, 1925, 890, 2058, 1084, 1924, 842, 1624, 243, 800, 1504, 484, 1872, 2168, 1755, 1559]"
984,1373,"Sparco Long Reach Stapler, 20 Sheet Capacity, Standard Staples, Putty/Black (SPR01316)",31,"[378, 944, 164, 115, 267, 2124, 1260, 124, 1813, 590, 1056, 1704, 1921, 1335, 139]",[],"[1676, 618, 267, 2161, 124, 1222, 1328, 494, 378, 2124, 635, 1056, 2202, 284, 587, 941, 1928, 901, 1644, 800, 1396, 1921, 139]"
985,360,"Smead Translucent Slash Jacket, 3 Hole Punched, Letter Size, Clear, 5 per Pack (89506)",18,"[1740, 2083, 2310, 1617, 82, 2070, 557]",[],"[76, 2072, 840, 1472, 49, 1309, 20, 1740, 1617, 2070, 1666, 1453, 2359, 2083, 295, 2325, 2051, 82, 421, 243, 214, 2310, 733, 736, 557, 1523]"
986,905,HP Photosmart B8550 Inkjet Photo Printer,29,"[2184, 896, 1035, 694, 426, 1314, 1440, 1256, 586, 862, 2038, 627, 1632, 1093, 1019, 427, 567, 369, 336, 1073, 1411, 1341, 657, 1520, 716, 1301, 1298, 1482]","[369, 1314, 586]",[]
987,805,"Sharpie 1742665 Fine Point Pen, Red, 12-Pack",39,"[2233, 516, 1215, 1457, 484, 1774, 1286, 2288]",[],"[516, 1804, 2348, 49, 494, 378, 1150, 183, 1329, 505, 1662, 53, 206, 966, 1215, 1167, 1134, 1453, 1481, 1807, 1925, 894, 573, 2228, 2086, 421, 1322, 1063, 1774, 2374, 1286, 842, 2288, 484, 2116, 1678, 769, 19, 736, 557, 2233, 589, 2078]"
988,860,Epson B11B190011 WorkForce GT-1500 Document Scanner,30,[],"[1115, 1042, 232]","[2033, 1598, 1591, 2332, 1276, 1975, 922, 1593, 1933, 2389, 86, 1988, 695, 232, 151, 2043]"
989,1163,"Scotch TP5851-20 Thermal Laminating Pouches, 2.3 Inches x 3.7 Inches, 20 Pouches",27,"[1965, 1699, 1098, 1609, 664, 137, 94, 1742, 635, 1364, 1501, 1075, 194, 2205, 2369, 908, 437, 901, 25, 665]",[],"[1699, 1098, 267, 664, 137, 94, 1742, 635, 75, 1501, 1355, 1075, 194, 2205, 2369, 908, 437, 1928, 901, 25, 665]"
990,1702,"Techni Mobili Mobile Laptop MDF Cart with Storage, Woodgrain, 22-Inch W by 16-Inch D by 44-Inch H",11,"[1197, 1186, 2111, 1596, 2345, 1296]",[],"[1276, 1662, 484, 1596, 2338, 1479, 2078]"
991,747,Canon KP-108IN Color Ink Paper Set 3115B001,25,[875],[],"[875, 2028, 770, 2057]"
992,775,Scotch&reg; Heat Free Laminating System LS960,27,"[191, 1699, 1098, 1328, 1609, 664, 137, 383, 94, 1742, 635, 676, 1364, 1501, 194, 2205, 908, 437, 760, 665]",[],[]
993,1532,"Scotch&reg; Bubble Mailer 7915-25-CS, 10.5 Inches x 15.25 Inches, Size 5, 25-Pack",16,"[1068, 853, 1658, 1864, 1349, 1659, 1312, 1865, 741, 958, 550, 1009, 2334, 2181]",[],"[38, 1659, 1379, 1232, 49, 449, 407, 1011, 1312, 1297, 958, 550, 112, 1009, 1231, 109, 1068, 853, 1658, 1394, 939, 171, 1864, 613, 699, 1274, 421, 466, 1954, 220, 47, 1349, 543, 484, 741, 2116, 1865, 19, 915]"
994,48,"Scotch Easy-Grip Tape Dispenser, 1.88 Inches x 600 Inches ( DP-1000)",35,"[2252, 1467, 60, 1080, 62, 185, 171, 2346, 47, 1331, 1011, 1274, 2319, 254, 16, 852, 220]",[],"[516, 1379, 1232, 1881, 49, 852, 1473, 2102, 407, 1088, 1331, 1312, 550, 1422, 1231, 1635, 1357, 587, 939, 171, 699, 1274, 1583, 1449, 846, 1264, 421, 466, 1322, 2099, 47, 1257, 543, 484, 2116, 19, 736, 1247]"
995,1083,"Saunders SlimMate Plastic Storage Clipboard, 00559, Letter Size (8.5 inch x 12 inch), Blue",19,[1396],[],"[516, 115, 840, 23, 49, 494, 378, 505, 1625, 633, 1060, 966, 1134, 1807, 1583, 252, 843, 1107, 1419, 484, 1396, 1139, 1247, 139]"
996,2230,"Vaultz Locking Pencil Box, 8.25 x 5.5 x 2.5 Inches, Ruby Bling with Skull (VZ01480)",11,"[1367, 2375]",[],"[903, 1082, 774, 188, 678, 654, 1367, 1464, 505, 34, 1340, 698, 2386, 1134, 1352, 1481, 1925, 890, 1084, 957, 243, 800, 2168, 1755]"
997,1084,"Maped Classic 1-Hole Metal Pencil Sharpeners,  Grey, 2-Pack (006602)",39,"[1544, 903, 687, 243, 888, 1082, 698, 890, 1716, 654, 2386, 2153, 278, 1755, 1464, 2377]",[],"[1980, 903, 2282, 1082, 1777, 774, 907, 1233, 1367, 49, 1464, 494, 505, 698, 1969, 2386, 278, 1134, 687, 1925, 890, 1544, 1924, 1053, 2365, 1135, 243, 1928, 800, 484, 1872, 2168, 19, 1665, 2377]"
998,1703,"Brother LC61CL 3-Pack Ink Cartridge, 500 Page-Yield, Cyan Magenta Yellow",28,[],"[1182, 2380]","[49, 494, 378, 2354, 1201, 2001, 1595, 151, 1773, 1182, 2380, 2289]"
999,1924,"Dixon Prang Presharpened 7-Inch Colored Pencils, 12-Color Set (22120)",39,"[1050, 2359, 903, 505, 243, 800, 1755, 1504, 890, 2058, 1969, 2168, 2386, 1367, 1134, 1464]",[],"[1050, 903, 215, 1082, 774, 1468, 1367, 1464, 505, 34, 1617, 698, 1969, 2386, 1134, 2359, 859, 890, 2058, 1624, 243, 800, 871, 1504, 484, 1872, 2168, 1648, 1755]"
1000,1259,"BIC Mechanical Pencil with Colorful Barrels, Thick Point (0.9 mm), 24 Pencils",39,"[1683, 246, 1481, 505, 1925, 34, 1949, 243, 1729, 1340, 890, 206, 195, 1678, 1721, 842, 1134, 2339]",[],"[1683, 1050, 516, 903, 1082, 774, 907, 1758, 1628, 494, 183, 505, 34, 1662, 1340, 53, 206, 1721, 2386, 1134, 2359, 1481, 1925, 890, 2058, 2374, 842, 1053, 1624, 243, 800, 865, 484, 195, 2168, 557, 1665, 1336, 2078]"
1001,2231,"Sharpie 30588PP Oil-Based Extra Fine Point Paint Marker, Metallic, 2-Pack",39,"[1329, 1987, 2395, 771, 1724, 1929, 1061, 1215]",[],"[516, 1769, 1929, 200, 845, 2395, 1987, 1329, 1215, 859, 771, 2017, 1370, 1065, 2222, 1511, 484, 1724, 659, 1061, 136, 263, 1170]"
1002,1925,"BIC Mechanical Pencil with Colorful Barrels, Fine Point (0.5 mm), 24 Pencils",39,"[1050, 903, 493, 1082, 23, 494, 505, 34, 1729, 1340, 53, 206, 1134, 1481, 1949, 890, 2058, 1259, 842, 243, 195, 1820, 2261, 1678]",[],"[1050, 903, 215, 1082, 774, 1228, 907, 1336, 49, 1464, 494, 505, 34, 1662, 53, 206, 1260, 1969, 2386, 1134, 2359, 1481, 628, 1636, 890, 2058, 1624, 243, 800, 865, 484, 2261, 2393, 1648, 2168, 1139, 557, 589, 2078]"
1003,680,"Swingline SmartCut EasyBlade Plus Rotary Paper Trimmer, 12 Inch, 15 Sheet Capacity, Gray and Green (8912)",10,"[592, 757, 605, 318, 267, 916, 578, 284]",[],"[908, 1373, 421, 115, 1364, 941, 1098, 94, 1264, 112, 1163, 966, 49, 109]"
1004,124,"Swingline LightTouch Reduced Effort Stapler, 50% Easier, 20 Sheets, Black (S7066402)",31,"[115, 1813, 963, 590, 1500, 378, 1473, 139, 164, 633, 245, 1260, 1055, 1704, 587, 820, 944, 1218, 735, 2237, 773, 303, 1335, 1676]",[],"[1317, 1676, 361, 1813, 963, 590, 1628, 49, 494, 378, 630, 1473, 505, 407, 633, 1728, 1704, 966, 2078, 587, 1944, 1134, 1713, 1807, 1008, 699, 2325, 1583, 850, 1264, 846, 421, 1322, 140, 735, 1218, 1107, 2237, 1321, 484, 1333, 2116, 769, 1343, 19, 736, 2214, 1976, 589, 139]"
1005,295,"Smead Project Organizer, Letter Size, 10 Pockets, Navy (89200)",5,"[1060, 331, 149, 2310, 165]",[],"[76, 1060, 2083, 331, 1008, 149, 216, 2310, 396, 1343, 1769, 165, 1758, 2189, 589, 455]"
1006,1704,"Swingline Compact LightTouch Reduced Effort Stapler, 20 Sheets, Black (66412)",31,"[115, 1813, 124, 590, 378, 365, 1473, 164, 633, 245, 1055, 1260, 944, 348, 1910, 773, 303, 1335, 139]",[],"[115, 361, 124, 963, 590, 151, 1628, 49, 494, 378, 630, 1473, 505, 1662, 633, 1055, 1969, 966, 587, 1134, 1694, 344, 1615, 1807, 998, 699, 1583, 850, 1264, 846, 421, 1235, 1322, 735, 1218, 1107, 2237, 484, 2116, 769, 1976, 1921, 19, 736, 1713, 303, 589, 1676]"
1007,1926,"Elmer's Tac 'N Stik Reusable Adhesive, White, 2 Ounces (98620)",35,"[1710, 8, 222]",[],"[1710, 1663, 484, 19, 220]"
1008,2232,"LePage's USPS All Purpose Packaging Tape, 1.89 x 110 Yards (82210)",16,"[1657, 1863, 60, 2097, 62, 171, 47, 1088, 543, 1011, 1274, 2319, 254, 852, 1360, 220]",[],"[1863, 38, 1660, 1659, 1379, 2246, 1232, 49, 852, 1360, 1147, 1657, 449, 1562, 1498, 407, 1088, 1331, 1312, 958, 550, 1422, 1009, 1231, 1532, 1700, 1357, 1018, 109, 487, 1068, 1080, 853, 939, 699, 1274, 1684, 421, 466, 2170, 2381, 543, 484, 915]"
1009,411,NeatDesk Desktop Scanner and Digital Filing System - PC,30,[],"[786, 1042, 1764]","[1276, 1304, 2179, 1008, 1316, 518, 1478]"
1010,330,NeatReceipts Mobile Scanner and Digital Filing System for Mac,30,[],[1764],[411]
1011,2233,"Sharpie Pen Fine Point Pen, 4 Colored Pens (1742662)",39,"[1774, 516, 2222, 1457, 1065, 894, 1903, 859, 1692, 1636, 53, 1286, 1724, 1063, 1061, 1215, 2288]",[],"[1350, 516, 23, 1758, 49, 845, 89, 34, 53, 1167, 1134, 894, 771, 1636, 1774, 1286, 842, 1065, 2288, 1325, 243, 47, 484, 1678, 589]"
1012,474,"Canon PG-210XL Cartridge,Retail Packaging- Black",28,[],"[642, 496, 1996, 692]","[1996, 642, 1261, 1230, 693, 2173, 1517, 692, 237, 447, 421, 151, 496, 49, 615, 2087]"
1013,269,Canon PGI-220 Ink Tank in Retail Packaging-Black,28,[],"[237, 973]","[2234, 1991, 237, 770, 1568, 808, 826, 49, 973]"
1014,496,Canon CL-211 XL Cartridge,28,[],"[642, 1261, 474, 1996]","[642, 474, 1261, 2005, 1706, 692, 112, 151, 421, 49, 615]"
1015,237,Canon CLI-221 2946B004 4-Color Value Pack in Retail Packaging-Black/Cyan/Magenta/Yellow,28,[],"[826, 269, 973, 444]","[474, 269, 1493, 2234, 770, 1436, 980, 808, 826, 49, 973]"
1016,2234,"Canon CLI-221 Ink Tank (Gray), Genuine Ink",28,[],"[237, 269]","[168, 269, 649, 237, 770, 1568, 444, 808, 826, 973]"
1017,642,Canon PG-210 XL CL-211 XL and 4-Inches x 6-Inches - 50 Sheets,28,[],"[693, 474, 496, 1996]","[474, 2392, 693, 941, 1736, 895, 950, 412, 770, 447, 112, 2202, 496, 49, 615, 1996, 220]"
1018,776,"Canon Photo Paper Pro Platinum, 8 x 10 Inches, 20 Sheets (2768B019)",25,"[1493, 567, 657, 862, 369, 770, 586, 2405, 549]",[],"[586, 444, 224, 862, 430, 2405, 567, 369, 237, 770, 1568, 657, 187, 168, 514, 2396, 1436, 826, 549]"
1019,1260,"Stanley Bostitch All Metal Economy Stapler, 20 Sheet Capacity, Black (B515-BLACK)",31,"[115, 234, 124, 963, 590, 494, 378, 1473, 164, 505, 633, 1056, 1704, 966, 587, 944, 1583, 846, 1322, 1373, 2381, 2237, 484, 1921, 19, 1335, 850, 139]",[],"[1398, 1980, 516, 1676, 361, 963, 1324, 49, 1628, 494, 378, 139, 1473, 2088, 505, 633, 1056, 1969, 745, 1013, 2087, 1357, 2078, 966, 587, 1134, 1615, 1807, 998, 1925, 699, 1583, 1264, 846, 421, 1322, 1212, 2381, 1624, 843, 2237, 1419, 484, 769, 1976, 2168, 1921, 19, 736, 1713, 557, 850, 1934]"
1020,2235,Sharpie&reg; Rub-a-Dub Laundry Marker,39,"[1929, 1078, 136, 771]",[],"[859, 771, 484, 1929, 136]"
1021,748,X-ACTO Commercial Grade Wood 24 x 24 Inch Square Guillotine Trimmer (26624),10,"[592, 757, 318, 605, 267, 578]",[],[]
1022,1927,Canon MP980 Wireless All-in-One Photo Printer,29,"[1408, 569, 269, 521, 1035, 1705, 2234, 866, 1184, 927, 586, 688, 507, 1195, 230, 519, 555, 2159, 430, 627, 714, 1094, 237, 1766, 1406, 446, 542, 540, 187, 514, 1435, 79, 920, 459, 1101, 102]","[2234, 237, 269, 187]",[]
1023,1705,Canon MP620 Wireless All-in-One Photo Printer,0,[],"[237, 269]","[808, 237]"
1024,1706,Canon PG210BK ink cartridge,28,[],"[474, 1261, 496, 642]","[474, 642, 1261, 1736, 49, 496]"
1025,2236,Epson Artisan 700 Photo All-in-One Printer (Black) (C11CA30201),29,"[2184, 132, 896, 1035, 694, 426, 583, 305, 1983, 1570, 179, 281, 230, 595, 430, 724, 427, 369, 336, 1411, 248, 542, 1469, 722, 2292, 110, 79, 783, 696, 483, 315, 920, 459, 58, 1567, 1283, 102]","[681, 102]",[]
1026,375,"Fellowes Smart Suites Corner Monitor Riser, Black (8020101)",11,"[513, 1860, 1358, 1575, 836, 1479]",[],"[1588, 2224, 836, 361, 293, 513, 1575, 1361, 1479, 904, 1358, 443, 1583, 1478, 2123, 1860, 1419, 740, 1217, 835, 1614]"
1027,707,Epson Artisan 800 Wireless Photo All-in-One Printer (Black)(C11CA29201),0,"[2184, 132, 681, 694, 1256, 1983, 1570, 179, 281, 230, 595, 111, 1019, 88, 427, 74, 297, 336, 248, 1469, 722, 110, 79, 696, 1262, 1402, 920, 315, 1482, 1283, 102]","[681, 102]",[]
1028,1085,Epson WorkForce 600 Wireless All-in-One Printer (Black) (C11CA18201),0,"[132, 655, 1533, 959, 305, 347, 319, 276, 179, 281, 230, 406, 61, 1997, 111, 70, 1543, 88, 2416, 1019, 427, 74, 297, 144, 248, 110, 79, 2187, 1262, 58, 1282, 1567]","[1543, 1533, 248, 74]",[]
1029,1261,Canon 2976B001 CL-211 Color Cartridge,28,[],"[474, 642, 496]","[642, 49, 474, 978, 648, 1706, 1736, 447, 852, 496, 1230]"
1030,1374,Canon 2923B002 LiDE100 Color Image Scanner,30,"[1718, 743, 857, 470, 866, 307, 750, 1416, 1486, 709, 2156, 1042, 695, 1561, 477, 1435, 1476, 1101, 1982, 814]","[814, 477, 1435, 470]",[]
1031,104,"Fellowes Hot Laminating Pouches, Letter, 5 mil, 100 Pack (52040)",27,[],"[908, 420]","[115, 460, 267, 5, 779, 151, 1758, 494, 383, 511, 94, 815, 676, 109, 1357, 1364, 677, 354, 1264, 1577, 908, 941, 901, 214, 1396, 484, 2116, 420, 1976]"
1032,708,Lamy Refill Converter (Z24),39,"[1003, 2281, 1383, 1833, 891, 1701, 965, 1332, 2220, 902, 1920, 1475, 1832]",[],"[1003, 1587, 2281, 1833, 902, 2002, 2327, 891, 1701, 965, 1332, 1383, 1920, 1475, 1832]"
1033,2237,"Sparco 86000 Staple Remover, Color May Vary",31,"[2239, 1398, 115, 361, 124, 963, 494, 378, 1473, 633, 1260, 1969, 966, 587, 1134, 699, 2325, 1264, 846, 1322, 140, 2381, 735, 1107, 484, 769, 1921, 850, 139]",[],"[1398, 1676, 115, 361, 124, 963, 49, 1628, 494, 378, 630, 1473, 2088, 505, 407, 633, 1260, 1969, 745, 966, 2087, 1134, 587, 1694, 2078, 944, 1807, 998, 699, 2325, 1583, 850, 1264, 1370, 846, 421, 1235, 1322, 1212, 2099, 2381, 1391, 735, 1107, 484, 2116, 769, 1343, 1921, 19, 736, 1713, 557, 1368, 589, 139]"
1034,1929,"Pentel Permanent Marker, White, Fine Point, 1-Pack (100W-S)",39,"[1329, 1987, 2235, 771, 2231, 136]",[],"[845, 516, 2235, 1329, 1987, 2395, 859, 771, 119, 484, 188, 654, 795, 2231, 263, 220]"
1035,1707,"Varsity Disposable Fountain Pen, Medium Point, Black Barrel/Blue Ink PIL90011",39,"[539, 1263, 1020, 891, 1701, 1332]",[],"[708, 539, 1263, 1365, 1020, 891, 1701, 965, 1731, 1383, 2229]"
1036,2240,"Uni-Ball Jetstream Sport RT Ballpoint Retractable Pen, Black Ink, Bold Point, Dozen (SAN1738685)",39,[674],[],"[966, 89, 407, 633, 1396, 484, 2214, 1215, 49, 589]"
1037,2238,Innovera Gel Keyboard Wrist Rest- Purple,11,[],[835],"[1317, 361, 378, 630, 245, 1320, 1361, 1167, 587, 2241, 1807, 1090, 1583, 1370, 1235, 1580, 798, 2116, 736, 835, 850, 1614]"
1038,2239,Universal Lightweight Hand Letter Opener,10,"[735, 1639, 633, 1839, 2237, 1650, 1391]",[],"[115, 361, 963, 1628, 49, 494, 378, 1473, 2088, 407, 633, 966, 2087, 1357, 587, 1694, 2078, 1807, 998, 1159, 699, 2325, 1583, 850, 1264, 1370, 1650, 421, 1322, 1391, 1107, 2237, 484, 1333, 2116, 1343, 19, 736, 589, 139]"
1039,1928,UNV24264 - Golf Pew Pencil 144/box,39,"[494, 1980, 1135, 774]",[],"[1980, 1514, 893, 1390, 494, 1137, 635, 687, 2271, 1637, 1322, 1135, 941, 800, 865, 484, 1648, 1724, 263, 1676]"
1040,216,Mead Cambridge Limited QuickNotes Business Notebook  (6066),25,"[1631, 2189, 149, 295]",[],"[378, 1150, 1913, 2083, 331, 295, 1228, 149, 2310, 484, 1769, 421, 161, 1523, 2189, 589, 1758]"
1041,2241,"Innovera Gel Mouse Pad with Wrist Rest, Nonskid Base, 8-1/4 x 9-5/8 - Blue",11,"[59, 1798, 268, 798, 1797, 2238, 1320, 1361, 1795, 835]",[],"[600, 59, 1798, 1090, 798, 1614, 361, 1583, 1797, 2238, 1343, 1320, 835, 1479, 587, 850, 1580]"
1042,1930,54055 Bookend,11,"[1519, 1015]",[],"[378, 630, 1777, 633, 361, 1519, 850, 1015, 745, 1378, 587, 1694]"
1043,1086,Top-Load Poly Sheet Protectors Standard Letter Clear 100/Box,1,"[1143, 207, 2005, 840, 94, 635, 1401, 733, 82, 1139, 557, 1309]",[],"[516, 2072, 903, 840, 963, 1472, 1758, 49, 1309, 494, 1150, 2088, 505, 2005, 407, 635, 1617, 2386, 2070, 1357, 1134, 1481, 1807, 890, 1264, 1322, 2381, 1624, 1135, 941, 800, 2237, 865, 484, 19, 1139, 557]"
1044,2242,"Avery White Self-Adhesive Reinforcement Labels, 0.25 Inch Round, Pack of 200 (5729)",1,"[1050, 215, 903, 505, 243, 1755, 557, 890, 1969, 82, 1204, 2070, 1208, 1134, 1624]",[],"[1050, 516, 903, 215, 840, 1204, 49, 1464, 1150, 20, 505, 34, 2195, 1969, 1208, 1134, 1807, 890, 1264, 421, 1212, 1624, 1139, 243, 800, 484, 2116, 769, 2168, 733, 19, 2214, 557]"
1045,1262,Epson WorkForce 30 Color Inkjet Printer (C11CA19201),29,[],"[281, 111, 1494]","[1543, 655, 959, 336, 1494]"
1046,906,"Winsome Wood 24-Inch Saddle Seat Counter Stool, Black",8,[],[],[1694]
1047,1931,"RICSB 'The Butt' Office Supply Station Desk Accessory Holder, Orange",11,[424],[],[424]
1048,1708,HP Photosmart D7560 Printer,29,"[1035, 1095, 694, 813, 586, 458, 179, 230, 862, 2038, 1407, 595, 724, 1019, 778, 1411, 1766, 1341, 1469, 187, 783, 1410, 1262, 920, 1490, 102]","[583, 2038]",[]
1049,1375,"Sharpie Fine Point Permanent Marker, Black (Canister with 36 Pens)",39,"[845, 1350, 516, 1352, 1329, 1153, 859, 2085, 1247, 119, 484, 1216, 1812, 1215]",[],"[1980, 516, 1676, 115, 1628, 845, 494, 378, 1473, 1329, 407, 1662, 1297, 966, 2078, 1357, 109, 587, 1807, 699, 1583, 1264, 421, 1322, 1812, 47, 1396, 484, 2116, 1234, 769, 736, 2214, 1247, 850, 139]"
1050,1533,Epson DURABrite T097120 Ultra 97 Extra High-capacity Inkjet Cartridge -Black,28,[],"[1543, 959]","[1543, 407, 959, 182, 1997, 1745, 49]"
1051,681,Epson Claria T098120 Hi-Definition 98 High-capacity Inkjet Cartridge-Black,28,[],[],"[938, 1402, 2116, 49, 1087]"
1052,1087,Epson Claria B001EO6LKY Hi-Definition 99 Standard-capacity Inkjet Cartridge Cyan,28,[],[681],"[938, 681, 1402, 49, 102]"
1053,1376,"Smead Jackets, Letter Size, Straight Cut, Reinforced Tab,  2-Inch Expansion, Manila, 50 Per Box (75560)",18,"[1807, 2083, 2082, 1523, 435, 421, 1060, 1378, 313]",[],"[1514, 516, 1676, 361, 313, 151, 49, 494, 378, 139, 1473, 2088, 2005, 407, 112, 966, 2087, 587, 1713, 1807, 1159, 699, 1264, 421, 1322, 2082, 484, 2116, 1234, 769, 736, 2214, 1378, 1523, 589, 1934]"
1054,1534,"uni-ball 207 Premier Retractable Gel Roller Ball Pen, 1 Black Ink Pen (40108)",39,"[2293, 1347, 1942, 674, 1365, 1692, 2090, 1688]",[],"[1621, 1347, 674, 1365, 1692, 573, 2090, 1688, 1484]"
1055,1932,Uniden DECT 6.0 Silver Cordless Digital Answering System with Caller ID and Four Handsets (DECT1580-4),37,[2007],[2007],[]
1056,1709,Canon ImageCLASS MF4350d Laser All-in-One Printer,0,[],"[1377, 1852, 1432]","[1377, 1852, 1911, 2272]"
1057,1377,Canon 104/FX9/FX10 Compatible Toner Cartridge for use with Canon ImageClass D420/D480/MF4150/MF4270/MF4350d/MF4370dn/MF4690 &amp; FaxPhone L90/L120,28,[],"[1852, 1911]","[1323, 1190, 1911, 1432, 1676, 2154, 819, 1431, 991, 484, 1921, 313, 1852, 49, 139]"
1058,1933,HP 05A Black Original LaserJet Toner Cartridge,28,[],[],"[634, 911, 1807, 1819, 2102, 1178, 1103, 1517, 2055, 2116, 2312, 313, 151, 772, 1852, 1812]"
1059,2243,HP&nbsp;CP2025DN&nbsp;Color&nbsp;LaserJet&nbsp;Printer,29,[],[],"[1016, 1483, 754, 2284, 2217, 1577, 751]"
1060,2244,"Wellspring Flip Note, Croc Black (2249)",25,"[2275, 803]",[],"[909, 2275, 803]"
1061,1710,Blu-Tack Reusable Adhesive,35,"[1926, 8, 222]",[],[]
1062,173,"Quartet EnduraGlide Dry-Erase Markers, Bullet Tip, Assorted Colors, 4 Pack (5001-1M)",39,"[1770, 201, 438, 1217, 1390, 5, 2370, 275, 1662, 414, 1663, 1443, 1013, 37, 2300, 178, 2086, 1637, 843, 884, 1821, 223, 2357]",[],"[1390, 414, 2086, 5, 1821, 1013]"
1063,1934,"Integra Correction Tape, Resist Tear, 1/5 x 394 Inches, 10 per Pack, Smoke Dispenser (ITA60233)",39,"[494, 378, 2078, 1713, 2088, 1807, 2214, 484, 769, 1264, 1000, 1322, 1212, 966, 2087, 2381, 1676]",[],"[516, 1676, 115, 494, 378, 1473, 2088, 505, 407, 635, 1470, 1260, 2101, 966, 2087, 1357, 109, 587, 2078, 1323, 1713, 1807, 1583, 1264, 1370, 421, 1322, 1212, 1812, 2381, 2237, 484, 2116, 769, 1921, 736, 2214, 557, 850, 139]"
1064,2245,Board Dudes 22&quot; x 35&quot; Home Decor Cork Board (86040VA-4),26,"[158, 408, 341, 1419, 434, 321]",[],"[1676, 1730, 115, 361, 124, 49, 494, 378, 630, 1473, 633, 745, 1013, 966, 321, 587, 2078, 1615, 158, 1807, 1008, 1675, 1583, 2099, 1950, 1645, 843, 1107, 2082, 1419, 484, 2116, 665, 1396, 736, 1713, 557, 850, 139]"
1065,1164,"Board Dudes 11&quot; x 14&quot; Metalix Magnetic Dry Erase Board, Colors May Vary (45000UA-4)",26,"[441, 1770, 189, 1730, 160, 2370, 534, 394, 37, 362, 178, 2180, 843, 884, 223, 1966, 546, 486, 2357]",[],"[1770, 438, 1730, 1228, 500, 361, 5, 2370, 494, 2290, 1662, 1663, 154, 1216, 1013, 37, 1481, 1807, 1583, 1637, 1446, 223, 843, 1419, 2116, 1821, 1217, 1966, 557, 589]"
1066,1263,"Pilot Varsity Disposable Fountain Pens, Black Ink, Dozen Box (90010)",39,"[539, 708, 1020, 891, 1332, 1832]",[],"[708, 539, 407, 1020, 149, 891, 965, 1383, 1635]"
1067,563,"Pilot FriXion Ball Erasable Gel Pens, Fine Point, Black Ink, Dozen Box (FX7-BLK)",39,[],[],"[903, 840, 1098, 795, 1464, 1150, 34, 53, 1134, 2359, 1481, 2250, 894, 1244, 890, 1063, 843, 243, 800, 871, 195, 589, 1559]"
1068,709,Epson B11B193081&nbsp;Perfection&nbsp;V300&nbsp;Photo&nbsp;Scanner,30,[],"[866, 307, 1435]",[1982]
1069,1088,"350 ft 3/16&quot; SMALL BUBBLE WRAP 12&quot; wide, perforated every 12&quot;, 350 total sq ft",16,"[1657, 939, 543, 2246, 1232, 2170, 1889, 1881, 1360]",[],"[1863, 1659, 1379, 2246, 1881, 852, 1889, 1421, 958, 550, 1422, 1009, 1700, 1068, 1658, 939, 171, 1274, 466, 47, 543, 1247, 915]"
1070,2246,"700 ft 3/16&quot; SMALL BUBBLE WRAP 12&quot; wide, perforated every 12&quot;, 700 total sq ft",16,"[1657, 1863, 939, 1088, 543, 1232, 2170, 1881, 1360]",[],"[1863, 1659, 1889, 852, 1881, 1360, 1657, 1562, 1088, 1331, 1422, 1700, 171, 1274, 2170, 47, 543, 1905, 1247]"
1071,1935,"Case-it XLarge Capacity 4-Inch D-Ring Zipper Binder with 5-Tab File Folder, Blue, D-186-BLU",1,"[468, 204, 228]",[],"[1050, 2072, 903, 774, 267, 840, 1165, 1472, 1464, 505, 1617, 53, 1969, 2386, 2359, 1481, 890, 82, 243, 2310, 2168, 1336, 1559]"
1072,1535,"Duck Brand Kraft Corrugated Shipping Boxes, 14&quot; x 14&quot; x 14&quot;, Brown, 6-Pack (280349)",16,"[1232, 1954]",[],"[1232, 1889, 852, 1881, 49, 2252, 1657, 449, 1011, 1312, 550, 1532, 60, 939, 171, 466, 1954, 220, 2170, 351, 47, 1349]"
1073,682,Plantronics Cordless Headset Phone - CT14,21,[],[],"[2394, 412, 2041]"
1074,1165,"Paper Mate Profile Retractable Ballpoint Pens, Assorted Ink, 8 Pack (54549)",39,"[678, 1529, 2023, 1371, 505, 34, 2012, 53, 1297, 1134, 157, 1481, 1925, 2084, 894, 1903, 1692, 1636, 1259, 116, 1336]",[],"[903, 1661, 1228, 361, 124, 1529, 49, 494, 1371, 89, 34, 53, 1297, 206, 1635, 1167, 1134, 1481, 1925, 894, 1903, 1636, 2317, 890, 1259, 1065, 1743, 243, 2310, 484, 19, 2214, 557, 589, 2078]"
1075,2247,Casio Inc. HS8VA Standard Function Calculator,4,[],"[1151, 1976, 1049]","[1398, 1980, 1317, 115, 1151, 1319, 494, 378, 2088, 505, 587, 1134, 944, 1583, 421, 1540, 543, 484, 769, 19, 736, 1148, 1976, 1049, 850]"
1076,1711,Platinum Preppy Fountain Pen 0.3 Blu/Blk,39,"[1003, 1587, 539, 1263, 891, 965, 1332]",[],"[1003, 1587, 708, 539, 1263, 1833, 902, 1020, 2196, 2327, 891, 1701, 965, 1332, 1383]"
1077,1936,"Panasonic KX-TG9391T 2-Line Corded/Cordless Phone, Metallic Black, 1 Handset",37,[],[],"[2394, 421]"
1078,35,"Quartet EnduraGlide Fine Tip Dry-Erase Markers, Assorted Colors, 4 Pack (5001-10M)",39,"[1770, 201, 73, 438, 843, 2300, 1662, 414, 1663, 5, 1637, 1821, 1013, 2370, 37, 173]",[],"[441, 1770, 438, 1390, 500, 372, 5, 173, 494, 1662, 414, 1663, 154, 1013, 1134, 37, 556, 2300, 1637, 421, 843, 484, 1164, 1821, 736]"
1079,2248,"Paper Mate 1746324 Retractable Gel Pen, Medium Point, Black, 12-Pack",39,"[1371, 1347, 34, 674, 2089, 1692, 2348, 1297, 116, 1336]",[],"[516, 1676, 115, 361, 1813, 313, 151, 49, 1628, 494, 378, 1473, 407, 53, 1297, 206, 2087, 1635, 587, 1694, 1481, 1807, 1925, 699, 1692, 1583, 1264, 116, 421, 1322, 1540, 47, 557, 2237, 1396, 484, 769, 1234, 19, 736, 1713, 1247, 850, 139]"
1080,907,"Pentel Clic Eraser Grip Retractable Eraser, Assorted Colors, 3 Pack  (ZE21BP3-K6)",39,"[2301, 1683, 1643, 1512, 1481, 1925, 1949, 2009, 493, 1082, 1729, 23, 1678, 2261, 1053]",[],"[1683, 1643, 1050, 903, 1082, 1849, 493, 23, 505, 34, 1729, 1340, 206, 1512, 1481, 1925, 1949, 2076, 1259, 842, 2301, 1135, 2009, 1678, 2261]"
1081,1264,"Officemate Small Binder Clips, Black, 12 Boxes of 1 Dozen Each (144 Total) (99020)",35,"[378, 1743, 1807, 2066, 633, 2325, 2237, 2116, 1322, 966, 587, 1676]",[],"[516, 1676, 115, 361, 124, 963, 151, 49, 1628, 1309, 494, 378, 1473, 2088, 505, 407, 633, 1260, 966, 2087, 1357, 587, 2078, 1807, 699, 2325, 850, 421, 1322, 2237, 484, 2116, 1234, 769, 736, 1713, 557, 1368, 589, 139]"
1082,2249,Dual Monitor Stand holds monitors up to 27&quot; widescreen. Uses standard Vesa mount. Clamps to Desk.,11,"[2308, 1489, 1096, 489, 1023, 1584]",[],"[1108, 1096, 1584]"
1083,296,Brother PC-Connectable Label Maker with Auto Cutter (PT-2430PC),24,"[1285, 1834, 401, 103, 1105, 253, 1426, 108, 1276, 1602, 1791, 1420, 1577, 898, 1170, 405, 71]",[],"[527, 1591, 1426, 1420, 1355, 1577, 151, 2099, 1602]"
1084,1089,Philips Cordless Phone with Answering Machine (ID5551B/37),37,[],[],[]
1085,1536,"Avery Permanent Glue Stic, Pack of 18 (98089)",35,[],[],"[1050, 903, 1082, 774, 1468, 1367, 1464, 505, 698, 1969, 2386, 1134, 2359, 859, 890, 2058, 1924, 1624, 243, 484, 1872, 2168, 1648, 19, 1755]"
1086,464,Nyrius Global ENTOURAGE7 Talking Travel Translator for 7 International Languages,15,[645],[],[]
1087,361,"Rolodex Mesh Collection Oval Supply Caddy, Black (1746466)",11,"[1398, 115, 2064, 1473, 630, 1575, 633, 745, 587, 1694, 1615, 998, 1008, 1235, 1616, 1107, 1321, 1343, 850]",[],"[115, 124, 2064, 963, 494, 378, 630, 1473, 505, 1575, 633, 1260, 1704, 745, 966, 587, 1134, 1615, 1807, 998, 1008, 1583, 850, 1235, 1616, 1322, 735, 1743, 1107, 2333, 2237, 1321, 484, 2116, 1343, 1555, 736, 589, 139]"
1088,1712,"3M Scotch Packaging and Mailing Tape, 1.88-Inch by 800-Inch, 6-Pack (347)",16,"[2252, 1467, 60, 62, 171, 47, 543, 1331, 1247, 1011, 1274, 1704, 1265, 254, 260, 852, 220]",[],"[38, 1677, 1232, 1889, 49, 1628, 494, 378, 2252, 89, 407, 1088, 1011, 1312, 1297, 958, 1532, 966, 1357, 587, 1068, 147, 939, 171, 699, 1274, 1449, 421, 1265, 428, 220, 2170, 47, 484, 2116, 19, 1247, 454]"
1089,1265,"Scotch Heavy Duty Shipping Packaging Tape with Dispenser, 2 Inches x 800 Inches, Pack of 6",16,"[1467, 62, 1232, 852, 48, 2252, 1712, 1331, 1011, 254, 1357, 60, 171, 1274, 220, 47, 93, 2319, 260, 1247]",[],"[1712, 1011, 1216, 1357, 939, 171, 699, 1264, 1322, 1212, 220, 47, 484, 2116, 1976, 19, 736, 1247, 454]"
1090,1937,Sterilite ClearView 3 Storage Drawer Organizer,11,[],[],"[536, 108, 2333, 267, 840, 361, 1321, 484, 2116, 420, 1396, 736, 745, 49, 850]"
1091,376,"Avery White EcoFriendly Address Labels, 1 x 2.625 Inches, Box of 750 (48160)",22,"[1447, 1018, 112, 109, 249]",[],"[334, 407, 439, 421]"
1092,683,"Smead SuperTab File Folder, Letter, 11 Point, 1/3 Cut Tab, Assorted Colors, 24 Per Box (11927)",18,"[1807, 54, 181, 331, 2083, 435, 359, 736, 366, 1523]",[],"[2083, 181, 34, 331, 1008, 1235, 435, 484, 1979, 1370, 112, 366, 966, 49, 1134, 439]"
1093,1378,"Smead Pockets, Letter Size, Straight Cut, 5-1/4 Inch Expansion, Rollover Tyvek at Top-reinforced sides, Redrope, 10 Per Box (73234)",18,"[183, 1807, 331, 691, 1376, 2363, 313, 1060, 421, 1523]",[],"[516, 115, 1376, 313, 49, 1628, 439, 378, 1473, 407, 633, 966, 2087, 109, 587, 1807, 699, 2325, 1264, 421, 1322, 2082, 484, 769, 1234, 736, 2214, 1523, 589, 139]"
1094,749,"X-ACTO Work Pro Electric Pencil Sharpener, Black (19208)",39,"[506, 847, 371, 575, 687, 517, 1917, 1300, 576, 278, 684]",[],[]
1095,1713,"Tombow Mono Mini Model Correction Tape, 0.16 x 236 Inches, White, 10 per Pack (68722)",39,[],[1934],"[516, 1676, 115, 840, 124, 313, 151, 49, 1628, 494, 378, 1473, 2088, 505, 407, 633, 1470, 745, 966, 2087, 1357, 587, 2078, 1323, 1807, 1159, 699, 2325, 1583, 1264, 421, 1322, 1212, 2381, 2237, 1396, 484, 2116, 1234, 769, 736, 2214, 1368, 1336, 139]"
1096,1266,Royal 112MX 12-Sheet Cross-Cut Shredder Shreds CD's with Console (Black),24,[],"[532, 156, 581]","[2047, 378, 115, 196, 633, 1109, 421, 49, 587]"
1097,908,Letter Laminating Pouches 5 Mil 9 x 11-1/2 Hot Qty 100,0,"[137, 383, 1364, 901, 1098, 94, 635, 1742, 104, 420, 665, 1501, 1075, 2205, 1328, 664, 2369, 25]",[],"[1390, 1098, 664, 383, 1137, 94, 635, 1742, 745, 676, 1364, 1501, 1075, 194, 2205, 2369, 941, 1644, 484, 736, 665]"
1098,2250,Sakura 57370 10-Piece Gelly Roll Blister Card Assorted Colors Metallic Gel Ink Pen Set,39,"[568, 2198, 545, 957, 1511, 2323, 1902, 1670, 678, 280, 2132]",[],"[2198, 957, 1511, 1902, 1670, 188, 678, 2132]"
1099,643,"HON VL700 Series Mid-back Chair with Adjustable Arms for Office or Computer Desk,Black",8,"[597, 785, 2341, 1781, 608, 755, 781, 1978, 1673, 2362]",[],[421]
1100,1090,"Foot Cushion, Half-Cylinder Design, Foam, Black 92311",20,"[423, 1614, 443, 293, 658, 1580]",[],"[630, 2341, 1276, 1673, 904, 293, 940, 846, 740, 1361, 835, 1580]"
1101,2251,Safco Under-Desk Printer/Fax Stand,11,"[328, 730, 2210, 2223, 1479]",[],"[1975, 1593, 361, 590, 2223, 151, 2210, 1575, 587, 1615, 1276, 86, 1478, 1322, 187, 1417, 786, 1107, 769, 1033, 736, 826, 139]"
1102,362,"Quartet Magnetic Dry Erase Board, Plastic Frame, 11 x 17 Inches, White (MHOW1117)",26,"[441, 1770, 189, 556, 843, 534, 178, 160, 1164, 394, 223, 1966, 546, 486, 37, 2357]",[],"[441, 1770, 438, 1217, 1730, 500, 5, 2370, 1662, 1663, 154, 1013, 37, 556, 1136, 223, 843, 484, 659, 1966, 1448, 2357]"
1103,2252,"Scotch Strapping Tape, 1.88  x 360 Inch, 1 Roll (50)",16,"[1712, 1467, 60, 2097, 62, 220, 171, 47, 1331, 93, 1011, 1274, 1265, 260, 254, 48]",[],"[62, 1153, 1232, 49, 1712, 1657, 378, 407, 1011, 60, 939, 699, 220, 47, 93, 484, 19, 844, 537, 263]"
1104,1938,Brother MFC-490CW Color Inkjet Wireless All-in-One Printer,0,"[1172, 507, 2349, 783, 1182, 1922, 1703, 1196, 583, 2026, 1573, 606, 1122, 1784, 1303, 1275]","[1182, 1703]",[]
1105,1715,HP 940XL C4909AN#140 Ink Cartridge in Retail Packaging-Yellow,28,[],"[1267, 2255]","[1783, 1267, 1508, 1990, 590, 2254, 772, 151, 49, 1304, 2136, 1076, 1427, 2376, 1572, 1253, 911, 1807, 171, 922, 1775, 2325, 1640, 421, 1322, 2255, 1671, 2392, 2122, 1178, 1852]"
1106,2253,HP 920XL Officejet Ink Cartridge in Retail Packaging-Yellow,28,[],"[1176, 1537]","[1585, 1176, 1267, 717, 1092, 2312, 2254, 1161, 772, 1537, 2136, 1206, 2121, 2376, 1077, 1933, 1255, 1411, 1510, 1775, 1506, 1640, 1714, 421, 2255, 2392, 2122, 1939, 1178, 1111, 484, 1369, 1715]"
1107,2254,HP 940XL C4907AN#140 Ink Cartridge in Retail Packaging-Cyan,28,[],"[1267, 2255]","[516, 1783, 1267, 1517, 1508, 1990, 1569, 2312, 2253, 772, 151, 49, 1537, 2102, 1304, 2136, 2376, 922, 1775, 1640, 1714, 421, 1322, 2255, 1671, 1939, 1257, 484, 1612, 1715]"
1108,2255,HP 940XL C4908AN#140  Ink Cartridge in Retail Packaging-Magenta,28,[],"[2254, 1267]","[516, 1783, 1176, 1267, 1990, 1569, 2253, 772, 2254, 49, 151, 1070, 1304, 407, 2136, 1076, 2326, 2376, 1572, 1640, 421, 1322, 2392, 2122, 1939, 484, 1138, 1715]"
1109,1537,HP 920XL Black Officejet Ink Cartridge,28,[],[1176],"[1289, 1176, 1267, 2055, 1314, 1092, 447, 1569, 2253, 2254, 151, 49, 494, 378, 978, 952, 1252, 1076, 2121, 2376, 1253, 1807, 2179, 171, 1411, 1775, 1506, 1640, 846, 1714, 421, 2122, 648, 1939, 1178, 484]"
1110,1939,HP 920XL Magenta Officejet Ink Cartridge in Retail Packaging,28,[],"[1176, 1537]","[1585, 1176, 1267, 717, 1508, 1092, 2312, 2253, 1161, 772, 2254, 151, 1537, 978, 1252, 950, 2326, 487, 2376, 1077, 1933, 1255, 1411, 1510, 1775, 1640, 1714, 421, 2213, 2255, 2392, 2122, 1229, 1178, 484, 769, 1369, 1612, 1715]"
1111,1714,HP 920XL Officejet Ink Cartridge in Retail Packaging-Cyan,28,[],"[1176, 1537]","[1585, 1176, 1752, 717, 1508, 1092, 2312, 2253, 1161, 772, 2254, 151, 1537, 407, 2136, 1427, 109, 2376, 1077, 1933, 1255, 1411, 1109, 1775, 699, 1640, 421, 1817, 1322, 2392, 2122, 1939, 1178, 1111, 484, 1333, 1234, 1369]"
1112,1267,HP 940XL C4906AN140 Ink Cartridge in Retail Packaging-Black,28,[],[1990],"[1783, 1176, 1990, 447, 2254, 151, 49, 1537, 2136, 1076, 2376, 944, 1807, 1276, 171, 1077, 2325, 1640, 2255, 214, 705, 557, 1139, 1378, 1715]"
1113,2256,"Fisher Space Pen ST Space-Tec Pen with Black Ink, Medium Point, Black Rubber Coated",11,"[1731, 909, 1999, 1220]",[],"[1731, 909, 1999, 1220]"
1114,909,"Fisher Space NonReflective Military Cap-O-Matic Space Pen, Matte Black (SM4B)",25,"[1731, 1999, 1220, 2256]",[],"[1731, 2256, 1999, 1220]"
1115,1166,"Velcro Extreme Indoor/Outdoor Rough Surface Fasteners, 1 inch x 4 inches, 10 per pack (90812)",35,"[1047, 844, 256, 945, 838]",[],"[1379, 838, 1047, 945]"
1116,1016,Epson WorkForce B11B194011 Pro GT-S50 Document Scanner,30,[],"[786, 1115, 232]","[1591, 1115, 1276, 1975, 151, 1198, 86, 2284, 232, 1322, 2278, 917]"
1117,135,"Avery White Repositionable Address Labels for Laser Printers, 1 x 2.625 Inches, Box of 3000 (55160)",22,"[1447, 497, 225, 109, 112, 1018]",[],"[1231, 109, 1295]"
1118,2257,"Ticonderoga Emphasis Fluorescent Highlighters, Pocket Style with Clip, Chisel Tip, Pack of 6 Markers, Assorted Colors (48008)",39,"[34, 1636, 2291, 2228, 53, 1325, 1134, 1726, 2078]",[],"[2092, 903, 361, 1165, 1769, 1758, 49, 2023, 1150, 20, 505, 34, 1729, 53, 2386, 1208, 1134, 587, 2359, 1481, 2084, 1949, 894, 1550, 1925, 1692, 1636, 2228, 890, 421, 1325, 1053, 1910, 843, 243, 484, 2261, 2168, 1713, 557, 589, 2078]"
1119,1716,Faber-Castell Artists 3-Hole Pencil Sharpener,39,"[1672, 654, 1544, 1755, 2377]",[],"[1643, 1672, 753, 2375, 654, 1233]"
1120,750,Epson B11B193141 Perfection V30 Photo Scanner,30,"[1718, 1790, 477, 743, 857, 470, 866, 1435, 307, 1476, 860, 1848, 1374, 1101, 1982, 709, 814, 954]","[866, 307, 477, 470]",[]
1121,806,"Panasonic KX-TG1061M Cordless/Corded Phone with Answering Machine, Metallic Grey",37,[],"[2390, 1768]",[]
1122,1538,"Panasonic KX-TG6445T DECT 6.0 Cordless Phone with Answering System, Metallic Black, 5 Handsets",37,"[2007, 412, 1156, 1356, 1024, 1044, 247, 2307]",[],[]
1123,2258,Panasonic Dect 6.0 Black Cordless Phone with Answering Machine and ChoiceMail (KX-TG7432B),37,"[1040, 1438, 1972, 2360, 412, 872, 580, 1768, 1044, 1183, 1156, 993, 247, 2324]",[412],[]
1124,1379,200 Half Sheet Shipping Labels Laser/Inkjet USPS UPS Fedex,22,"[38, 1660, 1147, 1421, 449, 1562, 1625, 1312, 1765, 958, 550, 1009, 1110, 2334, 1231, 1700, 853, 613, 1418, 466, 1310, 1349, 1865, 915]",[],"[1660, 1659, 1232, 852, 1147, 1657, 449, 1498, 1097, 1088, 1312, 1765, 958, 550, 112, 1009, 2181, 1532, 1700, 1018, 109, 254, 1068, 853, 1658, 1864, 613, 1274, 466, 220, 1310, 47, 543, 1349, 1865, 547, 741]"
1125,590,"Swingline Optima 70 Desk Stapler, Reduced Effort, 70 Sheets, Silver (S7087875)",31,"[124, 1813, 244, 378, 164, 633, 285, 1260, 1704, 344, 820, 944, 140, 1218, 652, 773, 303, 1335, 139]",[],"[1676, 361, 1813, 124, 963, 49, 494, 378, 1473, 164, 54, 407, 633, 966, 109, 587, 143, 344, 1807, 2083, 1330, 1264, 846, 421, 1322, 1212, 140, 735, 1218, 843, 2082, 2237, 484, 2116, 1234, 769, 1976, 736, 303, 589, 139]"
1126,2259,"Pilot G2 Retractable Premium Gel Ink Roller Ball Pens, Extra Fine Point, 2-Pack, Blue Ink (31015)",39,"[2273, 1365, 573, 1688, 2091]",[],"[115, 1228, 795, 49, 1729, 53, 206, 1013, 1134, 1512, 1925, 859, 1365, 1636, 573, 1624, 735, 2273, 47, 1678, 769, 850]"
1127,1940,HP Officejet Pro 8500 Premier Wireless All-in-One Printer,0,"[1201, 896, 1035, 1267, 913, 1292, 1990, 319, 917, 1945, 1293, 1304, 1669, 577, 61, 2416, 1572, 427, 922, 1444, 1316, 144, 1946, 79, 2019, 1268, 1717, 58, 2349]","[1267, 2019]",[]
1128,577,HP Officejet Pro 8500 Wireless All-in-One Printer,0,[],"[1990, 922, 1267]","[1572, 1990, 1717, 1267]"
1129,344,"Swingline Optima 45 Electric Stapler, 45 Sheet Capacity, Silver (S7048209)",31,"[378, 1218, 164, 1460, 773, 1055, 124, 1813, 590, 1704, 1335]",[],"[516, 115, 361, 590, 151, 439, 282, 378, 1473, 1460, 633, 1470, 1704, 1215, 109, 587, 1276, 1933, 2325, 1583, 1264, 1577, 1322, 140, 912, 735, 1218, 214, 705, 2237, 484, 769, 1234, 736, 1713, 1170, 139]"
1130,684,"X-ACTO Teacher Pro Electric Pencil Sharpener with SmartStop, Black (1675)",39,"[847, 371, 517, 1300, 774, 576, 654, 387, 506, 861, 575, 610, 864, 637, 1497, 278, 687, 878, 1917, 1199, 888, 337, 756, 287, 661]",[],"[1980, 903, 517, 1390, 774, 267, 1529, 861, 575, 1662, 94, 1663, 2386, 745, 2084, 894, 1637, 1218, 1135, 800, 337, 756, 1648]"
1131,1539,"Write Bros. Stick Ballpoint Pens, Medium Point, Blue Ink, 60-Pack",39,"[494, 1371, 1980, 505, 243, 34, 774, 1327, 769, 484, 1648, 1336, 1324, 1661, 2078]",[],"[1980, 516, 1676, 115, 1390, 774, 963, 49, 494, 378, 2088, 505, 407, 1662, 633, 2386, 966, 2087, 1357, 587, 1134, 2078, 1713, 1807, 2325, 1583, 1264, 421, 1322, 1212, 1812, 1139, 800, 1396, 484, 2116, 769, 1648, 736, 2214, 557, 1368, 1336, 139]"
1132,1941,"Rolodex Low-Profile Business Card Book, 96-Card, Black (76659)",11,"[2037, 2072]",[],"[2072, 361, 5, 49, 2186, 378, 630, 89, 2037, 633, 1470, 1969, 745, 587, 1615, 998, 1008, 421, 1419, 484, 1321, 1343, 2168, 769, 1555, 736, 835, 850]"
1133,225,"Avery White Repositionable Shipping Labels for Inkjet Printers, 2 x 4 Inches, Box of 250 (58163)",22,"[1447, 497, 460, 463, 393, 135, 1816, 112, 142, 109, 249]",[],"[1817, 2137, 109, 112]"
1134,861,"X-ACTO ProX Electric Pencil Sharpener with SmartStop, Gray and Black (1612)",39,"[847, 371, 517, 1300, 774, 576, 2153, 684, 387, 506, 575, 610, 864, 637, 1497, 662, 687, 878, 1917, 1199, 888, 337, 756, 287, 661]",[],"[506, 1980, 516, 575, 1135, 517, 1928, 1662, 337, 800, 774, 484, 1872, 1648, 2386, 1013, 109, 684]"
1135,1942,"Pentel Energel Retractable Roller Ball, 0.7 mm Line Size, Chrome Barrel, Black (BL407-A)",39,"[799, 2293, 1951, 1251, 1731]",[],"[799, 2293, 1365, 493, 1951, 1678, 2270, 1251, 1688, 1731, 1774, 848, 803]"
1136,2260,"Scotch&reg; Removable Tape 811-2PK, 3/4-inch x 1296 Inches, 2-Pack",35,"[1473, 222, 2057, 90, 1466, 699, 587, 263, 846, 963, 170, 19, 1456, 8, 1944]",[],"[1473, 516, 1456, 2214, 1466, 699, 587, 1728, 484, 846, 1808, 263, 1357, 1944]"
1137,497,"Avery White Repositionable Address Labels for Inkjet Printers, 1 x 2.625 Inches, Box of 750 (58160)",22,"[1447, 1018, 112, 225, 460, 393, 1625, 13, 1816, 135, 2350, 142, 109, 1277, 249]",[],"[736, 484, 421]"
1138,910,X-Acto MRI Self-Feeding Automatic Electric Sharpener (1796),39,"[506, 861, 1199, 1980, 575, 687, 517, 878, 1917, 1300, 756, 637, 278]",[],[]
1139,1380,"Alera Ravino Big and Tall Series High-Back Swivel/Tilt Leather Chair, Black",8,"[802, 1781, 2344]",[],"[2055, 484, 2344]"
1140,644,"HON Volt H5705 Task Stool for Office or Computer Desk, Black",8,"[812, 608]",[],"[1276, 608]"
1141,1944,"Scotch Magic Tape, 1/2 x 1296 Inches, Boxed, 3 Rolls (810H3)",35,"[115, 963, 49, 378, 1473, 139, 24, 2397, 1466, 966, 587, 1357, 1080, 2260, 1807, 699, 846, 1322, 220, 2381, 1048, 484, 19, 1921, 551, 454, 2078]",[],"[1398, 516, 903, 1676, 115, 1160, 361, 124, 313, 49, 1628, 1464, 494, 378, 1473, 2088, 24, 505, 89, 407, 633, 1969, 112, 2386, 966, 2078, 587, 1134, 944, 1807, 1925, 734, 699, 1583, 421, 1322, 1212, 1540, 220, 843, 2237, 1419, 484, 1396, 2168, 1921, 736, 1247, 1368, 850, 139]"
1142,1943,"C-Line Write-On Project Folders, Heavyweight Poly, Assorted Colors, 8.5 x 11 Inches, 25 per Box (62160)",18,"[2083, 331, 1666, 2310]",[],[]
1143,1268,HP Officejet 6500 Wireless All-in-One Inkjet Printer,0,[],"[1176, 1537]","[1537, 1176, 1573, 1092]"
1144,1717,HP Officejet Pro 8500 All-in-one Printer,0,"[1267, 2216, 1990, 1440, 1292, 1945, 1293, 1304, 577, 2038, 2389, 1573, 972, 1572, 427, 922, 1316, 1444, 1411, 1946, 2019, 1268, 459, 2349, 1715]","[1267, 1990]",[]
1145,1945,HP Officejet Pro 8000 Wireless Printer,29,[],"[1267, 1990, 2389]","[1267, 2389, 1990, 1946, 2254]"
1146,20,"Post-it Tabs, 2-Inch Lined, 4 Assorted Bright Colors, 6-Tabs/Color, 24-Tabs/Pack",22,"[294, 1150, 1629, 76, 9, 1550, 229, 1228, 2017, 1617, 1769, 1472, 1758, 121, 161, 589]",[],"[516, 76, 1228, 840, 1769, 1472, 1758, 121, 1150, 505, 34, 633, 1617, 53, 2070, 1208, 966, 1134, 294, 27, 894, 1550, 859, 1636, 1370, 82, 421, 1322, 2310, 484, 769, 2119, 733, 736, 557, 589]"
1147,2261,Paper Mate Clear Point 0.5mm Mechanical Pencil Starter Set Assorted Color (34666PP),39,"[1481, 1925, 1949, 2009, 493, 1729, 23, 1340, 1678, 195, 1820, 907, 87]",[],"[1050, 903, 1082, 23, 907, 2098, 1371, 505, 34, 1340, 53, 206, 1134, 1453, 1925, 1949, 894, 2076, 890, 2058, 1623, 1053, 1624, 2301, 243, 865, 484, 1678, 195, 2168, 557, 2257, 589]"
1148,455,"Smead Organizer Folder, Three 1/3-Cut Tabbed Dividers, Letter Size, Assorted Colors, 3 per Pack (85785)",18,"[1807, 295, 2310, 683, 736, 1523]",[],[]
1149,1946,HP Officejet Pro 8000,29,[],"[1945, 2389]","[1267, 1990, 1945]"
1150,2262,"Brother DR360 Compatible Drum Unit for use with Brother DCP-7030, DCP-7040, HL-2140, HL-2170W, MFC-7340, MFC-7345N, MFC-7440N, MFC-7840W Printers",28,[],"[1518, 705]","[1518, 819, 2032, 151, 49, 1384, 2088, 1751, 587, 968, 2325, 86, 1138, 421, 2203, 1417, 1190, 2356, 705, 1988, 1713, 1368]"
1151,1718,Canon CanoScan 3297B002 LiDE 700F Color Image Scanner,30,[],"[814, 866, 477, 1435]","[477, 786, 1593, 86, 814]"
1152,507,Canon PIXMA MX860 Wireless All-In-One office Printer,0,[],"[237, 187]",[237]
1153,862,Canon PIXMA Pro9000 Mark II Inkjet Photo Printer (3295B002),29,[],[369],"[1435, 2396, 224, 369, 770, 679, 1298, 549]"
1154,2263,"Scotch Freezer Tape, 3/4 x 1000 Inch (178)",35,[],[],"[484, 859]"
1155,1947,Canon PGI-5Bk 3 Pack Compatible Inkjet Cartridge w/ Chip for Pixma MP500 MP530 MP600 MP800 iP4-Black,28,[],"[1381, 2337]","[1006, 224, 1381, 2309, 770, 679, 2337, 673, 187]"
1156,1381,Canon PGI-5BK CLI-8 15-Pack Compatible Ink Cartridges w/ Chip for Pixma MP500 MP600 MP800 iP4200 iP4300 iP4500 iP5200 iP5200,28,[],"[673, 2337, 2309]","[1776, 2021, 2309, 1947, 2337, 673, 2336, 187]"
1157,710,"BP-446 BT-446 BT-1005 Cordless Phone Battery 800MAH For Uniden (Lifetime Warranty, Bulk Packaging)",37,[],[],[1345]
1158,1017,VTech CS6209 DECT 6.0 Accessory Handset for use with models CS6219&amp;CS6229,37,[],"[580, 1031, 2007]","[777, 2007, 1031, 2265, 2008, 580, 1269]"
1159,1948,"VTech CS6229-3 DECT 6.0 Cordless Phone, Silver/Black, 3 Handsets",37,"[1438, 2390, 2027, 777, 2361, 2266, 1031, 2360, 2265, 2007, 1299, 412, 580, 1017, 1183, 1269, 2324]","[2360, 2007, 1183]",[]
1160,1382,AT&amp;T CL2909WH 1 Handset High Quality Corded Phone,37,[],[1423],"[2267, 1091, 2394, 504, 1423, 1299, 412, 580, 821, 472, 421, 1183, 745, 587]"
1161,2267,AT&amp;T TR1909WH Dect 6.0 1-Handset Trimline Landline Telephone with Caller ID,35,"[1091, 1546, 1382, 504, 1423, 1299, 472, 1171]",[],"[1091, 2394, 1031, 1106, 504, 1423, 1299, 580, 821, 472, 231, 2313, 1382]"
1162,2264,"VTech CS6219 DECT 6.0 Cordless Phone, Silver/Black, 1 Handset",37,"[1017, 2027, 777, 2266, 1031, 2008, 1299, 412, 580, 2391, 1269]","[580, 1017, 2008, 1299]",[]
1163,1269,Vtech DECT 6.0 Expandable 2-Handset Cordless Phone System with Digital Answering Device and Caller ID (CS6229-2),37,[],[],"[1017, 1031, 2008]"
1164,2265,"VTech CS6229-4 DECT 6.0 Cordless Phone, Black/Silver, 4 Handsets",37,[],"[2360, 2007]",[1017]
1165,2266,"AT&amp;T EL51209 DECT 6.0 Cordless Phone, White/Grey, 2 Handsets",37,[],"[580, 412, 1299]","[821, 1091, 472, 1423]"
1166,777,"VTech CS6219-2 DECT 6.0 Cordless Phone, Silver/Black,  2 Handsets",37,"[2027, 2266, 2007, 1031, 2360, 2265, 985, 2008, 1299, 412, 580, 1547, 2298, 1017, 1269]","[580, 1031, 412]",[]
1167,1719,"AT&amp;T CL82409 DECT 6.0 Cordless Phone, Black/Silver, 4 Handsets",37,"[2351, 1972, 2361, 2007, 2360, 1106, 2265, 872, 739, 1356, 2391, 1183, 247, 1600]",[247],[]
1168,2268,Set of 13 Remanufactured HP 02 Ink Cartridge,28,[],[1897],"[1897, 1190, 952, 2038, 1341, 49]"
1169,967,Digital Postal Shipping Postage Bench Scales 35 lbs,16,"[1310, 449, 1566, 1294, 1097, 613, 956, 1149, 1765, 547, 1608]",[],"[1467, 853, 220, 38, 939, 1097, 47, 1349, 1379, 1312, 958, 550, 466, 1009, 2334, 254, 915, 1421]"
1170,968,Compatible Toner Cartridge to Replace TN360 (Black),28,"[2262, 1190, 2356, 1157, 1518, 819, 705, 899, 606, 2203, 1384]",[],"[1417, 2262, 1190, 2356, 1751, 2088, 1518, 819, 2154, 705, 151, 49, 1384]"
1171,1949,"Paper Mate Clear Tip 0.7mm Mechanical Pencil Starter Set, Colors May Vary (56047PP)",39,"[1481, 1925, 34, 493, 1729, 23, 1340, 195, 2261, 1678, 1259, 87, 842]",[],"[1050, 903, 215, 1082, 1228, 361, 23, 1468, 907, 1472, 1464, 1371, 1150, 505, 34, 2085, 1729, 53, 206, 1969, 1134, 1481, 1925, 894, 859, 1636, 890, 2058, 842, 1624, 243, 800, 865, 195, 2261, 2168, 87, 589]"
1172,1720,"LePage's USPS Single King/Queen Mattress Cover for Moving, 76 x 10 x 92 Inches (81491)",16,"[1232, 1881]",[],"[351, 60, 939, 47, 1088, 1247, 1232, 1011, 342, 353, 1881, 220, 2170]"
1173,1950,"Pendaflex Earthwise 100% Recycled Colored Hanging File Folders, Letter Size (8.5 x 11), Assorted Colors, 20 per Box (35117)",18,"[175, 1514, 1667, 1807, 251, 1211, 2082, 435, 421, 736, 1556, 1523]",[],"[1514, 115, 361, 1556, 49, 494, 378, 630, 1473, 407, 633, 1060, 966, 587, 1667, 1807, 251, 2325, 1264, 1637, 421, 1616, 1322, 2082, 484, 2116, 1164, 435, 1343, 736, 557, 1523, 850, 139]"
1174,1383,Lamy Cartridges Refill - Black -5-pack T10BK,39,"[1003, 708, 2281, 1833, 891, 1332, 2220, 902, 1920, 1832]",[],"[1003, 708, 539, 1833, 1020, 2327, 891, 1701, 1332, 2220, 902, 1920, 2229, 1832]"
1175,1951,"Pentel EnerGel Deluxe RTX Gel Ink Pens, 0.7 Millimeter Metal Tip, Violet Ink, 3-Pack (BL77BP3V)",39,"[2293, 799, 674, 1942]",[],"[799, 1150, 1457, 1942, 2293, 407, 674, 1692, 23, 2228, 53, 769, 2214, 49, 1167, 1661]"
1176,2269,"American Weigh Scale Bt2-201 Digital Gram Pocket Grain Jewelry Scale, Black, 200 X 0.01 G",16,[],[],[]
1177,1952,"Mead #10 Security Envelopes, 40 Count (75214)",16,"[2186, 1462, 946, 734, 1394, 407, 1141, 1160, 1, 19, 2101, 1509]",[],"[115, 1141, 1160, 447, 1509, 49, 494, 378, 505, 1728, 112, 1013, 966, 1167, 587, 1807, 1394, 699, 1583, 421, 220, 2381, 1624, 243, 543, 1419, 484, 2116, 19, 736, 1324, 1336, 1676]"
1178,863,Logitech Notebook Riser (N110),11,"[390, 758, 647, 2123, 1239, 2182, 2287, 740, 1886, 1984, 1741]","[2123, 1239, 740]",[]
1179,1270,Brother MFC-6890CDW Professional Series Color Inkjet All-in-One Printer/Copier/Scanner/Fax with Duplex Printing and Wireless Networking,29,[],[],[]
1180,2270,Sharpie 1747388 Stainless Steel Fine Point Permanent Marker,39,"[1329, 771, 1731, 1774, 1215, 2288]",[],"[1450, 2288, 909, 484, 1731, 1774, 1475]"
1181,751,Fujitsu ScanSnap S1500 Instant PDF Sheet-Fed Scanner for PC,30,[],"[786, 2406, 1042]","[1588, 1591, 786, 2102, 1975, 1042, 1933, 86, 2406, 1988, 2284, 2217, 754, 918]"
1182,1540,"Office Impressions Self-Stick Notes, 3 x 3 Inches, Yellow, 100 Sheets per Pad (12 Pads per Pack) (82327)",25,"[1628, 2088, 89, 2214, 1635, 2087]",[],"[1398, 516, 1676, 115, 1336, 49, 494, 378, 139, 1473, 2088, 505, 2102, 89, 407, 633, 1470, 1056, 2401, 745, 966, 2087, 1357, 587, 1134, 2078, 1713, 1807, 699, 1583, 850, 1264, 1370, 421, 1322, 1212, 1812, 2381, 1419, 484, 769, 1234, 1976, 1396, 1921, 736, 2214, 557, 1368, 589, 1934]"
1183,2271,"Office Impressions Kraft Clasp Envelopes, 9 X 12 Inches, 28 Lb, Light Brown, 100 per Box (82302)",16,"[494, 2088, 1807, 1394, 1660, 407, 2227, 484, 1817, 421, 2101, 1322, 966, 1009]",[],"[1918, 1676, 115, 963, 313, 49, 494, 378, 139, 1473, 2088, 2102, 407, 2227, 1260, 1056, 112, 2101, 966, 2087, 1357, 1167, 1018, 109, 587, 487, 2078, 1807, 734, 699, 2325, 1264, 1370, 421, 1322, 1212, 2381, 2237, 484, 769, 1234, 1921, 736, 1713, 1368, 1934]"
1184,911,Brother TN-650 High Yield Toner Cartridge,28,[],[151],"[1863, 1518, 1752, 1517, 1508, 2055, 151, 772, 1628, 49, 494, 1557, 378, 2088, 2102, 1103, 1357, 587, 2376, 1953, 1933, 1322, 2203, 2033, 1417, 1178, 214, 705, 2237, 773, 1988, 769, 736, 1713, 1852, 1679, 737, 139]"
1185,645,FRANKLIN BES2100 translator Electronic Reference Device,15,[],[],[]
1186,1271,Brother HL-5370DW Laser Printer,29,[],"[86, 2033, 1953, 911]","[2033, 1953, 911, 1414, 1198, 86, 2010, 1483]"
1187,1953,Brother DR-620 Drum Unit - Retail Packaging,28,[],"[1988, 911]","[1518, 1752, 2055, 1429, 151, 772, 494, 1557, 745, 911, 1342, 1933, 1583, 846, 421, 2033, 1178, 705, 1988, 2116, 1713, 1368, 737, 2078]"
1188,969,Fujitsu ScanSnap S1500M Instant PDF Sheet-Fed Scanner for the Macintosh,30,"[1315, 1764, 2404, 2013, 1416, 1016, 1177, 2406, 1430, 1042, 1307, 1290, 2147, 232, 411, 1442, 751, 570, 477, 786, 1115, 2201, 1305, 2379, 1912, 1101, 860]",[],"[2033, 735, 1416, 786, 1245, 196, 1414, 217, 151, 1276, 86, 740, 1322, 1042, 912, 751, 487]"
1189,2272,Brother MFC-8480DN High-Performance Laser All-in-One with Networking and Duplex Printing,29,[],"[1953, 911]","[151, 1953, 917, 911]"
1190,1018,"Americopy 3,000 Label Name and Address Labels, 2-5/8&quot; x 1&quot;, Same Size as Avery&reg; 5160",22,"[1447, 2039, 2004, 1759, 460, 463, 466, 1379, 392, 1684, 112, 2350, 142, 1700, 109, 249]",[],"[1676, 819, 1660, 1379, 151, 49, 494, 378, 1473, 1562, 2039, 2088, 2005, 407, 635, 1470, 2101, 142, 2078, 1700, 2087, 109, 966, 853, 1807, 1684, 1418, 421, 1322, 466, 1295, 941, 543, 1988, 484, 769, 736, 1713, 915, 1934]"
1191,1954,"Duck Brand Self-Locking Mailing Boxes, Sample Size, 9.5&quot; x 6.5&quot; x 3.25&quot;, White, 25-Pack (1147601)",16,[],[],"[38, 1660, 1677, 1379, 1232, 1147, 1312, 550, 112, 1231, 1009, 1532, 1068, 939, 171, 466, 220, 2170, 47, 484]"
1192,1541,Casio USB Graphing Calculator Model FX-9860GII,4,[],"[1181, 1249]","[1488, 1181, 1249, 985, 2393, 1590, 1633, 2112]"
1193,1721,"PENCIL,VELCTY 0.9MM,4 Pack,BK",39,"[1683, 1481, 1925, 1949, 34, 243, 1082, 1340, 53, 195, 2261, 1678, 1259, 87, 2339]",[],"[1683, 1050, 903, 2282, 1082, 23, 1165, 907, 1204, 1472, 1803, 1740, 183, 505, 34, 1340, 53, 2070, 1134, 2359, 1481, 1925, 1949, 894, 1692, 1636, 890, 1259, 2374, 842, 1811, 1325, 2339, 243, 800, 484, 195, 2261, 1820, 87, 19]"
1194,2273,"Pilot G2 Retractable Premium Gel Ink Roller Ball Pens, Bold Point, 4-Pack, Assorted Colors, Black/Blue/Red/Green (31255)",39,"[1221, 34, 1365, 573, 2090, 1688]",[],"[49, 1331, 53, 1969, 1134, 1167, 799, 1512, 1481, 1807, 1365, 1933, 573, 421, 220, 484, 2090, 19, 557, 2078]"
1195,465,"Quartet Magnetic Dry-Erase Board, 17 x 23 Inches, Frame Color May Vary (21-580643Q)",26,"[843, 1730, 178, 1164, 884, 223, 2357]",[],[]
1196,275,"Quartet 4-Count Broad Dry-Erase Marker Kit, 1 Eraser, 2 oz. Spray Cleaner (51-659672Q)",39,"[843, 1730, 2300, 1390, 414, 1136, 1663, 5, 2168, 1821, 1217, 37, 173]",[],"[1390, 1136, 2116, 421, 1217, 49, 837]"
1197,2274,Badge Holder With Loop,22,[],[],"[1883, 2128, 192, 2294, 803]"
1198,475,"Academie Wirebound Sketch Diary, 9 x 6 Inches 70 Sheets (54028)",25,"[261, 1631]",[],"[1367, 1623]"
1199,2275,"Livescribe 3 x 5 Flip Notepad #1-4 (Black, 4-pack)",25,[],[803],"[2244, 786, 1372, 803]"
1200,1272,"Under the Roof Decorating 3-100109 Stoppy Door and Window Stop, Black",20,[],[2137],"[2204, 1553, 2137, 2116]"
1201,217,Fellowes Powershred W-11C 11 Sheet Cross-Cut Shredder (3103201),24,[],"[532, 156, 196, 581]","[2047, 378, 2394, 139, 196, 922, 1330, 1109, 1583, 124, 1235, 111, 49, 587, 1676]"
1202,23,uni-ball KuruToga Mechanical Pencil Starter Set (1751934),39,"[1512, 1481, 1925, 1949, 2009, 493, 2315, 1729, 1678, 2261, 848]",[],"[1683, 1643, 1804, 1082, 1228, 493, 361, 907, 795, 505, 34, 2315, 1729, 53, 698, 206, 966, 1134, 1512, 1925, 1949, 1903, 2076, 1951, 573, 890, 82, 848, 1053, 243, 2009, 484, 1678, 2261, 1559]"
1203,1542,Epson Stylus NX515 WiFi Color Inkjet All-in-One Printer (C11CA48231),0,"[569, 2184, 132, 655, 1533, 959, 583, 305, 1122, 319, 179, 281, 1304, 230, 2038, 406, 1745, 724, 111, 1543, 88, 2416, 74, 144, 86, 446, 248, 722, 187, 719, 514, 79, 783, 1262, 315, 920, 58, 1282, 1567, 102]","[187, 79]",[]
1204,2276,Epson Stylus NX115 All-in-One (C11CA46212),0,"[86, 281, 2343]",[281],[]
1205,1955,HP CM721A#B1H 2140 Professional Quality Plain-Paper Fax and Copier,17,[],[636],"[1591, 2130, 786, 1304, 1975, 217, 1680, 484, 636, 1483]"
1206,1273,SANOXY&reg; USB Wireless Remote Pointer Control PowerPoint Presentation Presenter Clicker Pen with Laser Pointer,27,[],[518],"[518, 955]"
1207,1722,"Pilot FriXion Light Erasable Highlighters, Chisel Point, Yellow, Dozen Box (46502)",39,[],[],"[1645, 2301, 1150, 34, 1340, 195, 82, 9, 2070, 121, 589]"
1208,1274,"Scotch DP-1000RF6 Packaging Tape, 1.88 Inches x 900 Inches (6-Pack)",16,"[1863, 1467, 60, 2097, 62, 220, 171, 47, 543, 1331, 1011, 2319, 254, 852, 48]",[],"[1514, 38, 1660, 1379, 1232, 124, 1881, 49, 852, 48, 494, 2088, 1466, 1088, 1331, 1312, 550, 1231, 1009, 1357, 109, 392, 60, 939, 171, 699, 466, 1812, 220, 2381, 2170, 47, 543, 484, 547, 741, 2116, 1247, 589]"
1209,1543,Epson DURABrite T068520 Ultra 68 High-capacity Inkjet Cartridge Color Multipack-Cyan/Magenta/Yellow,28,[],"[1533, 959]","[320, 946, 1533, 959, 1752, 1506, 182]"
1210,1723,Epson Stylus NX415 All-in-One Printer,0,[],"[111, 1997]","[1364, 1567]"
1211,1275,10 Pack Of Non-OEM LC61 Ink Cartridges -Cyan/Magenta/Yellow,28,[],"[1182, 1703]","[2178, 1196, 1703, 583, 1182, 49]"
1212,2277,"Bazic 3-Ring Pencil Pouch with Mesh Window, 24 Assorted colors (Case of 24)",11,"[2359, 1624, 903, 505, 243, 800, 890, 1969, 2168, 1367, 1134, 1464]",[],"[1050, 903, 215, 1082, 774, 1204, 599, 1367, 1464, 979, 505, 206, 1969, 2386, 1134, 2359, 1481, 1925, 890, 2058, 1924, 1624, 1135, 1919, 243, 800, 2168, 1755]"
1213,1956,"Universal 56806 36 by 48-Inch Cleated Chair Mat for Low and Medium Pile Carpet, Clear",20,"[762, 1027, 1012]",[],"[378, 630, 1788, 2344, 1555, 407, 361, 769, 1264, 1234, 1012, 421, 736, 151, 966, 49, 1167, 139]"
1214,1724,"Sharpie Ultra-Fine-Point Permanent Markers, 24-Pack Colored Markers (75847)",39,"[1350, 516, 1363, 188, 678, 200, 845, 2395, 119, 2231, 1215, 1216, 859, 1063, 1286, 1065, 2222, 484, 1061]",[],"[1350, 516, 1363, 188, 678, 200, 845, 2395, 1662, 119, 53, 1215, 1216, 859, 771, 1063, 1065, 484, 1061]"
1215,1544,Prismacolor Oval Pencil Sharpener,39,"[1010, 753, 1455, 1849, 1906, 1716, 999, 1084, 654, 1233, 1623, 1755, 2377]",[],"[1010, 1672, 753, 1455, 1849, 1906, 999, 654, 1814, 1233, 1623, 1755]"
1216,3,"Bankers Box SmoothMove Moving and Storage Boxes, Small, 10 Pack (0062701)",16,"[351, 327, 939, 1232, 342, 638, 1234, 353, 537, 428, 220, 732]",[],"[351, 1657, 1720, 939, 47, 1247, 1232, 1331, 342, 1234, 353, 9, 732, 537, 428, 1881, 220, 2170]"
1217,912,"DYMO Label Writer 450 Twin Turbo label printer, 71 Labels Per Minute, Black/Silver (1752266)",24,"[1846, 1834, 253, 1426, 1276, 898, 1845, 1206, 1794, 1420, 1560, 2278, 2289, 1796]",[],"[516, 1295, 253, 786, 2289, 1276, 2237, 356, 2010, 1206, 1234, 1794, 1560, 2415, 2278, 2087, 587, 1796]"
1218,1276,DYMO 1752265 LabelWriter 450 Turbo Thermal Label Printer,24,"[1834, 1295, 253, 108, 1426, 898, 1845, 1206, 1794, 1420, 1560, 1905, 2278, 912, 2289, 1796, 71]",[],"[449, 1295, 547, 1206, 1794, 112, 2415, 1905, 2278, 912, 2289, 1796]"
1219,2278,DYMO 1752264 LabelWriter 450 Thermal Label Printer,24,"[1834, 1295, 1796, 253, 1426, 1276, 898, 1845, 1206, 1794, 1420, 1469, 912, 2289, 949]",[],"[1588, 833, 1295, 786, 1276, 1975, 151, 1016, 86, 1206, 2284, 547, 1794, 1560, 1009, 1905, 912, 1796]"
1220,1384,Brother TN-360 Compatible Brand Toner - High Yield Version,28,[],"[968, 705]","[494, 378, 2262, 1190, 2356, 1518, 968, 819, 705, 1377, 1264, 1322, 1812, 49]"
1221,1277,Custom Self Inking Rubber Stamp - 3 Lines (42A1539),22,[],[],"[49, 494, 407, 1012, 112, 1323, 1807, 734, 1949, 1583, 1235, 1322, 71, 1391, 735, 1178, 214, 484, 2116, 736, 1247, 850, 1934]"
1222,685,"Five Star&reg; 1-Subject Notebooks in Red, Black, and Navy, 3-Pack (08277)",25,[],[],[]
1223,166,"Mead RediSpace Transitional NoteBook Paper, Stage 4, 10.5 x 8 Inches, 50 Count (48018)",25,"[485, 239, 218]",[],"[485, 239, 218]"
1224,261,"Academie Wirebound Sketch Diary, 14 x 11 Inches, 70 Sheets (54400)",25,[475],[],[]
1225,1545,Canon PIXMA MP490 Inkjet Photo All-In-One Printer (3745B002),0,"[521, 569, 1408, 989, 1705, 984, 1736, 2364, 529, 1184, 1026, 927, 642, 519, 555, 554, 430, 111, 1996, 88, 512, 446, 187, 452, 474, 514, 626, 920, 981, 1195]","[474, 642, 187, 496]",[]
1226,2279,"Classroom Keepser Magazine Holders, 6  Assorted Colors, (001327)",23,[],[],"[1937, 1662, 800, 1008, 840, 1663, 421, 745]"
1227,752,Ink Cartridges for use on Canon PIXMA Printers (2 Sets),28,[],"[808, 237]","[1776, 269, 187, 770, 1552, 808, 49]"
1228,2280,Shredder Essentials 6-Sheet Diamond-Cut Shredder,24,"[1266, 621, 581, 1243, 2221, 532, 156, 196, 217, 992, 488, 932, 625, 1873, 525, 622]","[156, 488, 525, 581]",[]
1229,1091,"Uniden Slim1100 Slimline Corded Phone, white, one phone",37,[],"[2267, 504, 1299, 472]","[2267, 2027, 1031, 528, 1382, 504, 1423, 1299, 580, 821, 472, 1183, 796]"
1230,1546,"Uniden 1380BK Corded Caller ID phone with Answering System, black, one phone",37,[],[1423],"[821, 504, 1423, 1171]"
1231,2281,"Lamy Bottle Ink Blue/Black T52, 50 ml",39,"[708, 1383, 1833, 891, 1701, 965, 1332, 2330, 2220, 902, 1920, 1832]",[],"[1003, 1587, 708, 1833, 902, 1020, 2327, 891, 1701, 965, 1332, 2330, 2220, 1383, 1920, 1475, 1832]"
1232,1725,"Smead 89501 Campus.org Poly Color Envelopes - 5 Pack, Assorted Colors",18,"[1060, 1666, 183, 2083]",[],"[115, 273, 2363, 49, 494, 378, 1150, 1740, 183, 505, 89, 2066, 407, 53, 1816, 1060, 2070, 1666, 1167, 487, 2083, 699, 1057, 172, 421, 2350, 842, 220, 1743, 243, 484, 769, 1820, 733, 19, 1139, 589]"
1233,1726,"Sharpie 25145 Accent Tank-Style Highlighter, Assorted Colors, 12-Pack",39,"[1082, 1468, 494, 1150, 34, 53, 1134, 1481, 1636, 2228, 1325, 243, 865, 484, 769, 2116, 1648, 2257, 589, 2078]",[],"[516, 1676, 115, 1153, 1375, 963, 1758, 49, 1628, 494, 378, 1473, 2088, 505, 2102, 89, 1662, 633, 966, 2078, 1357, 109, 587, 1134, 1713, 1481, 1807, 1347, 699, 1583, 1264, 421, 1322, 2374, 1743, 2237, 865, 484, 2116, 769, 736, 2214, 589, 139]"
1234,2282,"Paper Mate Mirado Black Warrior Cedar Pencils, 8 #2 Pre-Sharpened Pencils(58494)",39,"[2365, 1980, 1135, 903, 1082, 774, 1777, 1504, 698, 1872, 1084, 1053, 2386, 1464]",[],"[903, 1082, 774, 1777, 1300, 2327, 654, 1367, 49, 1803, 506, 183, 698, 2386, 278, 687, 890, 1084, 1259, 2374, 1053, 2365, 1135, 938, 1648]"
1235,2283,Buddybar Door Jammer,20,[],[],[]
1236,1167,"TOPS Prism Plus 100% Recycled Legal Pad, 5 x 8 Inches, Perforated, Assorted Colors: Gray, Orchid, Blue, Legal/Wide Rule, 50 Sheets per Pad, 6 Pads per Pack (63116)",25,"[1628, 803]",[],"[115, 1336, 49, 1628, 803, 494, 378, 1150, 2372, 2088, 505, 89, 34, 407, 53, 966, 1635, 587, 1134, 2078, 1713, 1807, 699, 1583, 1979, 421, 1322, 2237, 1396, 484, 2116, 769, 19, 1921, 736, 2214, 589, 139]"
1237,1547,Vtech 6.0 2-Line Expandable Cordless Phone with Digital Answering System and Caller ID (DS6151),37,[],[2298],"[1322, 2394, 1432, 156, 86, 2298, 636, 1033, 151, 49, 1018]"
1238,1957,Extra Large heavy-duty folding Cart with matching Liner -Basket Cart -Jumbo size,7,[1668],[],[1668]
1239,121,"Post-it Durable IndexTabs, 1 Inch, Ideal For Binders and File Folders, Assorted Bright Colors, 36 per Dispenser (686-RYBT)",22,"[294, 2092, 1150, 1629, 76, 20, 27, 9, 1550, 229, 1228, 1769, 1758, 1134, 589]",[],"[1918, 516, 76, 1228, 840, 1769, 313, 1758, 49, 1309, 1150, 20, 505, 53, 966, 1635, 1134, 1215, 1713, 1550, 859, 1636, 2291, 1057, 1264, 421, 1322, 484, 769, 736, 2214, 557, 589, 139]"
1240,128,Kensington Wireless Presenter with Laser Pointer and 2 GB Built-in Memory (Black),27,"[527, 1273, 518, 1339, 955, 1563, 1237, 1887]",[],"[527, 1887, 955, 518]"
1241,1278,Lexmark Interact S605 Wireless Multifunction Inkjet Printer with Web-Enabled Touchscreen,29,[],"[1284, 187, 1173]","[1284, 1287, 1173, 1733]"
1242,63,"Avery Assorted File Folder Label Pad, 1/3 Cut, 160 Labels (45215)",22,"[1514, 1376, 124, 1758, 49, 1628, 439, 378, 966, 587, 1615, 1807, 421, 13, 435, 736, 1523, 850, 139]",[],"[1514, 634, 1758, 49, 89, 1969, 966, 587, 487, 1807, 699, 1136, 1264, 421, 1322, 1950, 2082, 484, 1234, 736, 589]"
1243,17,"Avery Removable Label Pad, 1 x 3 Inches, Assorted, Neon, 120 Labels (22010)",22,"[6, 331, 1759, 13, 2095, 1816, 129, 9, 2350, 161]",[],"[840, 1758, 1150, 1629, 20, 89, 1617, 63, 1816, 2083, 1759, 421, 2350, 220, 47, 13, 484, 683, 9, 2214]"
1244,65,"Avery To/From Shipping Label Pad, 40 Labels (45280)",22,"[38, 460, 1379, 1232, 1421, 2039, 1625, 1312, 958, 550, 1816, 112, 1009, 2334, 1532, 853, 1864, 1418, 2350, 466, 220, 1349, 915]",[],"[1660, 1232, 49, 1011, 1312, 958, 550, 1009, 1532, 853, 1394, 1864, 421, 2350, 220, 47, 1349, 484, 769, 19]"
1245,1019,HP Photosmart Plus Wireless All-in-One Printer (CD035A#ABA),29,"[1095, 813, 1113, 2332, 281, 1407, 2038, 1708, 724, 1180, 88, 778, 297, 2018, 868, 248, 763, 1410, 761, 787]","[281, 1079]",[]
1246,1958,HP Deskjet&nbsp;D1660&nbsp;Printer&nbsp;(CB770A#B1H),29,[],"[541, 565, 648]","[1014, 706, 972]"
1247,1386,AmazonBasics Remanufactured  Toner Cartridge Replacement for Brother TN570  High Yield Black,28,[],[],[]
1248,1168,AmazonBasics Remanufactured Toner Cartridge Replacement for Brother TN360 High Yield Black,28,[],"[968, 1384, 705]",[]
1249,1279,AmazonBasics Remanufactured  Toner Cartridge Replacement for Brother TN580 High Yield Black,28,[],[1342],[]
1250,1959,AmazonBasics Remanufactured Ink Cartridge Replacement for Brother LC41BK Black,28,[],[],[]
1251,1389,AmazonBasics Remanufactured Ink Cartridge Replacement for Brother LC51BK Black,28,[],[],[]
1252,1387,AmazonBasics Remanufactured Toner Cartridge Replacement for Brother TN460 High Yield Black,28,[],[],[]
1253,1548,AmazonBasics Remanufactured  Drum Unit Replacement for Brother DR520,28,[],[],[]
1254,1388,AmazonBasics Remanufactured Toner Cartridge Replacement for Brother TN550 Black,28,[],[],[]
1255,1385,AmazonBasics Remanufactured Drum Unit Replacement for Brother DR350,28,[],[],[]
1256,1280,,13,[],[],[]
1257,1549,HP&nbsp;Photosmart&nbsp;A646&nbsp;Compact&nbsp;Photo&nbsp;Printer&nbsp;(CC001A#B1H),29,[],[747],[952]
1258,1020,"Pilot Namiki IC100 Fountain Pen Ink Cartridge, Black, 12 Cartridges per Pack (69100)",39,"[1837, 708, 539, 1263, 891, 1701, 2330, 1332, 2229]",[],"[1837, 1587, 708, 539, 1263, 2009, 2327, 891, 1701, 965, 1332, 2330, 1383, 2229]"
1259,527,Logitech Professional Presenter R800 with Green Laser Pointer,27,[],"[518, 1887, 955]","[518, 1662, 955, 986]"
1260,518,Logitech Wireless Presenter R400,27,"[527, 1273, 986, 128, 1339, 955, 1563, 1237, 1887]",[],"[527, 986, 1390, 1625, 1988, 955, 740]"
1261,519,Canon PIXMA MP560 Wireless Inkjet All-In-One Photo Printer (3747B002),0,[],"[237, 269, 187]","[237, 269, 1552]"
1262,1092,HP 920 CN066FN#140 Ink Cartridge Combo Pack,28,[],"[1537, 1176]","[1876, 1537, 1807, 1176, 633, 1506, 1396, 447, 1507, 49, 139]"
1263,778,HP Photosmart Premium All-in-One Printer (CD055A#ABA),0,[],"[1748, 1531, 2038]","[1531, 1993, 1783, 717, 1079, 804]"
1264,1169,"IOGEAR Multimedia Keyboard with Laser Trackball and Scroll Wheel, 2.4GHz Wireless GKM561R (Black)",28,[],[],[1305]
1265,251,"Sure Hook Hanging File Folder, Assorted ( Blue, Red, Yellow, Bright Green, Orange), Letter, 20 Folders Per Box, 6152 1/5 Asst",18,"[175, 1514, 1667, 1211, 2082, 435, 421, 736, 1950]",[],"[1514, 115, 361, 49, 378, 630, 1473, 2066, 407, 633, 2195, 1704, 966, 1635, 587, 294, 1667, 1807, 1008, 699, 421, 1950, 1107, 2333, 2237, 484, 2116, 435, 736, 589]"
1266,1093,Epson WorkForce 1100 Wide-Format Color Inkjet Printer (C11CA58201),29,"[2184, 896, 694, 426, 1314, 1256, 458, 862, 627, 427, 1073, 336, 1411, 2292, 716, 1301, 1262, 459, 1298, 1482, 1494]","[427, 336, 1262]",[]
1267,1960,"Formaticum Cheese Paper with 15 Adhesive Labels, Package of 15, 11 by 14-Inch",22,[],[],[]
1268,1727,"Monteverde Ballpoint Refill to Fit Cross Ballpoint Pens, Medium Point, Soft Roll, Blue, 2 per Pack (C132BU)",39,"[1453, 1463, 2353, 1622, 573, 1251]",[],"[1622, 1463, 2353]"
1269,1550,"Post-it Flags with On-the-Go Dispenser, Purple, Blue, and Green, 1-Inch Wide, 60/Dispenser, 1-Dispenser/Pack",22,"[2092, 1150, 1629, 76, 20, 9, 229, 1228, 1636, 2017, 53, 1057, 2119, 1769, 1758, 121, 589]",[],"[2092, 76, 1228, 840, 1769, 1472, 1758, 1628, 49, 121, 378, 1150, 20, 505, 89, 34, 1617, 53, 1208, 1215, 1134, 294, 229, 859, 1692, 1636, 2017, 1979, 2190, 1264, 421, 1325, 484, 2116, 2119, 769, 557, 2257, 589, 2078]"
1270,1728,"The Classics Stainless Steel Ruler with Cork Backing (TPG-152), 12 Inches",10,"[1969, 795]",[],"[516, 903, 1676, 115, 1317, 361, 124, 963, 795, 49, 439, 494, 378, 1473, 505, 633, 1969, 966, 2078, 587, 1134, 2260, 1925, 699, 2325, 1583, 890, 1264, 850, 421, 1322, 1212, 243, 2237, 1321, 484, 2116, 2168, 736, 557, 589, 139]"
1271,1961,"Tartan Sealing Tape, 1.88 x 109 Yards, Clear, 6 Rolls (3690)",16,[],[],[]
1272,1962,SteelSeries 4HD Professional Gaming Mouse Pad (Black),11,"[1513, 885, 704, 1735, 155]",[],"[1513, 740, 704, 885]"
1273,2284,HP LaserJet P3015dn Printer - Black/Silver (CE528A#ABA),29,[],[],"[1588, 1591, 2332, 786, 1975, 2389, 2010, 1599, 2278]"
1274,252,"BIC 4-Color Ball Pen, Medium Point, 3 Pack, Assorted Ink (MMP31-ASST)",39,"[505, 34, 265, 1134]",[],"[1350, 1050, 903, 1082, 774, 1228, 907, 49, 494, 1150, 505, 34, 53, 206, 1969, 2386, 1208, 1134, 1453, 1481, 1925, 1949, 1636, 890, 1212, 1641, 243, 265, 484, 1327, 2168, 557, 1665, 1336]"
1275,441,"Quartet Stainless Steel Finish Magnetic Dry-Erase Board, 8.5 x 11 Inches, Graphite Gray Frame (mhos8511)",26,"[189, 1770, 73, 362, 178, 160, 1164, 394, 223, 1966, 546, 486, 37, 2357]",[],"[1770, 843, 2300, 361, 1663, 850, 394, 154, 1013, 2370, 37]"
1276,1390,Expo Non-Toxic Green Whiteboard Cleaner 22 oz Spray Bottle (1752229) (Packaging May Vary),39,"[1770, 1980, 843, 2300, 1662, 1136, 1663, 5, 2086, 1637, 2168, 1821, 1217, 1013, 2370, 37]",[],"[1770, 1730, 774, 5, 49, 2370, 575, 1785, 1662, 1663, 1013, 1216, 37, 1136, 1637, 1135, 843, 800, 484, 2116, 769, 2168, 1821, 1217, 1966, 2078]"
1277,564,"Avery Stamps.com Desktop Postal Center:  Starter Kit, Includes $45 in Postage, 4 Weeks of Service, Stamp Labels, Mailing Labels and Shipping Labels (32401)",22,"[449, 38, 1276, 898, 613, 1379, 1560, 112, 1231, 912, 466, 109]",[],[]
1278,68,"Avery Internet Shipping Labels, Ink Jet and Laser, Brown Kraft, 50 Labels (5783)",22,"[335, 320, 433, 38, 368, 460, 1625, 334, 466, 349, 382, 304, 467, 1231, 1421]",[],"[320, 38, 368, 393, 1763, 75, 466, 349, 304, 1231]"
1279,1729,"Pentel Twist-Erase III Automatic Pencil with 2 Eraser Refills, 0.7mm, Assorted Barrels, 2 Pack (QE517BP2-K6)",39,"[1481, 1925, 1949, 2009, 493, 23, 1678, 2261, 907, 848, 2339]",[],"[1683, 903, 1082, 1228, 493, 361, 23, 907, 49, 1824, 1150, 1192, 633, 53, 206, 1635, 1134, 587, 1453, 1512, 1481, 1925, 1949, 890, 1185, 1053, 2339, 1624, 484, 1678, 195, 1648, 589]"
1280,1391,"Letter Slitter Hand Letter Opener w/Concealed Blade, 2 1/2&quot;, White, 3/Pack",10,"[2239, 735, 1639, 1839, 2237, 1370, 1650, 226]",[],"[2239, 1398, 115, 361, 124, 963, 795, 439, 378, 1473, 2088, 164, 633, 1969, 966, 1167, 587, 1694, 147, 1615, 944, 1807, 998, 734, 1639, 699, 2325, 850, 1000, 1370, 846, 1650, 1235, 1322, 2381, 735, 1839, 557, 1419, 484, 2116, 2237, 1321, 769, 736, 2214, 835, 589, 139]"
1281,1281,"Pentel EnerGel  Deluxe RTX Retractable Liquid Gel Pen, 0.7mm, Needle Tip, Violet Ink, 2 Pack (BLN77BP2V)",39,"[2293, 799, 1951, 1942]",[],"[516, 1769, 49, 1628, 1942, 1729, 53, 1260, 1635, 1726, 799, 1512, 2293, 1807, 699, 1951, 2228, 1264, 421, 1322, 1212, 735, 2237, 484, 736, 263, 589]"
1282,864,"Swingline Optima Electric Pencil Sharpener, Fits Six Different Pencil Sizes (29968)",39,"[847, 371, 517, 1300, 576, 654, 590, 2153, 684, 387, 506, 861, 575, 610, 637, 278, 687, 1917, 878, 1199, 888, 337, 756, 287, 1755, 661]",[],"[1500, 1285, 774, 590]"
1283,466,200 Shipping Labels White Blank Half Page Self Adhesive for Laser Inkjet Printer 5.5&quot; x 8.5&quot; x 2 each sheet,22,"[38, 1660, 1379, 2289, 1147, 1421, 449, 1562, 1625, 1312, 958, 550, 1231, 2334, 1110, 1009, 1700, 853, 1418, 1310, 107, 1349, 1865, 2384, 915]",[],"[38, 1660, 1659, 1379, 1232, 1800, 49, 1147, 449, 2039, 1097, 1498, 1088, 1625, 1312, 1765, 958, 550, 1422, 112, 1009, 142, 2334, 2181, 1700, 1018, 967, 1532, 1068, 60, 853, 1658, 1864, 171, 613, 1274, 220, 1310, 47, 1349, 543, 1865, 547, 2384]"
1284,2285,"VTech DS6521-3 DECT 6.0 Cordless Phone, Silver/Black, 3 Handsets",37,"[2007, 2360, 2265, 412, 580, 1973, 1183, 1269, 247]","[2360, 247]",[]
1285,1282,Epson WorkForce 610 Wireless Color Inkjet All-in-One Printer (C11CA50201),0,[],"[1543, 1533, 74]","[1543, 1533, 959]"
1286,1283,Epson Artisan 710 Wireless Color Inkjet All-In-One Printer (C11CA53201),0,"[2184, 132, 896, 681, 694, 426, 1983, 606, 711, 1570, 1278, 179, 230, 862, 519, 406, 595, 61, 430, 778, 427, 567, 74, 297, 336, 1094, 1766, 1469, 722, 540, 110, 783, 696, 1268, 920, 459, 1282, 102]",[681],[]
1287,1021,"Epson Artisan 810 Wireless All-in-One Color Inkjet Printer, Copier, Scanner, Fax (C11CA52201)",29,"[2184, 132, 1035, 681, 694, 1983, 1570, 1278, 179, 281, 230, 406, 595, 111, 2416, 778, 427, 74, 336, 1094, 722, 540, 187, 110, 79, 374, 696, 483, 1402, 1268, 459, 58, 1282, 1494, 1283, 102]","[681, 230]",[]
1288,1551,F-301 Retractable Ballpoint 0.7mm Black 9pk (11169),39,"[1731, 1641, 1450, 1336]",[],"[516, 1804, 115, 840, 1336, 49, 378, 630, 1731, 1357, 1925, 1636, 1583, 2058, 1235, 1624, 1450, 2237, 484, 2116, 1678, 769, 736, 850]"
1289,1552,2-Pack Non-OEM Ink Cartridge w/ Chip for Canon PGI-220BK Pixma Canon iP3600 iP4600 MP560 MP620 MX860 MP980-Black,28,[],[752],"[269, 1754, 752, 187, 2296, 808, 49]"
1290,2286,Omas Limited Edition Phoenix Plated Fountain Pen With Diamonds,39,"[1837, 118, 891]",[],[]
1291,607,"3M Permanent Adhesive Address Labels, 1 x 2.62 Inches, Inkjet, White, 750 per Pack (3200-A)",22,"[1447, 335, 1018, 433, 133, 334, 392, 7, 112, 2350, 142, 304, 109, 249]",[],"[1357, 484, 1264, 7, 1110, 142, 2070, 1247, 49, 109, 139]"
1292,7,"3M Permanent Adhesive Address Labels, 1 x 2.62 Inches, White, 3000 per Pack (3100-B)",22,"[1447, 2004, 433, 109, 460, 133, 607, 392, 1684, 112, 2350, 142, 1018, 249]",[],"[1863, 151, 1800, 1628, 49, 494, 378, 89, 112, 966, 1700, 1018, 487, 587, 109, 699, 607, 86, 1264, 1684, 421, 1322, 2004, 543, 1396, 484, 769, 1234, 1713, 1676]"
1293,129,"Post-It Super Sticky Removable Color Coding Labels, 2 x 4 Inches, Assorted Neon, 150 per Pack (2700-W)",22,"[13, 1816, 9, 6]",[],"[351, 2378, 6, 939, 13, 1816, 1422, 9]"
1294,6,"Post-it Super Sticky Removable Color Coding Labels, 1 Inch x 2 5/8-Inch, Assorted Neon, Laser, 450 Labels per Pack (2700-P)",32,"[76, 2378, 13, 1816, 129, 9, 2350, 161]",[],"[2378, 2066, 13, 484, 129, 9, 589]"
1295,14,"3M Permanent Adhesive Shipping Labels, 2 x 4 Inches, White, 2500 per Pack (3100-U)",22,"[152, 460, 1625, 607, 334, 915, 7, 466, 382, 304, 109, 1796, 249]",[],"[152, 460, 607, 484, 7, 736, 421, 109, 392]"
1296,9,"Post-it&reg; Super Sticky Removable Label Pads, Assorted Neon Colors and Sizes, 16 Pads, 400 Labels per Pack (2900-M16)",11,"[76, 2378, 6, 66, 229, 13, 131, 1247, 161]",[],"[193, 76, 1228, 1232, 1758, 1881, 67, 2378, 131, 1216, 1635, 161, 2083, 939, 220, 66, 47, 543, 2310, 484, 1247]"
1297,55,"3M Permanent Adhesive File Folder Labels, 0.66 x 3.437 Inches, White, 1500 per Pack (3300-F)",22,"[13, 439]",[],"[460, 313, 1628, 439, 494, 378, 139, 2039, 505, 2005, 2066, 407, 1211, 2125, 633, 356, 1470, 112, 966, 2087, 1357, 1018, 109, 587, 487, 1713, 2078, 1807, 607, 2325, 1264, 1086, 1370, 7, 421, 1322, 1212, 1540, 1391, 13, 484, 2116, 1234, 769, 736, 2214, 1934]"
1298,13,"Post-it&reg; Super Sticky Removable File Folder Labels, 0.66 x 3.437 Inches, White, 1500 per Pack (2100-F)",22,"[294, 1514, 20, 6, 9, 251, 63, 129, 421, 2350, 1758, 1523, 161, 439]",[],"[1514, 1376, 313, 1758, 1628, 1309, 439, 494, 378, 6, 407, 633, 112, 142, 966, 1018, 109, 587, 1807, 331, 1008, 295, 2325, 1979, 1370, 1264, 421, 1322, 735, 214, 2082, 484, 2116, 1234, 769, 9, 736, 2214, 1378, 589, 2078]"
1299,12,"3M Permanent Adhesive Return Address Labels, 1/2&quot; X 1 3/4&quot;  Inches White, Laser, 2000 labels per pack (3100-Q)",22,[],[],[]
1300,1963,National Hardware V337 Wall Door Stops in Almond,20,[],[],[]
1301,1553,National Hardware V334 4&quot; Door Stops in Brown,20,[],[2137],"[2137, 1396, 19, 421, 1853, 1272, 220, 139]"
1302,1730,"Universal 43623 Dry Erase Board, Melamine, 36w x 24h, Satin-Finished Aluminum Frame",26,"[1785, 843, 178, 1136, 1164, 884, 582, 1217, 1064, 1013, 223, 2357]",[],"[1770, 438, 115, 1390, 5, 49, 2370, 378, 630, 1150, 1785, 2397, 1662, 1663, 2245, 154, 1013, 109, 37, 1136, 86, 1637, 223, 1212, 843, 1396, 484, 1164, 2168, 1821, 1217, 557, 850, 139]"
1303,1170,Brother PT1290 Home and Office Labeler,24,"[1285, 833, 1127, 103, 1105, 108, 851, 2165, 253, 296, 1964, 1602, 1420, 1355, 1577, 71]",[],"[1217, 1676, 1336, 590, 49, 494, 378, 407, 2231, 587, 1008, 699, 1583, 1355, 1577, 1616, 1322, 421, 908, 1218, 1295, 843, 2082, 2237, 484, 736, 850, 139]"
1304,1171,"AT&amp;T CL2939 Corded Phone, Black, 1 Handset",37,[],"[2394, 1423]","[2394, 1546, 1521, 1977, 528, 1106, 504, 1423, 2008, 580, 821, 472, 656, 2313, 1382, 2030]"
1305,1731,"Zebra F-701 Stainless Steel Ballpoint Retractable Pen, Black Ink, Fine Point, PK - ZEB29411",39,"[1450, 2256, 1942, 1220, 909, 2270, 1251, 1774, 1999, 1551, 1336]",[],"[1450, 1683, 2256, 1942, 493, 1220, 1636, 53, 891, 1678, 2270, 1251, 1774, 1999, 1641, 1551]"
1306,1284,Lexmark high yield 100XL ink cartridge-Black,28,[],"[1173, 1733]","[1103, 1733, 1569, 49, 1173]"
1307,2287,Adjustable Vented Laptop Table,34,"[1239, 740, 1186, 1296]",[],"[1596, 630, 115, 1390, 1186, 836, 1192, 1614, 740, 736, 1023, 1479, 1296]"
1308,2288,"Sharpie 1758054 Pen-Grip Fine Point Pen, Colored Ink, 3-Pack",39,[],[],[]
1309,2289,DYMO 1755120 LabelWriter 4XL Thermal Label Printer,24,"[1426, 1276, 1420, 898, 2278, 912]",[],"[449, 1080, 853, 1276, 1660, 1301, 1659, 1765, 1206, 958, 547, 550, 1009, 1905, 1560, 912, 1147, 1796]"
1310,807,"DYMO Label Manager LM260P label Printer, Black /Gray (1754490)",24,"[833, 401, 253, 970, 71]",[],"[833, 71]"
1311,970,DYMO 1754488 LabelManager 360D Handheld Label Maker,24,"[833, 1834, 1105, 1426, 807, 103, 2278, 401, 253, 108, 2165, 1276, 1420, 898, 405, 71, 1285, 296, 1170, 1602]",[],"[833, 2325]"
1312,302,"Post-it&reg; Super Sticky Removable Color Coding Round Labels, 0.75-inch Diameter, Assorted Neon, 1800 per Pack (2700-N)",22,"[2378, 76, 6, 320, 9, 229, 1759, 2017, 13, 1769, 161]",[],"[2378, 6, 13, 484, 2116, 129, 9]"
1313,1094,Canon PIXMA iP4700 Premium Inkjet Photo Printer (3742B002),29,"[1035, 1705, 1736, 1830, 927, 586, 606, 711, 1278, 507, 1927, 862, 519, 430, 627, 714, 778, 567, 369, 237, 1766, 1406, 446, 542, 540, 187, 657, 514, 716, 1268, 920, 1494, 1283]","[237, 269, 187]",[]
1314,1554,Canon PIXMA MP640 Wireless Inkjet Photo All-In-One Printer (3748B002),0,"[269, 1035, 1705, 1736, 583, 927, 305, 586, 1122, 688, 507, 1927, 230, 519, 555, 430, 1784, 627, 111, 88, 778, 74, 369, 1094, 237, 1766, 446, 542, 722, 540, 452, 187, 973, 514, 716, 626, 920, 58, 826]","[237, 269, 187]",[]
1315,442,"Fellowes Thermal Binding Machine, Helios 30 (5219301)",1,"[97, 639, 618, 1689, 856, 1179, 797, 660, 742]",[],"[639, 618]"
1316,255,"Avery NoteTabs, 2 x 1.5 Inches, Numbers, 2 Sets of 1-10 (16301)",22,[],[],[]
1317,26,"Avery NoteTabs, 2 x 1.5 Inches, Neon Blue and Magenta, 40 per pack (16293)",22,"[294, 1150, 1629, 76, 20, 67, 27, 9, 229, 1550, 2017, 1769, 1472, 1758, 121, 255]",[],"[516, 76, 1629, 20, 505, 27, 871, 1228, 216, 2017, 2195, 1721, 1769, 1472, 82, 1758, 121, 255]"
1318,1172,Brother MFC-495CW Inkjet Color Multifunction Center with Wireless Networking for the Small Office/Home Office,0,"[2349, 79, 783, 1182, 1703, 583, 555, 1938, 58, 1122, 1784, 111, 972, 1303]","[1182, 1703, 583]",[]
1319,238,"Westcott Soft Handle Kids Scissors with Anti-microbial Protection, Assorted Colors, 5-Inch Blunt, 12 Pack (14873)",14,"[1980, 1135, 800, 774, 1648]",[],"[845, 494, 1980, 575, 1135, 687, 505, 243, 800, 1662, 774, 1663, 484, 1648, 551, 19, 2386, 454]"
1320,33,"Avery NoteTabs, 3 x 3.5 Inches, Pastel Blue, 20 per pack (16330)",22,"[294, 2092, 1150, 67, 76, 20, 1629, 27, 96, 229, 9, 1617, 2116, 1769, 1758, 161, 589]",[],"[1629, 67, 76, 20, 27, 484, 1758]"
1321,36,"Avery NoteTabs, 3 x 1.5 Inches, Neon Blue and Magenta, 16 per pack (16299)",22,"[294, 1629, 76, 20, 27, 96, 1769, 1472, 1758]",[],"[1629, 20, 27, 460, 1769, 1758]"
1322,1285,"Brother Personal Labeler Machine, White (PT90)",24,"[1127, 103, 1105, 2165, 851, 108, 253, 1420, 1355, 1170, 71]",[],"[1491, 2072, 115, 1309, 494, 1473, 1245, 1662, 1615, 1481, 2165, 1807, 421, 71, 484, 736, 1139, 1170, 589]"
1323,159,"Wilson Jones Pink 7 Pocket Filer, Durable Poly, Buckle Closure, Carrying Handle (W61012)",18,"[183, 181, 295, 2363, 172, 1060]",[],[]
1324,100,"Avery PocketTabs, 5.125 x 6 Inches, CD Size, Lime and Blue, 5 per pack (16362)",22,"[1491, 67, 76, 1617, 484, 1472]",[],[]
1325,314,"Smead 2-Way Mini Organizer, 12 Pockets, Alpha and Monthly, 9-3/4&quot;W x 4-1/2&quot; H, Flap with Elastic Closure, Blue with Manila Interior (70636)",18,"[1060, 2363, 295]",[],"[736, 2073, 295, 2082, 2310, 484, 421, 1060, 537, 165, 49]"
1326,779,"Fellowes Laminator Voyager 125, 12.5-Inch  with 10 Pouches (5218601)",27,"[728, 1098, 1689, 666, 664, 137, 383, 511, 94, 1742, 815, 676, 1364, 354, 1075, 194, 2205, 908, 901, 104, 420, 760]",[],"[908, 420, 104]"
1327,198,"Avery PocketTabs, 5.125 x 8.315 Inches, Half-Page Size, Pastel Blue, 5 per pack (16365)",22,"[2092, 67, 76, 20, 871, 1617, 82, 1769, 1472, 161]",[],"[1617, 67, 82, 2395]"
1328,83,"Avery Shipping Label with Paper Receipt, Laser, TrueBlock Technology, White, 25 Sheets  (5327)",22,"[1562, 320, 38, 613, 107, 2343, 1379, 466, 1231, 220, 915, 1421]",[],[]
1329,245,"PaperPro StandOut Standup Stapler, Purple (1454)",31,"[365, 403, 285, 348, 773, 124, 1704, 1921, 303, 1910]",[],"[516, 361, 257, 49, 1628, 365, 378, 1473, 633, 2238, 966, 1167, 587, 1008, 421, 1322, 1910, 735, 1107, 798, 773, 484, 1343, 769, 1921, 736, 2214, 557]"
1330,43,"Avery&reg; NoteTabs(TM) 3 inch x 7.5 inch, Perforated, Cool Blue and Green, 6 per pack",22,"[2092, 1150, 67, 76, 20, 1629, 27, 96, 229, 871, 2017, 1617, 82, 1769, 1758]",[],"[67, 76, 20, 96, 1617, 1758]"
1331,1286,"Sharpie Pen Fine Point Pen, 6 Colored Pens (1751690)",39,"[1350, 516, 200, 845, 34, 53, 1215, 1457, 894, 1903, 1692, 1244, 2228, 1063, 1774, 1065, 2288, 484, 1724, 1061, 2233]",[],"[1350, 516, 903, 840, 361, 2270, 1769, 49, 845, 1826, 1150, 2395, 505, 34, 1662, 149, 53, 142, 1134, 1726, 1352, 1481, 2293, 2083, 894, 859, 1636, 2228, 82, 1235, 1774, 2374, 842, 1065, 2288, 1624, 2237, 865, 484, 2168, 1724, 736, 557, 2233, 589, 2078]"
1332,285,PaperPro Generation II Hi-Start Stapler (1460),31,"[124, 1813, 590, 244, 365, 378, 164, 2124, 633, 245, 403, 1704, 1056, 1910, 1218, 773, 1921, 303, 1335, 139]",[],"[1473, 365, 735, 633, 245, 773, 484, 359, 1921, 590, 421, 140, 244, 1910, 1676]"
1333,1964,Brother PT-1090 P-Touch Home &amp; Family &quot;Simply Stylish&quot; Labeler,24,"[1285, 807, 1127, 103, 1105, 2165, 851, 108, 253, 296, 1602, 1355, 1577, 1170, 71]",[],[1355]
1334,711,Kodak ESP 5250 All-in-One Printer,0,[],"[281, 1100]","[2305, 1493, 1100, 2014, 1099, 810]"
1335,1095,HP Photosmart Premium TouchSmart Web All-in-One Printer,0,"[791, 1593, 583, 1440, 813, 606, 1591, 1409, 1304, 281, 2038, 1407, 1708, 961, 111, 1858, 1019, 778, 1125, 2018, 922, 1114, 1431, 86, 868, 446, 1341, 187, 763, 110, 79, 1410, 761, 2019, 1033, 459, 102]","[86, 111, 2038]",[]
1336,1732,Epson B11B189071 Perfection V500 Document Scanner,30,"[1718, 743, 470, 866, 307, 750, 2367, 1016, 1848, 1430, 709, 1042, 954, 1971, 232, 1442, 751, 570, 477, 1435, 1115, 786, 1305, 2379, 1101, 860, 814]","[866, 743]",[]
1337,396,"Smead Travel Organizer - Letter, 3 Tab, Poly, Black/Clear, 2 Pack (85777)",18,"[183, 2083, 295, 1725, 2363, 1060, 1523, 1666]",[],"[2083, 295, 2310]"
1338,345,"Smead Easy Grip Pocket - Letter, 3.5-Inch Expansion, 25 per Box (73208)",18,"[331, 1376, 313, 1060, 1378, 1523]",[],"[378, 1378, 2088, 944, 1807, 407, 1460, 1376, 2082, 484, 1264, 421, 1322, 2214, 966, 912, 439, 139]"
1339,1287,Lexmark Prospect Pro205 Wireless Multifunction Inkjet Printer,29,[],"[1284, 1173, 1733]","[1284, 1278, 1173, 1733]"
1340,1555,Flash Furniture Mid-Back Black Mesh Computer Chair,8,"[802, 1781, 2340, 608, 1673, 2362]",[],"[630, 1432, 746, 801, 1730, 587, 361, 2116, 2064, 963, 736, 1941, 557, 49, 1357, 850]"
1341,27,"Avery NoteTabs Round Edge, 2 x 1.5 Inches, Citrus, 20 per pack (16306)",22,"[294, 1150, 1629, 76, 20, 67, 2350, 9, 871, 2017, 82, 1769, 1472, 1758, 121, 161]",[],"[1629, 20, 2083, 1769, 1758, 121, 1666]"
1342,231,Ooma Telo Free Home Phone Service,37,"[2419, 2155, 2041, 528, 412, 1787, 1574, 473, 552, 2030]",[],"[2419, 2041, 1031, 1299, 1787, 580, 412, 1183, 1600]"
1343,865,"Pendaflex Oxford Ruled Index Cards, 3x5 Inches, White, 1000 Cards (10 pack of 100 )(31)",25,"[1050, 2359, 215, 2290, 243, 890, 1648, 2374, 1624, 2078]",[],"[1050, 1980, 903, 774, 49, 1464, 494, 2290, 505, 1137, 53, 1969, 2386, 1134, 2359, 1481, 1925, 890, 1322, 2374, 1624, 1135, 243, 800, 484, 769, 1648, 2168, 557, 1336, 2078]"
1344,2290,"Pendaflex Oxford Blank Index Cards, 3x5 Inches, White, 1000 cards (30)",25,"[215, 243, 865, 1799, 2374, 1624]",[],"[1050, 516, 1676, 1628, 49, 1464, 494, 505, 1662, 2070, 1013, 2078, 1134, 1807, 699, 1264, 421, 1799, 1322, 2374, 1624, 243, 941, 800, 865, 484, 2116, 769, 2168, 454, 139]"
1345,866,Epson B11B198011 Perfection V600 Photo Scanner,30,[],"[477, 1435]","[1298, 1042, 1414, 694]"
1346,1556,Master Lock 7148D Locking Steel Security File Box,19,[],[],"[2167, 1904, 516, 156, 49, 494, 378, 1060, 587, 1807, 2325, 421, 1322, 1950, 71, 1107, 1396, 484, 736, 1523]"
1347,1557,Brother TN-210BK Toner Cartridge - Retail Packaging - Black,28,[],[],"[1518, 1752, 1508, 313, 151, 49, 494, 378, 1103, 1368, 2101, 1215, 109, 1953, 911, 1807, 171, 699, 846, 1322, 1178, 47, 705, 1988, 484, 1333, 2168, 182, 1713, 1679, 737, 1676]"
1348,2291,"Sharpie 1740822 Accent Pen-Style Retractable Highlighter, Fluorescent Yellow, 5-Pack",39,"[1150, 243, 1228, 1636, 2257, 2228, 53, 890, 1363, 484, 769, 589, 2386, 1325, 1134, 1624]",[],"[215, 115, 1228, 1363, 124, 49, 121, 1309, 494, 378, 1150, 1473, 2160, 505, 53, 1969, 966, 587, 2359, 1807, 1636, 890, 1583, 1264, 1057, 421, 1817, 1322, 1212, 735, 243, 773, 484, 2116, 1396, 733, 736, 1247, 589, 139]"
1349,1392,Brother HL-3070CW Compact Digital Color Printer with Wireless Networking,29,[],[1557],"[86, 151, 1557]"
1350,808,12 Pack. Compatible Cartridges for Canon PGI-220 and CLI-221. Includes Cartridges for 4ea PGI-220 Black + 2ea CLI-221 Black + 2ea CLI-221 Cyan + 2ea CLI-221 Magenta + 2ea CLI-221 Yellow.,28,[],"[237, 2336, 269]","[2234, 237, 269, 1552]"
1351,1288,Brother MFC-9320CW High Quality Digital Color All-in-One Printer with Wireless Networking,29,[],[1557],"[1557, 171]"
1352,1173,100 Color Ink Cartridge Tri-pk- Cyan/Magenta/Yellow,28,[],"[1284, 1733]","[1141, 1103, 1733, 1284, 49, 139]"
1353,1733,100XL Color High Yield Return Prog Ink Cart Tri-pk- Cyan Magenta,28,[],"[1284, 1173]","[1284, 1173]"
1354,2292,Epson Stylus Pro 3880 Color Inkjet Printer (CA61201-VM),29,[],[1298],"[866, 1610]"
1355,262,Pendaflex I.Organize Project Management System Storage Binder Starter Kit(10049),1,"[295, 149, 216, 2310, 1758, 161]",[],[]
1356,1965,"Scotch Self-Sealing Laminating Pouches, Bag Tags with Loops, Glossy, 5 Pouches (LS853-5G)",27,[],[],"[62, 1617, 484, 75]"
1357,867,LapGear 45303 Multi-Purpose Jumbo LapDesk,11,[],[971],"[971, 536]"
1358,1734,VuPoint Solutions Magic Wand Portable Scanner,30,"[1764, 477, 1403, 1416, 2045, 695, 1981, 1561]",[],[1403]
1359,2293,"Pentel EnerGel Deluxe RTX Retractable Liquid Gel Pen, Fine Line, Needle Tip, Black Ink, Box of 12 (BLN75-A)",39,"[1951, 799, 2091, 1942]",[],"[1514, 516, 795, 49, 378, 1942, 54, 53, 2091, 966, 799, 1951, 2291, 1583, 1264, 421, 1212, 842, 1218, 843, 484, 2116, 139]"
1360,1735,Razer Goliathus Alpha Mouse Mat - Precision Control Surface,11,[],[704],[704]
1361,116,"Paper Mate Medium Point Retractable Gel Pens, 8 Colored Ink Pens (1746323)",39,"[1221, 2023, 157, 1347, 2084, 34, 894, 1903, 1692, 2012, 195, 1165, 678, 1529, 87, 2248]",[],"[1221, 903, 1165, 678, 1529, 1758, 2023, 1150, 34, 53, 1297, 1635, 1167, 2248, 1134, 799, 1481, 1347, 1949, 894, 1903, 2084, 1925, 1692, 1065, 243, 589]"
1362,218,"Mead Early Learning Idea builders, Stage Three, 10 x 8 Inches, 48 Sheets",25,"[485, 239, 166]",[],"[485, 239, 436, 166]"
1363,239,"Number Stories WorkBook, Stage Two, 10 x 8 Inches, 40 Count (48022)",25,"[485, 218, 436, 166]",[],"[218, 436, 485, 166, 2386]"
1364,1394,"Mead Press-It Seal-It Envelopes, 9 x 12 Inch, Office Pack 25 Count (76086)",16,"[1952, 1141, 1160, 1509, 49, 2186, 378, 407, 2227, 1312, 1009, 966, 1807, 734, 2271, 421, 1817, 1462, 1349]",[],"[2239, 516, 1952, 1676, 115, 1141, 1160, 1228, 840, 447, 963, 1509, 49, 1628, 2186, 494, 378, 1473, 505, 89, 407, 633, 2227, 1056, 112, 966, 1167, 587, 1352, 1807, 734, 1583, 421, 1322, 1212, 220, 2381, 1462, 2237, 1396, 484, 19, 736, 557, 1368, 850, 139]"
1365,1393,"Mead Press-It Seal-It 6X9 Envelopes, Office Pack 30 Count (76084)",16,"[1952, 1141, 1160, 2093, 1509, 2186, 407, 2227, 1312, 550, 960, 1009, 1532, 853, 1658, 1394, 734, 2271, 1817, 1349]",[],"[115, 460, 1141, 1160, 361, 447, 1509, 49, 1628, 2186, 494, 378, 505, 89, 407, 1625, 633, 2227, 1312, 2401, 112, 966, 2078, 1357, 1167, 587, 1807, 1394, 734, 699, 1583, 1264, 1370, 846, 421, 1235, 1322, 1212, 220, 1462, 2237, 484, 2116, 769, 19, 736, 1713, 1378, 1336, 139]"
1366,1096,Tyke Supply Dual LCD Monitor Stand desk clamp holds up to 24&quot; lcd monitors,11,[],[],"[2308, 1588, 2379]"
1367,1966,"Board Dudes Double Sided Dry Erase Lapboard, 9 x 12 Inches (11060-6)",26,"[189, 1770, 441, 362, 843, 1730, 178, 160, 1663, 1164, 394, 223, 1013, 2370, 486, 37]",[],"[1770, 903, 1390, 5, 1367, 2370, 1662, 1663, 1969, 1013, 37, 362, 890, 1637, 1624, 1135, 843, 243, 800, 1504, 1164, 1872, 2168, 223, 2357]"
1368,2294,"KEY-BAK #SUPER 48 (S48K) Locking Retractable Reel, 48 inch (122 cm) Kevlar Cord, Polycarbonate Case, Steel Belt Clip, 8 Ounce Retraction, Oversized Split Ring",19,"[1883, 2128]",[],"[1883, 2274, 2128]"
1369,1558,Wolverine F2D 35mm Film to Digital Image Converter with 2.4-Inches LCD and TV-Out,30,"[1790, 1435, 857, 866, 307, 2020, 1101, 825, 1116]","[825, 2020]",[]
1370,1395,"Rolland Office Chair Caster Wheel for Hardwood Floor - Stem Diameter: 11mm, Stem Length: 22mm - 5 Unit/Pack",20,"[762, 1027, 2388]",[],"[1788, 1615, 178, 1673, 2388]"
1371,1097,Digital Postal Shipping Postage Bench Scales 75 lbs,16,[],"[1765, 613, 449, 547]","[38, 1660, 1379, 1232, 151, 1889, 49, 2289, 1421, 1331, 1312, 1206, 958, 550, 1422, 112, 1009, 1231, 109, 718, 853, 171, 86, 421, 466, 1322, 220, 912, 1295, 47, 107, 543, 1349, 1865, 578, 736, 1905, 1247, 915]"
1372,2295,Royal DC20 Paper Trimmer,10,"[592, 318, 605, 267, 578, 284]",[],[]
1373,449,"Weighmax 2822-75LB postal shipping scale, Battery and AC Adapter Included",16,"[1310, 1566, 1294, 1097, 613, 1379, 956, 1149, 1765, 547, 1608, 466, 967]",[],"[38, 1660, 1659, 1379, 1232, 1889, 852, 1147, 2289, 1421, 1562, 1498, 2320, 1088, 1331, 1312, 958, 550, 112, 1231, 1009, 1110, 349, 1700, 853, 1276, 171, 86, 1560, 466, 220, 1295, 47, 107, 543, 1349, 1865, 741, 547, 1905, 915]"
1374,1174,"C-Line 13-Pocket Biodegradable Expanding File, Coupon Size, 1 Expanding File, Color May Vary (48410)",18,"[1060, 2363, 314]",[],"[736, 1628, 378, 2073, 183, 407, 840, 2310, 484, 2363, 314, 1060, 557, 49]"
1375,346,"3M Permanent Adhesive Recycled Address Labels, 1 x 2 5/8&quot;, White, 750 per Pack (3700-A)",22,[],[],[]
1376,69,"Smead Easy Slide Tab, 1/3-Cut, Clear, 18 Per Pack (64626)",22,"[379, 439, 421]",[],"[421, 1679, 2325]"
1377,1175,Estes Taser Rocket Launch Set,14,[],[],[]
1378,107,"Avery Inkjet Shipping Labels with Paper Receipts, 5.5 x 8.5 Inch, White, Pack of 25 Labels with 25 Receipts (8127)",22,"[38, 460, 1379, 1232, 49, 2289, 1421, 449, 1562, 1625, 1312, 1765, 550, 112, 1231, 1110, 1009, 967, 1700, 853, 171, 613, 83, 1418, 466, 220, 1310, 68, 47, 547, 2384, 915]",[],"[449, 38, 1097, 1865, 550, 466, 1009]"
1379,780,Zowie G-TF &quot;Spawn&quot; Cloth E-Sport Mouse Pad,11,[],[704],[]
1380,686,Aleratec DVD/CD Shredder XC 240145 (Black),24,"[1266, 1029, 581, 1243, 876, 532, 156, 1245, 217, 488, 1789, 625, 525, 622, 1594, 2115]","[156, 488, 581, 2115]",[]
1381,1396,"Officemate Clipboard, Letter Size, 3 pack (83130)",19,[494],[],"[516, 1676, 115, 1730, 361, 963, 1628, 49, 494, 378, 1473, 2088, 505, 407, 633, 1969, 112, 966, 2078, 1167, 587, 1134, 1615, 1807, 998, 699, 1583, 421, 1235, 1322, 1212, 1462, 1247, 2237, 484, 2116, 769, 736, 1713, 557, 850, 139]"
1382,971,LapGear 45492 Deluxe Computer LapDesk,11,[],[867],"[867, 704, 740, 112]"
1383,1967,Creative 45014 LapGear Student LapDesk,11,[],"[971, 867]","[971, 867]"
1384,753,"Prismacolor Blender Pencil   Colorless, 2-pack (962)",39,"[1010, 1672, 1455, 1849, 1906, 999, 654, 1814, 1233, 1544, 1623, 1755]",[],"[1010, 1672, 1455, 1849, 1906, 999, 654, 1814, 1233, 1544, 1623, 1755]"
1385,1968,"Advantus Read Right PathKleen Laser Printer Cleaning Sheets, 8.5 x 11 Inches Sheets, 10 Sheets per Package (REARR1237)",29,"[1109, 75]",[],"[516, 819, 1975, 1414, 1752, 2284, 2312, 151, 49, 494, 2068, 1591, 2332, 1231, 1018, 143, 1953, 911, 1933, 86, 421, 1322, 912, 2033, 1988, 484, 2116]"
1386,89,"Post-it Greener Notes, 3 x 3-Inches, Sunwashed Pier Collection, 6-Pads/Pack",25,"[1150, 2378, 2088, 1635, 2214, 2116, 1979, 659, 1540, 1628, 1167, 2087, 1134]",[],"[516, 1317, 1676, 115, 361, 124, 1336, 49, 1628, 494, 378, 1150, 505, 407, 1662, 633, 2401, 1969, 966, 1635, 1167, 1357, 1134, 587, 2078, 1807, 699, 1636, 2325, 1583, 850, 1979, 1264, 421, 1322, 1212, 1325, 1624, 1743, 659, 2237, 484, 2116, 1921, 19, 736, 2214, 589, 139]"
1387,2296,10 Pack: PGI220 (2) CLI221B (2) CLI221C (2) CLI221M (2) CLI221Y (2) Non OEM,28,[],"[808, 237, 2336]","[269, 1754, 752, 1552, 808, 2336]"
1388,167,"Wilson Jones View-Tab Transparent Dividers, Extra Wide, 5-Tab Set, Multicolor Square Tabs (W55069)",22,"[2070, 181, 840, 1617, 292, 2195, 114, 82, 1472, 1086, 1758]",[],[733]
1389,1969,"Westcott Non-Shatter Ruler, Clear, 12 Inches,(13862)",10,"[1050, 2359, 1624, 903, 505, 243, 800, 1082, 1755, 1728, 890, 2168, 795, 2386, 1367, 1134, 1464, 1559]",[],"[1050, 903, 215, 1082, 774, 1468, 1204, 599, 1367, 1464, 505, 34, 1617, 698, 2386, 1013, 1134, 2359, 890, 2058, 1924, 1624, 1135, 243, 800, 871, 865, 484, 2168, 19, 557, 1755, 1559]"
1390,1176,HP 920XL Four Pack Black &amp; Colors Ink Cartridge Set -Black/Yellow/Cyan/Magenta,28,[],"[1537, 1092]","[516, 1585, 1783, 1289, 1267, 460, 717, 1517, 1508, 1092, 1990, 447, 2312, 1529, 2253, 1161, 151, 49, 1537, 378, 103, 407, 1076, 1507, 2121, 2376, 911, 1807, 1995, 1933, 1411, 1775, 1506, 1714, 421, 1322, 2381, 1939, 484, 2116]"
1391,646,"HON Ignition Task Chair for Office or Computer Desk, Black",8,"[802, 785, 597, 2341, 755, 781, 643, 1978, 1673]",[],[]
1392,2297,Source One LLC Clear Acrylic Business Card Holder (BC-1),11,"[501, 998]",[],"[494, 378, 998, 2037, 633, 1396, 421, 1322, 49, 587, 850, 139]"
1393,1559,"Study 10-Piece Compass and Geometry Kit with Shatterproof Box, Assorted Colors (897010)",14,[],[],"[1050, 903, 1082, 774, 599, 1665, 505, 34, 53, 1969, 2386, 1134, 2359, 1481, 1925, 890, 1185, 2058, 1624, 1590, 1135, 243, 865, 1359, 1648, 2168, 1755]"
1394,2298,VTech DS6101 Two-Line Cordless Accessory Handset for DS6151,37,[],[1547],"[2394, 2130, 156, 1547, 86, 636, 846, 151]"
1395,2299,Inktec Refill Kit for HP 564 and HP 564XL Inkjet Cartridge-Cyan/Magenta/Yellow,28,[],[1289],"[1993, 1783, 1289, 1111, 717, 1079, 1427, 804, 1630]"
1396,647,Logitech Speaker Lapdesk N700,11,"[971, 1984, 867]",[],[]
1397,540,Canon PIXMA MX870 Wireless Office All-in-One Printer (4206B002),0,[],"[237, 269, 187, 826]","[269, 237, 808, 2336, 973]"
1398,1397,Canon PIXMA MX350 Wireless Office All-in-One Printer (4205B002),0,"[569, 1439, 1035, 1593, 1736, 1184, 583, 927, 1122, 1022, 642, 281, 230, 991, 555, 430, 627, 111, 496, 1996, 2416, 512, 86, 446, 187, 452, 474, 1417, 514, 693, 626, 692, 920, 981, 58]","[474, 642, 187, 496]",[]
1399,1736,Canon PIXMA iP2702 Inkjet Photo Printer (4103B002) with PP-201 Photo Paper,29,[],[281],"[642, 474, 1261, 1432, 477, 1706, 770, 496, 549, 1996]"
1400,1022,Canon PIXMA MX340 Wireless Office All-in-One Printer (4204B019),0,"[521, 569, 1899, 1439, 989, 1705, 984, 1736, 1184, 927, 1026, 1191, 1545, 642, 1397, 1261, 507, 519, 555, 430, 1180, 496, 1996, 714, 778, 512, 868, 446, 540, 452, 187, 474, 514, 626, 981, 1282]","[474, 642, 187, 496]",[]
1401,443,Fellowes Climate Control Footrest (8030901),20,"[1090, 423, 1614, 293, 658, 1580]",[],"[1090, 375, 1614, 293, 658, 1361, 835, 1580]"
1402,809,Kodak ESP 7250 All-in-One Printer,0,[],"[1099, 810, 1100]","[2305, 1100, 2014, 1099, 810]"
1403,423,"Fellowes Foot Rocker with Microban Protection, Black (8024501)",20,"[1090, 375, 904, 650, 443, 293, 1614, 658, 397, 1580]",[],[]
1404,2300,"Expo Neon Bullet Tip Dry Erase Markers, 5 Colored Markers",39,"[73, 1662, 1663, 5, 1637, 1821, 546, 1013, 2370]",[],"[73, 1390, 5, 121, 2370, 494, 1662, 1663, 1013, 1134, 37, 556, 1066, 1637, 199, 71, 843, 1644, 1821, 1217, 546, 850]"
1405,2301,Pentel Non Abrasive Retractable Tri Erasers,39,"[1683, 1643, 1512, 1672, 2009, 493, 1082, 23, 1678, 907, 1053]",[],"[1683, 1643, 1672, 753, 493, 23, 907, 654, 2098, 1010, 2315, 1729, 1512, 2076, 2375, 848, 1053, 2009, 1678, 2261]"
1406,2302,"BIC ECOlutions Round Stic Ball Pen, Medium Point (1.0mm), Blue, 12 Pens",39,"[494, 1371, 600, 505, 243, 34, 1132, 859, 1327, 484, 2075, 1336, 1324]",[],"[903, 115, 1082, 361, 1468, 1336, 2075, 49, 1628, 494, 378, 1473, 600, 505, 89, 34, 407, 633, 53, 206, 1297, 966, 2087, 1167, 1134, 587, 2078, 1481, 1925, 859, 699, 890, 846, 1259, 421, 1322, 1212, 1540, 220, 842, 1624, 1048, 243, 1396, 484, 769, 1327, 19, 736, 850, 1324]"
1407,2303,Genuine HP 74XL / 75XL&amp; Tri Color Ink Cartridge Combo Pack-Black,28,[],"[1510, 897]","[1427, 897, 1070, 2130, 2166, 1176, 1267, 407, 460, 2179, 1510, 1678, 2326, 1217, 772, 49, 139]"
1408,1398,"Sparco Products 11877 Desk Organizer, 6 Compartments, 6 in.x6 in.x6 in., Black",11,"[1473, 115, 1107, 1008, 361, 1321, 850, 1343, 2064, 1235, 1616, 587, 1694]",[],"[115, 1228, 361, 124, 2064, 963, 1628, 494, 378, 630, 1473, 2088, 505, 633, 1260, 1297, 1969, 745, 966, 2087, 587, 1134, 2078, 1615, 944, 1807, 998, 1008, 699, 1583, 846, 421, 1235, 1322, 1616, 2381, 843, 1107, 557, 2237, 1419, 484, 2116, 1321, 769, 1343, 1921, 736, 835, 850, 139]"
1409,125,"Westcott iPoint Evolution Electric Pencil Sharpener, White and Silver",39,"[847, 371, 517, 1300, 576, 654, 653, 684, 387, 506, 861, 575, 610, 661, 637, 1497, 278, 687, 1917, 878, 888, 337, 523, 287, 141]",[],"[2086, 1135, 774, 1807]"
1410,1098,"Scotch Thermal Laminating Pouches, 5 Inches x 7 Inches, 20 Pouches (TP5903-20)",27,"[191, 1699, 1328, 1163, 664, 137, 94, 635, 1742, 1364, 1501, 1075, 194, 2205, 2369, 908, 437, 2071, 901, 25, 665]",[],"[1699, 267, 840, 5, 1163, 664, 1826, 137, 94, 1742, 635, 1663, 587, 1501, 1075, 194, 2205, 2369, 71, 908, 437, 901, 484, 578, 25, 557, 665]"
1411,200,"BIC Mark-It Color Collection Ultra Fine Permanent Marker, Assorted, 36 Markers",39,"[845, 1350, 2395, 894, 1244, 119, 188, 678, 1724, 1063, 1061, 1065]",[],"[845, 1350, 2395, 1511, 188, 1724, 678, 1063, 1061]"
1412,199,"Scotch Permanent Mounting Tape, 1 Inch x 125 Inches",35,"[2057, 1047, 263, 2215, 170, 1446, 1456]",[],"[2057, 115, 1390, 1047, 5, 1522, 49, 494, 170, 838, 966, 2300, 1583, 1446, 1456, 2381, 1419, 484, 2116, 1396, 945, 1217, 263]"
1413,1970,"BIC 4 Color &quot;Fashion Colors&quot; Medium Point Ball Pen, Assorted, 1 Pen",39,"[265, 252, 34]",[],"[1228, 1769, 2075, 1758, 20, 505, 34, 53, 2070, 1134, 894, 2051, 252, 82, 1212, 842, 265, 195, 1324, 1934]"
1414,2304,"BIC Cirstal Bold 1.6mm Ball Pen, Black, 12 Pens",39,"[494, 1453, 1457, 505, 2273, 2347, 118, 2348, 252, 1327, 1529, 1661, 1324]",[],"[505, 1322, 1327, 2348]"
1415,271,"BIC Triumph 537RT Retractable Gel Medium Point Pen, 0.7mm, Black, 12 Pens",39,"[286, 799, 1132, 674, 1365, 1692, 265, 1133, 2348, 1297, 1641, 1336]",[],"[484, 1297]"
1416,219,"BIC Dry Erase Marker Kit 5 markers, whiteboard cleaner and whiteboard Eraser Assorted",39,"[1770, 843, 1730, 1662, 414, 1136, 1663, 1164, 5, 1637, 1821, 1217, 1013, 2370, 37]",[],"[1730, 1390, 273, 2370, 494, 378, 1785, 89, 1211, 2357, 37, 487, 362, 1136, 2180, 1637, 421, 1811, 1645, 1396, 484, 1164, 19, 1217, 1966, 837, 139]"
1417,256,"Scotch(R) Heavy-Duty Fasteners, 2 Sets of 1 x 3 Inches, Strips ,Black (RFD7091)",35,"[1047, 844, 945, 838, 1166]",[],"[844, 1166, 945]"
1418,1023,LX Desk Mount LCD Arm,11,[],[1489],"[1489, 740, 904, 1584]"
1419,15,"Post-it Pop-up Notes Dispenser for 3 x 3-Inch Notes, Wall or Desk Mountable",11,"[2372, 1150, 317, 399, 10, 229, 424, 2116, 2190, 2099]",[],"[2372, 317, 399, 998, 10, 2099, 1057, 484, 2116, 1758, 1628, 161, 589]"
1420,810,Kodak 8237216 10XL Ink Cartridge - Black,28,"[2305, 1100, 2014, 1099, 2003]",[],"[2376, 2305, 1100, 2014, 1099, 2003, 49]"
1421,1100,Kodak 8367849 Combo Ink Cartridge,28,"[2305, 2014, 1099, 2003, 810, 809, 711]",[],"[2305, 1493, 1099, 1644, 2003, 810, 447, 49]"
1422,1099,Kodak 8946501 Color Ink Cartridge,28,"[2305, 1100, 2014, 2003, 810, 809, 711]",[],"[2305, 1493, 1100, 2014, 2003, 810, 49]"
1423,2305,Kodak 1163641 Ink Cartridge 10B - Black,28,"[1100, 2014, 1099, 2003, 810, 711]",[],"[1100, 2014, 1099, 2003, 810]"
1424,263,"Scotch Permanent Double Sided Tape, 1/2 x 250 Inches 3-Pack Caddy(3136)",35,"[2057, 1047, 1446, 170, 199, 19, 1456, 796]",[],"[2057, 267, 1528, 840, 494, 378, 24, 2395, 170, 2231, 1208, 1216, 699, 1446, 199, 1456, 220, 1053, 1346, 941, 1644, 773, 484, 2116, 19]"
1425,1971,"Pandigital Personal Photo Scanner/Converter, White (PANSCN06)",30,[],[],[]
1426,2306,"Rubbermaid Small Step Stool - 12.2x10x7.1 in
31.1x 25.4x18.1 cm,gray",8,"[1579, 2192, 2172]",[],"[2192, 1579]"
1427,1972,Panasonic KX-TG6533B DECT 6.0 PLUS Expandable Digital Cordless Phone (Black),37,"[1040, 1438, 1399, 2361, 2007, 2360, 247, 412, 872, 1183, 1044, 1909]",[],[]
1428,2307,"Panasonic KX-TG4024N DECT 6.0 PLUS Expandable Digital Cordless Phone with Answering System, Champagne Gold, 4 Handsets",37,[],[],[]
1429,1024,"Panasonic KX-TG6545B DECT 6.0 PLUS Expandable Digital Cordless Phone with Answering System, Black, 5 Handsets",37,"[1040, 1438, 1972, 2007, 1538, 1242, 2307, 412, 872, 1973, 1044, 1156, 247, 1600]",[],[]
1430,1399,"Panasonic KX-TGA651B  Extra Handset for KX-TG65XX Series Cordless Phones, Black",37,[],[412],"[155, 412, 673]"
1431,412,"Panasonic KX-TG6512B DECT 6.0 PLUS Expandable Digital Cordless Phone System, Black, 2 Handsets",37,[],[580],"[2419, 642, 706, 1399, 528, 504, 1423, 1299, 580, 86, 821, 472, 155, 917]"
1432,1973,"Panasonic KX-TG6582T DECT 6.0 PLUS Link-to-Cell via Bluetooth Cordless Phone with Answering System, Metallic Black, 2 Handsets",37,"[1040, 1438, 2360, 1242, 596, 412, 872, 975, 522, 1044, 247, 2324, 1600]","[247, 412]",[]
1433,2308,"MonMount Dual LCD Freestanding Monitor Stand Up to 24-Inch, Black (LCD-6460B)",11,"[489, 2249, 1096, 1584]",[],[1096]
1434,192,"Swingline GBC Retractable Badge Reel, Translucent Primary Color Assortment, 5 Pack (37472)",22,"[1883, 2128]",[],"[115, 1883, 484, 1343]"
1435,811,Panasonic KX-TG6583T DECT 6.0 PLUS Link-to-Cell Bluetooth Cordless Phone Solution with 3 Handsets,37,"[1438, 1399, 1972, 2361, 2360, 412, 872, 1973, 522, 1044, 247]",[247],[]
1436,1974,"Raindrop Mouse Pad, Blue",11,"[834, 536, 936, 600, 2321, 2110, 1205, 1891, 155, 997]",[],"[834, 378, 600, 633, 2110, 361, 1891, 155, 997, 139]"
1437,913,HP Officejet 4500 Wireless All in-One (CN547A#B1H),29,[],"[972, 1253]","[1253, 1077, 1411, 1369, 972]"
1438,1975,HP LaserJet Pro P1606dn Printer (CE749A#BGJ),29,[],"[86, 1591, 2312]","[1591, 2332, 786, 2284, 2312, 232, 2278]"
1439,754,HP LaserJet Pro P1102,29,[],"[86, 1178, 1591]","[1591, 1751, 2332, 786, 1115, 1975, 1178, 922, 1593, 1933, 633, 1276, 2379, 1042, 751]"
1440,972,HP Officejet 4500 All-in-One (CB867A#B1H),29,[],"[763, 1369]","[1253, 1591, 913, 922, 1077, 1369, 1277]"
1441,973,Canon 2945B011 PGI-220 and CLI-221 CMY Ink with PP-201 (50 Sheets) Combo Pack,28,[],"[237, 269]","[269, 2234, 237, 770, 2336]"
1442,1737,Nite Ize S-Biner KeyRack,19,[],[],[]
1443,2309,"10 Pack compatible Ink PGI-5BK, CLI-8BK, CLI-8C, CLI-8M, CLI-8Y Inkjet Cartridge for Canon PIXMA MP-500, MP-530, MP-830 MP-950 MP-960 MP-970 MX-850, PIXMA iP4200, iP4500, iP5200",28,[],"[673, 1381, 2337]","[1189, 1381, 1947, 2337, 530, 673, 187, 1855]"
1444,1976,Casio MS-80S Standard Function Desktop Calculator,4,[],"[1151, 1583, 1317]","[516, 1317, 1676, 115, 361, 1151, 124, 963, 590, 151, 49, 439, 494, 378, 139, 1473, 633, 1055, 1260, 1056, 1704, 112, 1869, 966, 1357, 587, 1134, 1615, 944, 1807, 998, 1583, 1322, 1212, 1641, 1218, 1139, 843, 2237, 1396, 484, 2116, 1713, 1368, 850, 1934]"
1445,1738,"Guided Products ReBinder Original Corrugated  Recycled Binder, 1 Inch (GDP00004)",1,[],[],[]
1446,1400,"Guided Products ReBinder Original Corrugated  Recycled Binder, 2 Inch (GDP00011)",1,[],[],[]
1447,2310,Cardinal Expanding Pocket Dividers (CRD84013),22,"[1060, 2083, 331, 295, 1617, 82, 165, 2070, 1523]",[],"[668, 840, 216, 1769, 1758, 2189, 1150, 20, 149, 1617, 53, 2070, 2083, 331, 295, 82, 435, 2119, 9, 557, 1523]"
1448,1177,Fujitsu ScanSnap PA03603-B005 S1300 Instant PDF Sheet-Fed Mobile Scanner,30,[],"[786, 1042, 1416]","[1042, 751, 2237]"
1449,270,"Red Shoe Scotch Magic Tape Dispenser, 3/4 x 350 Inches (unweighted) (C30-SHOE)",35,"[1473, 2372, 317, 399, 633, 424, 1343]",[],"[2372, 317, 399, 331, 1931, 699, 361, 424, 2190]"
1450,4,"Scotch(R) Pop-Up Tape Refillable Deskgrip Dispenser, 0.75 x 2 Inches (98-G)",35,"[1473, 1048, 1080, 24, 220, 800, 699, 509, 95, 846, 170, 421, 19, 16, 263, 587, 589, 48]",[],"[16, 220, 509]"
1451,2311,"Scotch Adhesive Dot Roller Refill, 0.31 x 49 Feet (6055-R)",35,"[170, 263, 222, 1446]",[],"[941, 263]"
1452,90,"Scotch Restickable Strips, 1  x 3 Inches, 6 Strips (R101)",35,"[222, 2260, 1710, 1047, 170, 1446, 256, 1456, 8]",[],"[222, 170, 2314, 1456, 8]"
1453,8,"Scotch Restickable Tabs, 1 x 1 Inches, 18 Squares (R100)",35,"[2260, 222, 90, 1710, 170, 1446, 1456]",[],"[2057, 1047, 5, 49, 439, 222, 90, 635, 170, 109, 1710, 1446, 256, 1456, 484, 19, 551, 263, 1676]"
1454,95,"Scotch Tape with New Designer Dispenser, Assorted Colors, 0.75 x 300 inches (106)",35,"[1473, 4, 1944, 19, 16, 1910, 48]",[],[]
1455,2,"Scotch Adhesive Dot Roller, 0.31 x 49 Feet (6055)",35,[2311],[],"[2311, 941, 263]"
1456,1739,"Darice Blank Stationery Cards and Envelopes, White 4 in. x 5 in. pack of 100 (50 each)",16,"[355, 1611, 1465, 2031]",[],"[1447, 734, 800, 460, 1644, 1724, 1695, 1215]"
1457,1401,"Avery Top Loading Clear Sheet Protectors, Heavyweight, 250 per Box #76006",23,"[1143, 207, 2005, 840, 235, 733, 2195, 1086, 557]",[],"[2072, 840, 1472, 1758, 121, 49, 1309, 2005, 2195, 2070, 2078, 1713, 1583, 421, 1322, 1218, 941, 800, 484, 435, 733, 1139, 557, 1676]"
1458,1178,HP 85A Original Toner Cartridge,28,[],"[1591, 1751]","[516, 1975, 1752, 717, 1517, 2055, 447, 2312, 1569, 124, 151, 772, 49, 494, 1557, 378, 1591, 1103, 1079, 2376, 911, 1342, 1933, 754, 2122, 705, 484, 1555, 1852, 1368, 737, 139]"
1459,2312,HP 78A Black Original LaserJet Toner Cartridge,28,[],"[1975, 2332]","[2332, 1807, 1975, 1178, 1103, 151, 1933, 2055, 1988, 2213, 2253, 772, 49, 737]"
1460,76,"Post-it Note Tabs, 3-3/8 x 2-3/4-Inches, Green and Blue, Lined Paper, 25-Sheets/Pad, 2-Pads/Pack",11,"[294, 1150, 1629, 20, 67, 9, 229, 1228, 2017, 131, 1769, 1758, 121, 161]",[],"[2092, 1228, 1769, 1758, 121, 1150, 67, 20, 2378, 34, 149, 1617, 53, 131, 2314, 161, 96, 229, 1550, 295, 2017, 370, 82, 2119, 9, 659, 589]"
1461,81,"Post-it Super Sticky Removeable Label Roll, 1 x 700 Inches, Green (2600-G)",22,"[1150, 659, 76, 2378, 62, 1759, 13, 370, 1816, 131, 9, 2350, 1628, 161]",[],"[2378, 6, 62, 13, 1663, 5, 9, 659, 161, 589]"
1462,1977,"AT&amp;T 84100 DECT 6.0 Corded/Cordless Phone, Black/Silver, 1 Base and 1 Handset",37,[],[2390],[504]
1463,2313,"AT&amp;T 17939 Corded Phone, Black/Silver, 1 Handset",37,[],"[2394, 1423]","[1588, 1521, 151, 917, 1869, 966, 587, 2394, 911, 1431, 1775, 1478, 2267, 1432, 1547, 1423, 705, 182, 656]"
1464,914,"BAZIC Super Glue, 3 grams 0.10 ounces, 6 Per Pack",35,"[30, 170]",[],"[494, 49, 378, 47, 407, 484, 1446, 447, 170, 421, 2350, 19, 263, 454, 220]"
1465,2314,"BAZIC Jumbo Color Paper Clips, 50 mm, Assorted, 100 Per Pack",35,"[1743, 1985, 2066, 1322, 966]",[],"[1985, 76, 115, 840, 361, 1628, 49, 378, 1150, 1473, 89, 34, 2066, 633, 1704, 2401, 112, 966, 1167, 1134, 587, 1807, 699, 1636, 2325, 421, 1322, 1212, 1743, 1419, 484, 769, 19, 1921, 736, 1713, 557, 589]"
1466,1560,Mesa Label Express&reg; Dymo Compatible SHIP-30915 Endicia Internet Postage Stamps (700 per Roll),22,"[449, 564, 1426, 1276, 1206, 1420, 1418, 466, 2278, 912, 2289, 915, 1796]",[],"[151, 2289, 449, 407, 1470, 1206, 1794, 2278, 109, 587, 1018, 1276, 421, 1817, 466, 912, 786, 47, 2237, 1865, 736, 1905, 1796]"
1467,1740,"Filexec 3 Ring Binder, 1 Inch Capacity, Opaque, Letter size, Pack of 4, Blue, Hot Pink, Purple, Green (50162-6497)",1,"[1472, 557, 1309, 174]",[],"[1050, 903, 215, 774, 840, 1204, 1472, 49, 1309, 494, 378, 505, 89, 34, 1617, 1969, 2070, 1134, 2359, 1481, 1925, 890, 2058, 1086, 82, 114, 243, 800, 865, 733, 1139, 557, 589]"
1468,712,Merriam-webster's Speaking Elementary Dictionary with Spell Corrector KID-1250,15,[],[],[]
1469,2315,"Uni-ball Diamond Infused Leads, 0.5 mm, 40 Leads (1753230)",39,"[1512, 2009, 2076, 493, 23, 848, 1053]",[],"[1643, 708, 1512, 2009, 2076, 493, 23, 891, 1678, 1969, 907, 848, 1053]"
1470,2316,"TOPS Spiral Steno Books, 6 x 9 Inches, Gregg Rule, Greentint Paper, 60 Sheets per Book, 12 Books Per Pack (8001)",25,"[1322, 1167]",[],"[516, 1676, 115, 49, 1628, 494, 378, 139, 2088, 2102, 89, 407, 633, 1297, 966, 2087, 1357, 1635, 587, 2078, 1713, 1807, 699, 2325, 1583, 850, 1264, 1370, 421, 1322, 1212, 484, 2116, 1234, 769, 736, 2214, 557, 589, 1934]"
1471,1561,Brother DS-600 DSMobile Scanner - Retail Packaging,30,[],"[695, 1416]","[2278, 494, 1591, 1115, 1975, 587, 86, 1988, 695, 1206, 1478, 421, 151, 918, 1303]"
1472,1289,600 ml HP Printer 920 XL 564 XL Cartridge Ink Refill Kit Color- Black with 4 refill syringe,28,"[2335, 2299, 1783]",[],"[1537, 1783, 1176, 717, 635, 1079]"
1473,1025,Lexmark Pinnacle Pro901 All-in-One Printer,29,[],"[1173, 1733]","[1284, 1173, 1733]"
1474,2317,2014-15 Academic Year bloom Daily Day Planner Fashion Organizer Agenda August 2014 Through July 2015 Black,5,[2410],[],"[1770, 2023, 1481, 34, 1903, 500, 1636, 53, 1165, 1529, 557, 589]"
1475,974,"Elsa L Pleather Desktop Organizer, Rec Stitch (34597)",11,[],[],[]
1476,331,"Smead 70211 12-Pocket Tiered Stadium File, Letter Size, Blue, 1 Each",18,"[634, 1060, 384, 295, 2310, 435, 683, 165, 1523]",[],"[634, 384, 216, 361, 1769, 1758, 49, 2189, 149, 1617, 165, 2083, 1008, 295, 421, 2310, 435, 1343, 2119, 683, 736, 1523]"
1477,975,"Motorola DECT 6.0 Cordless Phone with 2 Handsets, Digital Answering System and Bluetooth L512BT",37,"[1040, 729, 2360, 985, 412, 872, 1973, 522, 1044, 993, 247]",[412],[]
1478,977,"Elsa L Pleather Letter Tray, Rec Stitch  (37266)",11,[],[],[]
1479,976,"Elsa Pleather Pencil Cup, Rec Stitch (34593)",11,[],[],[]
1480,201,"BIC Great Erase Grip &quot;Pocket&quot; Dry Erase Marker, Fine Point, Assorted, 6 Dry Erase Markers (GDEP61-Ast)",39,"[1770, 438, 843, 1730, 2300, 1662, 1390, 1663, 1164, 5, 484, 1821, 1013, 2370, 37, 173]",[],"[1013, 1390, 1821]"
1481,10,"Post-it Pop-up Notes Laptop Dispenser for 3 x 3-Inch Notes, Bright Pink, Green, and Gray, 3-Dispensers/Pack",11,"[2372, 1150, 317, 1635, 399, 2099, 229, 15, 587, 361, 424, 2017, 2116, 9, 1628, 161, 589]",[],"[1617, 2372, 15, 161]"
1482,21,Scotch(R) Pop-Up Tape Dispenser and Refills (96-94 PK),35,[16],[],[]
1483,1978,"Alera Elusion Series Mesh Mid-Back Multifunction Chair, Black",8,"[802, 785, 597, 2341, 1781, 608, 643, 1555, 1673, 2362]",[],"[1322, 378, 630, 1781, 2341, 843, 1090, 361, 740, 846, 2312, 1012, 1673, 1247, 49]"
1484,1741,Cooler Master NotePal ErgoStand - Height Adjustable Laptop Cooling Stand,11,[],[],[704]
1485,1562,"(400 Sheets; 800 Labels), Same Size as Avery&copy; 5126, 2-UP, Half Sheet Internet Postage/Shipping Labels (5-1/2&quot; x 8-1/2&quot;) -- BPA Free! ONLY HouseLabels sells genuine HouseLabels' products -- other vendors sell their own version",22,"[853, 38, 1276, 1498, 1625, 1659, 1379, 1700, 466, 550, 915, 1418, 1110, 2289, 1018, 1231, 1421]",[],"[1863, 1660, 1659, 1379, 2246, 151, 852, 1147, 2289, 1421, 449, 2039, 1498, 1088, 958, 550, 1231, 1009, 1700, 1018, 109, 1068, 1080, 853, 1658, 1864, 171, 613, 1149, 1684, 466, 1295, 47, 543, 1349, 547, 1905, 915]"
1486,915,200 Half Sheet Shipping Labels for Laser/InkJet 5-1/2&quot; x 8-1/2&quot; (Same size as Avery 5126),22,"[38, 1660, 460, 1379, 1147, 1421, 1562, 1498, 1625, 550, 1009, 1110, 1231, 1700, 853, 1418, 466, 107, 2384]",[],"[38, 1660, 1659, 1379, 1232, 49, 852, 1360, 1421, 1147, 2289, 449, 1562, 1498, 1088, 1312, 958, 550, 112, 1009, 1110, 2334, 1700, 1018, 109, 1068, 853, 171, 1864, 613, 466, 1310, 47, 543, 1349, 1865, 741, 547]"
1487,1742,"Scotch Thermal Laminator Combo Pack, Includes 20 Laminating Pouches, 9 Inches x 11.4 Inches (TL901SC)",27,"[1699, 1098, 1609, 1163, 533, 664, 137, 383, 1081, 511, 94, 635, 676, 1364, 602, 1501, 1075, 194, 2205, 2369, 908, 437, 901, 760, 665]",[],"[1699, 1098, 267, 1163, 575, 94, 635, 742, 1501, 1075, 2205, 2369, 908, 941, 901, 1396, 484, 578, 665]"
1488,1743,"OfficemateOIC Binder Clips, Assorted Colors and Sizes, 30 Clips per Tub (31026)",35,"[378, 147, 2066, 633, 2325, 1264, 2314, 966, 1628]",[],"[115, 361, 1165, 49, 1628, 494, 378, 630, 1473, 89, 2066, 407, 633, 53, 2314, 745, 966, 1635, 1167, 587, 1134, 2078, 147, 1615, 1481, 1807, 1008, 699, 1636, 2325, 1370, 421, 1235, 1322, 1212, 1624, 1462, 484, 2116, 1343, 19, 736, 1713, 557, 589, 139]"
1489,413,"3M Address Labels, White, 1 Inch x 2 5/8-inch, 10 Sheets per Pack (3300-A)",22,"[112, 7, 607]",[],[]
1490,66,"Post-it Super Sticky Pad Labels, Pink, Limeade 1 7/8-inch x 2 7/8-inch, 25 Sheets per Pad, One Pad of each Color (2900-PGB)",11,"[76, 2378, 229, 9, 659]",[],"[1446, 9]"
1491,978,HP 61 Tri-Color Original Ink Cartridge,28,[],"[541, 761, 1569, 648]","[763, 541, 1493, 565, 1253, 2015, 648, 1642, 941, 1077, 761, 447, 1569, 2326, 142, 724, 787, 49]"
1492,648,HP 61 Black Original Ink Cartridge,28,[],"[541, 761, 1569]","[541, 895, 447, 1569, 49, 1014, 978, 407, 950, 550, 112, 2326, 724, 853, 2130, 1995, 1077, 763, 2015, 941, 761, 1921, 565, 787]"
1493,1979,"Post-It Recycled Super Sticky Lined Notes , 4 x 6-Inches, Assorted Tropical Colors, 4-Pads/Pack  (4621-4SST)",25,"[1150, 76, 2378, 1635, 89, 229, 370, 2116, 9, 2214, 1628, 1167, 589]",[],"[516, 115, 840, 361, 963, 1336, 49, 1628, 494, 378, 1150, 2378, 89, 407, 633, 53, 1297, 966, 1635, 1357, 1167, 1944, 109, 587, 2078, 158, 1807, 699, 2325, 370, 850, 1264, 421, 1322, 47, 484, 2116, 1234, 683, 19, 2214, 589, 139]"
1494,1290,Canon imageFORMULA P-150 Scan-tini Personal Document Scanner,30,[],"[1307, 1042]",[1307]
1495,1563,Kensington K72353US Wireless Presenter Pro with Green Laser Pointer,27,[],[527],"[527, 955]"
1496,73,Neon Markers and Magnetic Dry Erase Black Board Combo Pack,26,"[441, 1770, 189, 2300, 160, 1164, 546, 1013, 2370, 556]",[],"[1770, 1241, 2300, 1662, 1390, 160, 94, 1663, 5, 1637, 1821, 546, 1013, 2370, 486, 37]"
1497,414,"Quartet EnduraGlide Accessory Kit, 4 Chisel-Point Dry Erase Markers in Mixed Colors, With Eraser and Cleaning Spray (5001M-4SK)",39,"[1770, 843, 1730, 275, 2300, 1662, 1136, 5, 1443, 2168, 1821, 1217, 1013, 2370, 837, 37, 173]",[],"[378, 1473, 843, 1730, 178, 1390, 1419, 484, 5, 1264, 154, 1013, 837, 37, 173]"
1498,363,"Wilson Jones Resource Recycled Kraft Binder, Round Ring, 1 Inch, Kraft Brown (W31501)",1,"[1740, 181, 174, 366, 557]",[],"[1050, 2072, 840, 1472, 1758, 49, 181, 2005, 1617, 366, 174, 1979, 114, 82, 214, 484, 733, 19, 263]"
1499,181,"Wilson Jones Recycled Bliss Dividers, 5-Tab, Assorted Designs (W31504)",22,"[1472, 366, 174]",[],"[1481, 243, 894, 34, 871, 363, 840, 174, 1617, 1401, 733, 1086, 82, 1769, 1472, 366, 161]"
1500,2318,LapWorks 12&quot; Heavy Duty Swivel With Steel Ball Bearings for Indoor/Outdoor Use Or With Flat Panel Monitors and TV's,11,"[2224, 480]",[],"[1479, 2224]"
1501,1402,Full SET (6 Cartridges) 98 High Capacity Genuine Cartridges for Epson Artisan 700 800 710 810,28,"[1570, 681, 230, 595, 1983, 1087, 102]",[],"[938, 681, 1353, 355, 49, 1087, 102]"
1502,1980,"iScholar Gross Pack Pencils, #2, Yellow,  Box of 144 (33144)",39,"[494, 575, 903, 687, 505, 1135, 243, 800, 774, 698, 890, 238, 1648, 2386, 1464]",[],"[1390, 1367, 494, 378, 575, 505, 1662, 1260, 2078, 1134, 2359, 687, 890, 238, 1322, 1624, 1135, 243, 888, 800, 865, 484, 769, 1648, 2168, 557, 1324]"
1503,1744,Epson DURABrite T125120 Ultra 125 Standard-capacity Inkjet Cartridge -Black,28,[],[],"[49, 2385, 1624, 139]"
1504,868,HP Photosmart D110A Wireless Printer (CN731A#B1H),29,[],"[1076, 1014, 706, 1914]","[1014, 706, 1252, 1914, 1076]"
1505,1101,Canon CanoScan 9000F Color Image Scanner,30,[],"[866, 814, 477, 1435]",[]
1506,1564,Epson WorkForce 520 Color Ink Jet All-in-One (C11CA78241),29,[],"[508, 2385, 74]","[508, 2385]"
1507,508,Epson DURABrite T126520 Ultra 126 High-capacity Inkjet Cartridge Color Multipack -Cyan/Magenta/Yellow,28,[],[182],"[427, 938, 79, 451, 959, 1353, 336, 1506, 1109, 182, 112, 58, 1852, 421, 49, 1368]"
1508,1403,VuPoint PDSC-IW441-VP Solutions Carrying Case for Magic Wand Portable Scanner,30,[],[],"[1734, 918]"
1509,160,"Quartet ReWritables Daily Quick List Magnets with Marker, 5 x 8 Inches, 2 Pack (79228)",39,"[441, 1770, 73, 189, 362, 556, 178, 1164, 394, 1966, 546, 486, 37]",[],"[1770, 73, 372, 500, 5, 49, 2370, 1663, 1969, 394, 154, 1013, 37, 843, 1419, 484, 1164, 2168, 1966, 546, 486]"
1510,1981,SVP PS410 600DPI Colour &amp; Mono HandyScan Handheld Scanner,30,"[477, 1403, 1416, 1734, 2045, 695, 1561]",[],[1403]
1511,812,"Safco Products Vue Mesh Extended-Height Chair, Black, 3395BL",8,[644],[],[]
1512,182,Epson DURABrite T127520 Ultra 127 Extra High-capacity Inkjet Cartridge Color Multipack-Cyan/ Magenta/ Yellow,28,[],"[2040, 508, 79]","[1769, 151, 1628, 49, 635, 406, 61, 2202, 1013, 966, 1543, 427, 1807, 336, 1636, 938, 79, 2040, 483, 484, 1678, 58, 508, 139]"
1513,1565,Guided Products RePocket Recycled Presentation Folder (GDP00006),18,"[2359, 1807, 363, 206, 313, 421, 1523]",[],[]
1514,1404,Rebinder Re-write Recyclable Graph Journal (ReBinder),25,"[1824, 1631, 1665]",[],[]
1515,2319,"Scotch Lightweight Shipping Packaging Tape, 1.88 Inches x 54.6 Yards, 6 Rolls (3350-6)",16,"[1467, 62, 852, 48, 2252, 1331, 1011, 1009, 254, 60, 185, 2097, 1658, 171, 1274, 1265, 220, 47, 543, 260, 1247]",[],"[1467, 38, 1660, 273, 1232, 49, 505, 1331, 550, 1009, 1231, 1215, 587, 487, 60, 939, 171, 699, 466, 484, 741, 915]"
1516,713,"Pilot Iroshizuku Bottled Fountain Pen Ink, Yama-Guri, Wild Chestnut, Dark Brown (69219)",39,"[1837, 1587, 708, 2281, 1020, 2002, 891, 1701, 965, 2330]",[],"[1837, 1003, 1587, 708, 1020, 2002, 2327, 891, 2330, 965, 1332, 902, 1920, 1475, 1832]"
1517,60,"Scotch Sure Start Shipping Packaging Tape with Dispenser, 1.88 Inches x 38.2 Yards, 1 Roll with Dispenser (3450S-RD)",35,"[1467, 62, 1232, 48, 2252, 1331, 1011, 254, 185, 1080, 2097, 939, 171, 1274, 1265, 220, 47, 543, 93, 2319, 260]",[],"[115, 1677, 1232, 963, 1720, 1881, 49, 439, 378, 2397, 407, 1011, 1312, 550, 966, 939, 171, 1274, 1322, 1212, 220, 2170, 47, 484, 2116, 19, 1247]"
1518,1566,"Weighmax 2822-35 lbs capacity, Blue, postal shipping scale",16,"[1310, 449, 38, 1294, 1097, 613, 1379, 956, 1149, 1765, 547, 466, 967, 1421]",[],"[38, 1660, 1659, 1379, 1232, 1147, 1421, 1312, 958, 550, 1422, 1009, 1231, 1068, 853, 1149, 466, 220, 1295, 47, 1349, 543, 1865, 915]"
1519,1567,Epson Stylus NX420 Color Ink Jet All-in-One (C11CA80201),29,[],"[1744, 2385]","[1744, 2385]"
1520,591,"Stanley Bostitch Vacuum Manual Pencil Sharpener, Black (MPS1SC-BLK)",39,"[371, 517, 1300, 576, 654, 653, 2153, 684, 387, 506, 575, 637, 1497, 278, 687, 1917, 878, 888, 337, 523, 756, 661]",[],"[1980, 1135, 903, 888, 1917, 1082, 774, 698, 1872, 2386, 1464]"
1521,979,"Mead Spiral Notebook, 3-Subject, 120-Count, Wide Ruled, Blue (72223)",25,"[2359, 1624, 903, 243, 800, 890, 206, 2058, 2168, 1204, 2386, 1924, 1464]",[],"[1050, 903, 215, 774, 1204, 1367, 1464, 505, 1969, 2386, 1134, 2359, 1481, 890, 114, 1811, 1624, 243, 800, 1504, 484, 1327, 2168, 1139]"
1522,130,"Mead Spiral Notebook, 1-Subject, 70-Count, Wide Ruled, Light Blue (05510)",25,"[1050, 1980, 903, 774, 1204, 1367, 1464, 979, 505, 34, 206, 1969, 2386, 1134, 2359, 1481, 1925, 890, 2058, 1624, 243, 800, 2168, 1648, 557]",[],"[1050, 903, 215, 1082, 774, 1468, 1367, 1464, 979, 505, 34, 53, 698, 1969, 2386, 1134, 2359, 1481, 1925, 890, 2058, 1259, 1924, 1624, 1135, 243, 800, 2168, 1648, 557, 1755, 2078]"
1523,150,"Five Star Wirebound Notebook, 5-Subject, 200 College-Ruled Sheets, 11 x 8.5 Inch Sheet Size, Black (72081)",25,"[1050, 1481, 1925, 628, 243, 2051, 206, 2058, 1134, 1624]",[],"[1050, 903, 1082, 1228, 1468, 1336, 1529, 599, 1464, 494, 505, 34, 1729, 1340, 53, 206, 1134, 2359, 1481, 1925, 628, 1949, 1636, 890, 2058, 1259, 2374, 842, 1624, 243, 800, 865, 2261, 2168, 1139, 557, 589]"
1524,476,"Trapper Keeper Binder, 1.5-Inch, Green (72181)",5,"[468, 204, 1935, 228]",[],"[1050, 903, 228, 215, 1082, 774, 1204, 599, 1464, 505, 34, 1617, 1969, 2386, 1134, 2359, 890, 2058, 82, 204, 1919, 289, 243, 800, 1504, 2168, 1755]"
1525,415,"Five Star Flex Hybrid NoteBinder, 1-Inch Capacity, 11.5 x 10.75 x 1.25 Inches, Black (72009)",1,"[571, 1740, 183, 228, 51, 468, 2051, 206, 1792, 204]",[],"[1683, 1050, 1082, 1228, 840, 493, 23, 907, 1472, 49, 20, 183, 34, 1729, 1340, 53, 1617, 206, 1208, 1134, 1481, 1347, 1949, 1925, 1636, 2051, 890, 1212, 2374, 1325, 1624, 243, 2009, 865, 1678, 589]"
1526,2320,"Garvey Standard Clothing, Attachment Tagging Gun (Tags-40948)",35,[],[],"[378, 1295, 171, 47, 1379, 1449, 550, 349, 1812, 1009]"
1527,2321,LittleGifts Dog Lover Mousepad &amp; Coaster Set,11,"[834, 536, 936, 2110, 1205, 1320, 1974]",[],[]
1528,183,"Five Star 6-Pocket Expanding File, 13 x 9.38 Inches, Black (72391)",18,"[2051, 2363, 172, 1060, 159, 1666]",[],"[903, 1228, 840, 2363, 1367, 49, 1464, 494, 1150, 505, 34, 698, 206, 1969, 1060, 2386, 1134, 1481, 331, 890, 2058, 1259, 842, 1624, 243, 800, 195, 1648, 2168, 557, 1523, 1755, 2078]"
1529,377,"Five Star 3-Ring Customizable Plastic Binder, 1.5-Inch Capacity, 11.78 x 11.12 x 1.75 Inches, Green (72419)",1,"[571, 228, 468, 2051, 204]",[],"[1050, 903, 215, 1082, 840, 1472, 1758, 183, 34, 468, 1617, 53, 1969, 2070, 1481, 2051, 890, 114, 82, 243, 1504, 865]"
1530,240,"Five Star Flex Hybrid NoteBinder, 1-Inch Capacity, Customizable Cover, 11.5 x 10.75 x 1.25 Inches, Pink (72345)",1,"[571, 183, 228, 468, 206, 1792]",[],"[1050, 903, 215, 493, 23, 1529, 1472, 183, 505, 89, 34, 1729, 1617, 53, 206, 1208, 1481, 1925, 1949, 1636, 2228, 890, 1185, 114, 82, 243, 865, 2310, 589, 1559]"
1531,2322,Wired Handheld USB Automatic Laser Barcode Scanner Reader With USB Cable,24,[],[1295],"[1068, 1190, 1295, 819, 1276, 109, 86, 1149, 1206, 1420, 1905, 2278, 1018, 2387]"
1532,813,HP Photosmart C410a Premium Fax Wireless e-All-in-One (CQ521A#B1H),29,[],"[804, 717, 2038]","[1531, 1993, 1783, 952, 1111, 717, 1255, 1079, 1427, 804]"
1533,2323,"American Crafts Gel Pen Canister, 48 Per Pack",39,"[568, 2198, 531, 389, 545, 2250, 957, 1511, 1902, 1670, 678, 280, 2132]",[],"[568, 845, 2198, 531, 389, 2250, 957, 545, 1511, 1902, 1670, 678, 200, 2132]"
1534,168,Canon CLI-226 4550B001 Gray Ink Tank,28,[],"[649, 980, 444]","[649, 530, 1035, 2234, 770, 980, 1568, 444, 49]"
1535,980,Canon 4530B001 PGI-225 Pigment Black Ink Tank,28,[],"[168, 649, 444]","[168, 1776, 649, 444, 151, 1349, 237, 770, 1568, 112, 2202, 1139, 49]"
1536,1568,Canon 4549B001 CLI-226 Ink Tank-Yellow,28,[],[444],"[168, 269, 649, 2234, 224, 237, 770, 75, 980, 1370, 444, 2254, 826]"
1537,444,"Canon PGI-225 BK/ CLI-226 4530B008 C,M,Y 4 Pack Value Pack in Retail Packaging",28,[],"[168, 649]","[168, 649, 1349, 770, 980, 124, 447, 1568, 151, 49, 826]"
1538,649,Canon PGI-225 4530B007 Twin Pack Value Pack-Black,28,[],"[168, 980, 444]","[168, 224, 1008, 1625, 705, 980, 447, 1568, 444, 673, 826, 49]"
1539,264,AmazonBasics  Mouse Pad - Black,11,[],"[834, 536]",[]
1540,378,"Swingline S.F. 4 Premium Chisel Point Staples, 0.25 Inch Leg Length, 1 Box, 5,000 Staples per Box, Silver (S7035450)",31,"[1676, 115, 1813, 124, 590, 963, 494, 1473, 164, 633, 1055, 1260, 1056, 1704, 966, 1134, 587, 944, 699, 846, 421, 1322, 2381, 1218, 2237, 484, 1921, 19, 1335, 139]",[],"[115, 361, 124, 963, 590, 1336, 1509, 49, 494, 1473, 630, 2088, 164, 505, 407, 633, 1055, 1260, 1704, 1969, 966, 2087, 1357, 1944, 587, 1134, 2078, 944, 1807, 998, 699, 1583, 846, 1322, 1212, 220, 2381, 2099, 1218, 2237, 1419, 484, 2116, 769, 19, 736, 557, 1335, 850, 139]"
1541,1982,Epson Perfection V330 Photo Scanner (B11B200211),30,[],"[866, 307, 477, 470]",[]
1542,592,Fiskars 12 Inch Titanium SureCut Paper Trimmer (01-005454),10,"[757, 605, 267, 916, 578, 284]",[],"[516, 115, 267, 963, 1328, 200, 49, 378, 222, 94, 635, 112, 284, 1216, 587, 75, 770, 71, 1346, 941, 1644, 484, 263, 665]"
1543,578,Fiskars Recycled 12-Inch Bypass Trimmer (01-005452),10,"[592, 757, 605, 318, 267, 916, 284]",[],"[38, 1699, 1098, 963, 1472, 1328, 49, 664, 494, 378, 449, 1097, 407, 94, 635, 112, 2202, 284, 2087, 587, 2078, 770, 1935, 421, 1373, 908, 437, 941, 1644, 484, 665]"
1544,869,Elsa L Pleather Magazine Organizer Rec Stitch (34590),16,[],[],[]
1545,916,Fiskars LED SureCut Rotary Trimmer (01-005419),10,"[592, 757, 318, 267, 578, 284]",[],[]
1546,2324,"Panasonic KX-TG6572R DECT 6.0 Cordless Phone with Answering System, Wine Red, 2 Handsets",37,[],"[1040, 412]",[1399]
1547,1405,Panasonic KX-MB2030 Multifunction Laser Printer,17,[],[],[]
1548,781,HON Boda High-Back Work Chair-Black Mesh for Office or Computer Desk,8,"[597, 785, 2341, 755, 643, 1978, 646, 1673, 2362]",[],[]
1549,1745,"INKWOR Compatible Ink Cartridges Replacement for Epson 69,T069 (Black, Cyan, Magenta, Yellow, 4-Pack)",28,"[1543, 959, 1437, 1997]",[],"[1543, 1533, 959, 447, 1997]"
1550,2325,"Officemate Micro Size Binder Clips, Black, 100 per Tub (31030)",35,"[378, 1743, 2066, 633, 2237, 484, 1264, 421, 1322, 966]",[],"[516, 1676, 115, 361, 124, 963, 313, 49, 1628, 494, 378, 1150, 1473, 2088, 505, 2102, 2066, 407, 633, 1728, 745, 966, 2087, 587, 2078, 1807, 699, 1583, 850, 1979, 846, 1264, 421, 1322, 1212, 2237, 484, 2116, 1234, 769, 1343, 1921, 736, 1713, 1368, 589, 139]"
1551,1179,"GBC CombBind C20 Binding System, 20 Sheet Punch Capacity, 320 Sheet Binding Capacity, Black (7706172)",1,"[97, 639, 618, 1689, 442, 856, 797, 660, 742]",[],"[1322, 2161, 439]"
1552,687,School Smart Vertical Pencil Sharpener - 6 x 4 inches - Electric,39,"[1980, 371, 517, 1300, 774, 576, 654, 2153, 684, 387, 506, 861, 575, 610, 637, 1497, 278, 662, 1917, 878, 1199, 888, 337, 756, 287, 661]",[],"[1980, 903, 1390, 1777, 774, 361, 5, 124, 590, 1367, 1697, 1464, 378, 1473, 505, 1662, 633, 94, 1663, 698, 1260, 2386, 745, 1013, 2078, 587, 1615, 1481, 890, 2058, 1637, 1264, 1624, 1135, 243, 1928, 800, 484, 1872, 1648, 551, 2168, 19, 557, 1755, 850, 139]"
1553,1569,HP 61XL CH563WN#140 Ink Cartridge in Retail Packaging- Black,28,[],"[1995, 541, 978, 648]","[541, 717, 5, 447, 151, 1628, 49, 494, 1070, 978, 2005, 1625, 1353, 1076, 2326, 724, 966, 2376, 1807, 1995, 1077, 1933, 1510, 1577, 1322, 763, 2015, 648, 1178, 761, 484, 769, 1369, 1139, 787]"
1554,2326,HP 61XL CH564WN#140 Tri-Color Ink Cartridge,28,[],"[541, 978, 1569, 648]","[541, 717, 267, 1569, 151, 49, 615, 978, 1252, 950, 1076, 724, 966, 109, 2376, 1995, 1077, 1933, 699, 1775, 1583, 1640, 763, 2015, 648, 1178, 761, 1644, 692, 484, 1369, 565, 787]"
1555,2327,Rhodia Dot Pad Black 6 x 8.25 Notebook - R16559,25,[],[],"[1837, 1003, 1587, 708, 539, 2281, 1833, 902, 1020, 2002, 891, 965, 1332, 2220, 1383, 1920, 1475, 1832]"
1556,424,"Post-it Pop-up Notes Dispenser for 3 x 3-Inch Notes, Black Purse, Includes Green Post it",11,"[2372, 317, 399, 15, 1343, 2190, 270, 2099]",[],"[2372, 317, 399, 361, 1343, 270]"
1557,579,"Pilot B2P - Bottle to Pen - Retractable Gel Roller Pens Made from Recycled Bottles, Dozen Box, Fine Point, Black (31600)",39,"[2023, 34, 2273, 1365, 573, 1688, 1641]",[],"[516, 903, 1082, 23, 1165, 1628, 1473, 1150, 505, 34, 1688, 1357, 587, 2293, 1925, 1949, 1365, 1636, 2291, 573, 2228, 1370, 1259, 421, 220, 47, 2237, 484, 2116, 2214, 1247, 589, 1934]"
1558,1746,"Pilot G-Tec-C Gel Rolling Ball Pens, Ultra Fine Point, 2-Pack, Blue Ink (35482)",39,[],[],"[1631, 539, 1457, 2083, 2009, 23, 2327, 573, 1678, 206, 795, 1309]"
1559,2328,"Pilot G2 Breast Cancer Awareness Pink Pens with Black Ink, Retractable Gel Ink Rolling Ball, Fine Point, 2-Pack (31331)",39,"[1453, 2372, 317, 34, 2273, 1365, 1951, 573, 2366, 1688, 1661]",[],"[1221, 1661, 1153, 1150, 2372, 34, 1662, 53, 1167, 317, 1481, 1365, 1951, 573, 1325, 2273, 484, 2366, 659, 589]"
1560,416,Expo Biggest Loser Daily Meal Planner Magnetic Dry Erase White Board (1770993),26,"[189, 441, 726, 178, 500, 2180, 1164, 1448, 669, 556]",[],[]
1561,332,Expo Biggest Loser Exercise Schedule White Board (1770994),26,[416],[],[]
1562,2329,"Sharpie 1770245 Liquid Pencil 0.5mm Refill, Black, 12-Pack",39,"[516, 1925, 1949, 894, 2009, 493, 1636, 23, 206, 1678, 2270, 782, 1731, 1774, 848, 1286, 1336]",[],"[1774, 1286, 516, 782]"
1563,782,"Sharpie Liquid Mechanical Pencils, 2 Mechanical Pencils (1770244)",39,"[1949, 2009, 202, 493, 23, 53, 195, 2261, 2270, 188, 2329, 842, 1774, 1286, 2288]",[],"[76, 1082, 23, 1363, 2270, 188, 2395, 34, 53, 2198, 1365, 1692, 1636, 573, 2329, 1774, 1286, 1065, 2288, 202, 1061]"
1564,1406,Canon PIXMA iP4820 Premium Inkjet Photo Printer (4496B002),29,"[1408, 569, 2184, 1035, 1705, 694, 1736, 426, 1314, 1830, 927, 586, 1256, 444, 688, 1927, 862, 519, 555, 554, 430, 627, 714, 567, 369, 1094, 1766, 446, 542, 540, 657, 187, 514, 716, 1301, 920, 1298, 1195]","[187, 716, 444]",[]
1565,1026,Canon PIXMA MP280 Inkjet Photo All-In-One (4498B002),29,[],"[474, 642, 496]","[474, 642, 1261, 1706, 2364, 496, 1996]"
1566,477,Canon CanoScan 4507B002 LiDE110 Color Image Scanner,30,[],"[814, 281, 866]","[1591, 814, 1593, 2343, 86, 1030, 636, 625, 151, 2043, 187]"
1567,714,Canon PIXMA MG5220 Wireless Inkjet Photo All-in-One (4502B017),29,[],"[1189, 444]","[1187, 1189, 649, 444]"
1568,814,Canon 4508B002 CanoScan LiDE210 Scanner,30,[],"[477, 1435, 470]","[1591, 477, 1125, 705, 86, 151, 627, 2043]"
1569,981,Canon PIXMA MP495 Wireless Inkjet Photo All-In-One (4499B026),29,[],"[474, 642, 187, 496]","[1261, 474, 642, 496]"
1570,1747,Brother Black Compact Inkjet All-in-One with Fax and Wireless Networking (MFCJ265W),29,"[521, 1184, 583, 1938, 1182, 918, 1122, 258, 1275, 281, 1784, 111, 627, 1303, 88, 74, 1114, 86, 248, 542, 446, 187, 763, 110, 719, 79, 783, 626, 1703, 761, 1201]","[1182, 1122, 111, 1703]",[]
1571,220,"Scotch Heavy Duty Shipping Packaging Tape, 1.88 Inch x 800 Inch, Clear",16,[],"[1011, 47, 60]","[115, 38, 1141, 1677, 1232, 963, 1509, 1720, 1881, 49, 378, 505, 2397, 34, 1312, 1260, 170, 1231, 60, 1807, 1394, 939, 859, 699, 846, 2170, 351, 1048, 47, 484, 353, 551, 9, 19, 1247, 454]"
1572,257,"PaperPro 3-Hole Punch, 12 Sheet Capacity (2101)",31,"[361, 773, 581]",[],"[1473, 115, 633, 245, 773, 557]"
1573,1102,Master Lock 207D Large Magnetic Keycase,19,[],[],[]
1574,2330,"Pilot Namiki Standard Fountain Pen Ink, Black (69200)",39,"[1837, 1587, 708, 2281, 1020, 2002, 891, 1701, 965]",[],"[1837, 1003, 1587, 708, 2281, 1020, 2002, 2196, 2327, 891, 1701, 965, 1332, 2220, 902, 1832]"
1575,1748,"HP 564 Inkjet Cartridges, Set of 4 (Black, Cyan, Magenta &amp; Yellow)",28,[],"[1993, 1079, 1783]","[1531, 1993, 1783, 952, 1111, 717, 2038, 1079, 1161, 49, 804]"
1576,276,Epson WorkForce 635 Color Inkjet All-in-One (C11CA69201),29,[],[],[]
1577,347,"Epson WorkForce 630 Wireless All-in-One Color Inkjet Printer, Copier, Scanner, Fax (C11CB07201)",17,"[132, 655, 560, 426, 583, 305, 1983, 319, 276, 179, 230, 406, 61, 111, 70, 2416, 427, 74, 297, 831, 336, 144, 512, 248, 822, 110, 1786, 79, 374, 783, 2040, 483, 315, 182, 459, 58, 1282, 508, 102]","[182, 79]",[]
1578,1570,Epson Artisan 725 Color Inkjet All-In-One (C11CA74201),29,[],[681],[681]
1579,1983,"Epson Artisan 835 Wireless All-in-One Color Inkjet Printer, Copier, Scanner, Fax (C11CA73201)",29,[],"[681, 102]","[681, 102]"
1580,1984,Cooler Master Comforter - Laptop Lap Desk with Pillow Cushion - Black (C-HS02-KA),11,[],[867],[971]
1581,1985,"ACCO Gold Tone Jumbo Paper Clips, Smooth Finish, Steel Wire, 20 Sheet Capacity, 50 Clips per Box (A7072532)",35,"[1322, 2314, 966, 2401]",[],"[49, 378, 1473, 89, 2066, 407, 633, 2401, 2314, 966, 587, 736, 1394, 699, 2325, 1264, 1370, 421, 47, 484, 19, 1921, 659]"
1582,2331,"Pentel Arts Sunburst Gel Pen, Medium Line, Permanent, White Ink, 1 Pack (K908BPW)",39,[],[],"[2198, 659, 1672, 2250, 2397, 753, 771, 957, 1511, 654, 1233, 1929, 1670]"
1583,1986,"Floortex Ultimat Polycarbonate Chair Mat for Plush Pile Carpets More Than 1/2 Inch Thick, Clear 60 x 48 Inches, Rectangular (1115227ER)",20,"[762, 1027, 1956, 1012]",[],"[802, 630, 1788, 1090, 704, 1444, 1012, 1673, 49, 2362]"
1584,1027,"Floortex AdvantageMat PVC Chair Mat for Hard Floors - Wood, Tile, Linoleum or Vinyl, Clear 48 x 36 Inches, Rectangular with Lip, (129020LV)",11,"[762, 1956, 1012, 1395, 1495]",[],"[802, 1788, 1673, 49, 2362, 608, 1012, 966, 109, 1323, 2340, 421, 762, 484, 2116, 1555, 736, 835, 139]"
1585,1291,"Cleartex AdvantageMat PVC Chair Mat for Low Pile Carpets Up to 1/4-Inch Thick, Clear 79 x 48 Inches, Rectangular (1120025EV)",11,"[762, 1027, 1956, 1012]",[],"[802, 115, 1730, 361, 49, 378, 630, 2344, 139, 2088, 2102, 407, 1460, 1211, 633, 1012, 1027, 745, 966, 1357, 109, 587, 998, 699, 1933, 1264, 1370, 1780, 421, 1235, 1322, 1478, 1540, 843, 1107, 484, 2116, 1234, 769, 1555, 736, 1713, 835, 1368, 850, 1614]"
1586,1407,HP Photosmart Plus Wireless e-All-in-One Printer (CN216A#B1H),29,[],[1079],"[804, 717, 1783]"
1587,1749,Epson WorkForce 320 Color Inkjet All-in-One (C11CB79201),0,"[79, 74, 315, 248, 1571, 2385, 347, 58, 430, 1567, 111, 187]","[281, 2385]",[]
1588,1571,Epson WorkForce 325 Color Inkjet All-in-One (C11CB08201),29,"[1749, 719, 74, 179, 566, 79, 2040, 1567, 86, 305, 248, 2385, 58, 276, 111, 1744, 102]","[2385, 79]",[]
1589,315,"Epson Stylus NX625 Wireless All-in-One Color Inkjet Printer, Copier, Scanner (C11CA70271)",29,[],"[111, 1744, 182]","[2385, 1744, 182]"
1590,1987,"Sharpie 1770458 Oil-Based Medium Point Pant Marker, Assorted Colors, 5-Pack",39,"[2395, 1329, 771, 119, 2231]",[],"[845, 516, 1329, 2395, 771, 1528, 136, 1247, 484, 119, 188, 2231, 1929, 1061, 1216]"
1591,151,"Brother High Yield Toner Cartridge TN450, Black",28,[],"[86, 819]","[819, 1752, 2055, 2312, 772, 49, 917, 1557, 378, 870, 2088, 2378, 2160, 1103, 2010, 718, 2376, 1953, 911, 1342, 1933, 1066, 86, 1030, 1264, 1322, 2203, 1417, 1115, 705, 1988, 484, 2116, 1033, 736, 1852, 1368, 737]"
1592,1988,Brother Drum Unit DR420 - Retail Packaging,28,[],"[151, 819, 1103]","[1518, 819, 1517, 2055, 963, 151, 772, 49, 917, 494, 1557, 378, 2088, 2102, 1103, 2010, 1470, 1018, 109, 1953, 911, 1807, 1995, 1342, 699, 1933, 86, 421, 1322, 2203, 1417, 1190, 705, 484, 769, 1234, 1713, 1852, 1368, 737, 139]"
1593,1103,Brother TN420 Toner Cartridge - Retail Packaging - Black,28,[],"[1988, 151, 819]","[1676, 819, 1228, 1461, 2312, 1336, 151, 772, 49, 917, 494, 1557, 378, 1473, 2088, 505, 2102, 633, 1058, 2010, 2087, 1357, 911, 1807, 1933, 86, 1583, 421, 1322, 1616, 2203, 1417, 1190, 1178, 705, 1988, 484, 2116, 1033, 769, 736, 1852, 737, 139]"
1594,565,HP Deskjet 1000 Printer (CH340A#B1H),29,[],"[541, 761, 648]","[541, 2055, 447, 1569, 963, 355, 1328, 49, 1113, 978, 1591, 407, 2389, 2326, 1995, 1583, 421, 477, 2015, 648, 484, 1234, 139]"
1595,982,Canon PIXMA MG8120 Wireless Inkjet Photo All-in-One Printer (4504B002),29,"[1408, 569, 132, 1035, 1705, 984, 694, 927, 586, 444, 1983, 1570, 458, 688, 1195, 1927, 862, 230, 519, 555, 554, 430, 627, 714, 567, 369, 1766, 1406, 446, 542, 722, 540, 187, 168, 514, 716, 696, 920, 981, 58, 102]","[168, 514, 444]",[]
1596,1408,Canon PIXMA MG6120 Wireless Inkjet Photo All-in-One Printer (4503B002),29,[],"[168, 514, 444]","[168, 1776, 649, 1188, 1779, 920, 980, 1568, 444]"
1597,1292,HP Officejet Pro 8500A Premium Wireless e-All-in-One (CM758A#B1H),29,"[1267, 560, 1593, 1990, 1440, 1945, 1293, 2332, 1304, 577, 2038, 1573, 2376, 1572, 427, 922, 1444, 1316, 1946, 2392, 79, 374, 483, 1410, 2019, 1268, 1717, 58, 1201]","[1267, 922, 2019]",[]
1598,1293,HP Officejet Pro 8500A Wireless e-All-in-One (CM755A#B1H),29,[],"[1304, 922, 1267]","[1572, 1267, 1292, 1990, 1717]"
1599,541,HP 61 Black / Color Original Ink Cartridge Combo Pack,28,[],"[1995, 978, 761, 648]","[706, 447, 1569, 49, 642, 978, 952, 1875, 94, 2326, 724, 1995, 770, 763, 897, 2015, 648, 693, 761, 565, 787]"
1600,1410,HP Photosmart Premium Wireless e-All-in-One (CN503A#B1H),29,[],"[1783, 2038]","[952, 717, 1079, 972, 804]"
1601,1409,HP Photosmart eStation All-in-One (CQ140AB1H),29,[],"[187, 804, 2038]","[804, 717]"
1602,1572,HP Officejet Pro 8500A Plus Wireless e-All-in-One (CM756A#B1H),29,[],"[1304, 1990, 922]","[1293, 1267, 577, 1292, 1990, 2255, 1715]"
1603,1294,Weighmax 35LBS Digital Postal Scales Shipping Scale (Colors May Vary),16,"[1310, 449, 1566, 1097, 613, 1379, 956, 1149, 1765, 547, 550, 1608, 466, 967, 1421]",[],"[38, 1660, 1379, 1232, 1147, 1421, 1657, 449, 1498, 1312, 958, 550, 1009, 2334, 1068, 853, 1864, 1759, 466, 220, 47, 1349, 543, 1865, 741, 915]"
1604,1750,Twin Draft Guard Extreme Door Guard,20,[1885],[],[206]
1605,1989,HP Officejet 6500A e-All-in-One (CN555AB1H),29,"[1067, 2225, 1176, 1477, 913, 1092, 583, 1440, 813, 1122, 1537, 1113, 1293, 1304, 2038, 2389, 1573, 724, 972, 1142, 1572, 2206, 74, 922, 1411, 1316, 1444, 187, 763, 79, 761, 2019, 1268, 58, 1282]","[1176, 922, 187]",[]
1606,1573,HP Officejet 6500A Plus e-All-in-One (CN557A#B1H),29,[],"[1176, 1537]","[1537, 1176, 922, 1411, 1092, 1268, 1714]"
1607,2332,HP LaserJet Pro M1536dnf Multifunction Printer,29,[],[1431],"[1591, 1975, 1593, 1933, 2284, 2312, 1869, 139]"
1608,1295,USB Automatic Barcode Scanner Scanning Barcode Bar-code Reader with Hands Free Adjustable Stand (Black),24,"[1905, 1276, 2025, 2415, 2322, 2387]",[],"[449, 1276, 1149, 1206, 547, 1420, 112, 2415, 1905, 2278, 912]"
1609,2333,"Safco Products Onyx Mesh Desk Organizer, Triple Tray, Black, 3271BL",11,"[2065, 1008, 1235, 1616, 745]",[],"[516, 115, 361, 124, 313, 1628, 1309, 439, 378, 630, 1473, 2088, 407, 1575, 633, 745, 966, 2078, 587, 1694, 1615, 1807, 998, 1008, 1583, 1675, 1264, 846, 850, 421, 1235, 1322, 1107, 2237, 1321, 484, 1343, 736, 2214, 1378, 589, 139]"
1610,1028,"Officemate Breast Cancer Awareness PVC Free Giant Color Coated Paper Clips, 80per Tub, Pink (08908)",35,"[1322, 378, 1743, 1985, 147, 2066, 633, 1343, 2401, 2314, 966, 1628]",[],"[1661, 1676, 115, 361, 124, 1628, 49, 494, 378, 630, 1473, 2372, 2066, 407, 633, 53, 1260, 2314, 2078, 1167, 587, 1134, 147, 1807, 699, 1264, 1322, 1212, 1743, 484, 2116, 1343, 19, 736, 589, 139]"
1611,1751,Compatible HP CE285A Laser Toner Cartridges-2 Pack,28,[],[1178],"[494, 1307, 2262, 1591, 115, 819, 968, 407, 1178, 1844, 1377, 1583, 2032, 484, 313, 1812, 49, 1018]"
1612,1180,HP Deskjet 3050 All-in-One Printer (CH376A#B1H),29,[],"[541, 787, 648]","[541, 978, 2015, 648, 1995, 1569, 2326, 2016]"
1613,2334,50 #000 Poly Bubble Mailers Padded Envelopes,16,"[1068, 853, 1658, 1660, 1864, 1349, 1659, 1312, 1865, 741, 550, 1009, 1532, 1147]",[],"[38, 1660, 1294, 1659, 1379, 1232, 1147, 1421, 449, 1498, 1088, 1312, 958, 550, 1009, 1700, 1068, 853, 1658, 1864, 1418, 466, 1954, 47, 1349, 543, 1865, 741, 915]"
1614,1411,HP Officejet 7500A Wide Format e-All-in-One E910a (C9309A#B1H),29,[],"[1176, 1440, 427]","[1537, 2376, 1939, 1975, 1176, 922, 913, 1304, 1316, 2389, 1092, 1314, 1775, 2019, 1440, 1714, 2253, 2349]"
1615,1990,"HP 940XL /4-Pack Set/ for HP 940XL &amp; 940 for use in HP Officejet pro 8000, All in One 8500 &amp; Premier-Black/Cyan/Magneta/Yellow",28,[],[1267],"[1493, 1176, 1267, 2312, 151, 2254, 772, 49, 2376, 1995, 922, 1933, 1444, 1316, 2255, 2392, 1178, 1111, 182, 1715]"
1616,2335,16 Oz Bulk Black Ink Refill Any Printer Hp Lex Dell,28,[],[1289],"[1289, 648]"
1617,1991,"Sophia Global Compatible Ink Cartridge Replacement for Canon PGI-220 and CLI-221 (1 Large Black, 1 Small Black, 1 Cyan, 1 Magenta, and 1 Yellow)",28,"[269, 873, 507, 1189, 2234, 1581, 1754, 752, 540, 237, 808, 2336, 973]",[],"[269, 873, 2234, 1034, 237, 2336, 49, 71]"
1618,2336,"Sophia Global 10 Pack Compatible Ink Cartridge Replacement for Canon PGI-220 and CLI-221 (2 Large Black C-220, 2 Small Black C-221, 2 Cyan, 2 Magenta, 2 Yellow)",28,[],"[808, 237, 873]","[269, 873, 1189, 237, 49, 973]"
1619,1412,Canon imageCLASS D420 Laser Multifunction Copier (2711B062AA),29,[],"[1377, 1852]","[1911, 1432, 819, 1431, 273, 1377, 991, 86, 144, 1766, 446, 920, 1191, 1852, 421, 1483, 487]"
1620,1992,"Canon PG-40/CL-41 (PG40/CL41) OEM Genuine Inkjet/Ink Cartridges Combo (One each: PG-40BK, CL-41Clr) 2 Pack - Retail",28,[],"[2151, 1354, 1230, 951]","[1851, 693, 1103, 1354, 2151, 447, 615, 1230, 951]"
1621,1413,Tze315 White On Black For Tz Models 6mm .23in,22,"[1105, 1355, 1577, 1170, 1602]",[],"[516, 1105, 296, 484, 1446, 1791, 1355, 1577, 1523, 1170, 1602]"
1622,1414,Brother HL4570CDW Color Laser Printer with Wireless Networking and Duplex,29,[],"[86, 2050, 2043]","[819, 1752, 2050, 583, 151, 917, 1557, 870, 1206, 911, 1198, 86, 1108, 2033, 477, 786, 1115, 1988, 1821]"
1623,1752,Brother TN315M Toner Cartridge for Brother Laser Printer Toner - Retail Packaging - Magenta,28,[],[151],"[1518, 115, 1414, 1429, 151, 49, 494, 1557, 1368, 1231, 109, 1953, 911, 1807, 1342, 1264, 1108, 1641, 2392, 705, 1988, 484, 769, 1234, 2183, 1679, 737, 1676]"
1624,1415,HP Envy 100 e-All-in-One D410a Printer (CN517A#B1H),0,[],"[706, 1076, 1252]","[706, 1076, 1252]"
1625,1753,Panasonic KX-MB2061 Multi-Function Laser Printer and Communication Center,29,[],[636],[1399]
1626,54,"Smead SuperTab Heavyweight File Folder, 14 Point, Letter Size, 1/3 Cut Tab, Manila, 50 Per Box (10401)",18,"[1514, 1807, 2082, 356, 435, 359, 683, 313, 736, 421, 1523]",[],"[1376, 313, 151, 49, 439, 494, 378, 2088, 2102, 407, 1211, 633, 356, 1470, 1260, 359, 966, 2087, 1167, 587, 1807, 699, 2325, 421, 1322, 732, 1218, 2082, 484, 2116, 769, 736, 2214, 1378, 1368, 589, 139]"
1627,755,"basyx by HON HVL521 Mesh Back Work Chair for Office or Computer Desk, Black",8,"[785, 597, 2341, 614, 608, 643, 644, 1978, 1555, 1673, 609, 2362]",[],[]
1628,86,Brother HL-2270DW Compact Laser Printer with Wireless Networking and Duplex,29,[],"[151, 1033, 718, 187]","[1730, 819, 156, 1186, 1429, 447, 2312, 151, 1122, 49, 630, 870, 1103, 1231, 1042, 2043, 718, 1807, 2137, 1030, 232, 187, 220, 1417, 1190, 477, 1432, 786, 1115, 995, 1988, 484, 547, 1033, 814, 139]"
1629,2337,Canon PGI-5BK CLI-8 15-Pack Compatible Ink Cartridges w/ Chip for Pixma MP500 MP530 MP600 MP800 iP4200 iP4300 iP4500 iP5200 iP5200,28,[],[],[]
1630,552,OBi110 Voice Service Bridge and VoIP Telephone Adapter,37,[],"[2419, 528]","[1399, 2155, 528, 412, 1299, 580]"
1631,1574,Nettalk Duo VOIP Telephone Service,37,[],"[2419, 231]","[580, 2419, 2008, 1299]"
1632,450,"Avery Comfort Touch Durable View Binder with 1-Inch Slant Ring, Holds 8.5 x 11-Inch Paper, White with Black Spine, 1 Binder (17406)",1,"[1740, 174, 82, 1472, 2070, 557, 1309]",[],"[2072, 903, 505, 89, 243, 871, 840, 865, 1617, 890, 733, 1086, 82, 1472, 2070, 842]"
1633,82,"Avery Plastic Durable Write-On Dividers, 5.5 x 8.5 Inches, 5 Tabs, 1 Set (16180)",22,"[871, 840, 1617, 114, 1472, 2070, 1104]",[],"[1050, 1139, 2072, 903, 243, 871, 2310, 1617, 890, 1472, 2386, 2070, 557]"
1634,1104,"Avery Index Maker Clear Label Dividers with White Tabs, 5.5 x 8.5 Inches, 5 Tabs, 1 set  (11426)",22,"[871, 214, 1617, 82, 1472]",[],"[871, 214, 82, 1769]"
1635,253,DYMO 1768960 LabelManager Plug N Play Label Maker,24,"[833, 1834, 1105, 1426, 807, 103, 2278, 401, 108, 2165, 1276, 970, 1420, 912, 898, 405, 71, 1285, 296, 1170, 1602]",[],"[833, 1307, 1295, 1276, 1470, 1206, 484, 740, 2415, 912, 803, 1796, 71]"
1636,1296,iCraze Adjustable Vented Laptop Table Laptop Computer Desk Portable Bed Tray Book Stand Multifuctional &amp; Ergonomics Design Dual Layer Tabletop (Black),11,[],"[2287, 1186]","[49, 2287, 1186, 836, 1489, 740, 835, 1479]"
1637,208,"Avery Protect and Store View Binder with 1 Inch EZ-Turn Ring, 5.5 x 8.5 Inches , White (23011)",1,"[871, 1617, 1104, 82]",[],"[903, 840, 1472, 1758, 121, 1150, 34, 94, 1617, 53, 206, 84, 1104, 2359, 1481, 174, 82, 243, 871, 1644, 2310, 557]"
1638,1993,NEW Original HP 564 Black 2-PACK C2P51FN- Ink Cartridge SHIPS FAST - in Retail Box Packaging,28,[],"[1111, 1079, 1783]","[1427, 541, 1531, 1783, 1111, 717, 1228, 2038, 1079, 112, 19, 1748, 49, 804]"
1639,2338,"Winsome Wood Alden Lap Desk, Flip Top with Drawer, Foldable Legs",11,"[971, 867, 1186]",[],"[1702, 1192, 1555]"
1640,1994,Fellowes Powershred 59Cb Cross-Cut Shredder with Jam Blocker Technology,24,"[581, 532, 156, 217, 625, 1302, 1594, 2047, 1245, 196, 992, 924, 143, 1109, 525, 622, 1266, 876, 932, 1873]","[196, 217]",[]
1641,815,"Fellowes Titan 125 Laminator, 12.5 Inch with 10 Pouches (5724501)",27,"[137, 383, 511, 1364, 728, 354, 94, 104, 420, 779, 760, 676, 664]",[],"[908, 420, 104]"
1642,608,"basyx by HON HVL210 Task Chair for Office or Computer Desk, Black",8,"[802, 2340, 755, 644, 1555, 1673]",[],"[1398, 115, 361, 2312, 1673, 151, 49, 494, 378, 630, 2088, 1260, 1012, 462, 587, 1694, 1008, 1264, 421, 1322, 762, 746, 1107, 1419, 484, 2116, 1321, 1555, 736, 835, 850, 139]"
1643,609,"HON HVL151 Executive High-Back Chair for Office or Computer Desk, Black",8,"[802, 1781, 2344, 614]",[],[]
1644,1105,Brother Desktop Office Labeler with AC Adapter (PT2030AD),24,"[1285, 401, 103, 253, 2165, 108, 296, 970, 1964, 1602, 1420, 1355, 1577, 1170, 71]",[],"[1355, 944, 590, 1807, 1390, 699, 361, 484, 1577, 1108, 945, 736, 1322, 421, 803]"
1645,1754,5pk NON-OEM CLI-221 PGI-220 compatible Ink Cartridge With CHIP,28,[],"[808, 1552]","[752, 1349, 1552, 808, 1509, 2336, 49]"
1646,2339,"Pentel Twist-Erase III Automatic Pencil with 2 Eraser Refills, 0.9mm, Assorted Barrels, 2 Pack (QE519BP2-K6)",39,"[1683, 1949, 493, 1729, 23, 1340, 1678, 1721, 1259, 848]",[],"[1683, 1512, 493, 2076, 1729, 1340, 484, 1678, 2261, 1084, 907, 1259, 195, 769, 421, 842, 49]"
1647,1181,Casio FX-CG10 PRIZM Color Graphing Calculator (Black),4,[],"[1249, 1541, 1760, 1590]","[1249, 1148, 1541, 1633, 1760, 1590]"
1648,1106,AT&amp;T EL52100 DECT 6.0 Digital Cordless Answering System,37,"[1040, 2027, 1031, 985, 596, 1299, 412, 580, 821, 2008, 2391, 1183, 1600]",[],"[2267, 1615, 504, 1299, 472, 1183, 111]"
1649,2340,Flash Furniture GO-ST-6-BK-GG Mid-Back Black Fabric Task and Computer Chair with Nylon Arms,8,"[802, 1781, 2344, 608, 1555, 1673, 2362]",[],"[802, 1398, 115, 361, 378, 630, 1027, 745, 587, 1357, 998, 801, 1391, 746, 1107, 2237, 1396, 2116, 1555, 736, 1976, 850]"
1650,2341,"Alera Elusion Series Mesh High-Back Multifunction Chair, Black",8,"[802, 785, 597, 1781, 781, 643, 1978, 1673, 2362]",[],"[630, 139, 843, 1090, 904, 361, 740, 1012, 963, 1978, 1479, 1580]"
1651,870,Brother HL2240D Monochrome Printer,29,[],"[86, 151, 1030]","[1518, 819, 1414, 1752, 151, 49, 917, 1103, 2010, 2278, 2043, 911, 86, 1030, 919, 421, 1108, 2033, 1417, 1190, 1295, 1115, 705, 1988, 1033, 736]"
1652,509,Scotch Pop-Up Tape Refillable Deskgrip Dispenser and Refill (98-GS),11,"[16, 800, 4, 19]",[],"[16, 4]"
1653,117,"Uni-ball Jetstream 101 Bold Point Rollerball Pens, Colored Ink, 3 Pens (1772523)",39,"[799, 1347, 674, 1692, 23]",[],[]
1654,2342,"Brownline 2013 Monthly Desk Pad Calendar, January - December, 22 x 17 Inches (C1731-13)",5,"[2412, 843, 2411, 1780]",[],"[378, 115, 2412, 1583, 1780, 421, 736, 1322]"
1655,2343,Canon imageCLASS LBP6000 Compact Laser Printer,29,[],"[86, 281, 111]","[1764, 1432, 477, 1607, 958, 447, 846, 49]"
1656,715,"Five Star Xpanz Zipper Pencil Pouch, Blue (50518)",14,"[228, 243, 468, 2051, 204]",[],"[228, 903, 1082, 774, 840, 1464, 1740, 505, 34, 53, 1969, 2386, 1208, 1134, 1481, 1636, 890, 82, 1624, 243, 800, 484, 2261, 2168]"
1657,2344,"Alera Fraze High-Back Swivel/Tilt Chair, Black Leather",8,"[802, 1781, 2340, 1380, 1673, 609, 2362]",[],"[802, 361, 49, 494, 1473, 630, 1956, 704, 109, 2340, 421, 762, 1781, 1218, 746, 536, 769, 1555, 736, 1368, 139]"
1658,143,"Swingline Stack-and-Shred 100X Hands Free Shredder, Cross-Cut, 100 Sheets, 1-2 Users (1757571)",24,[],"[1245, 532, 622]","[115, 963, 590, 151, 1628, 49, 917, 2047, 494, 378, 1473, 1245, 196, 1466, 633, 1206, 966, 587, 1968, 1933, 1198, 86, 1109, 1264, 1478, 421, 232, 411, 2099, 912, 1218, 786, 1115, 1305, 769, 1234, 736, 1976, 1771]"
1659,2345,"Altra 9234096 Laptop Cart, Cherry on Black",7,"[1702, 1197, 1596, 2111]",[],"[1596, 378, 49, 139]"
1660,1995,HP 61XL AND 61XL COLOR COMBO-Black,28,[],"[541, 761, 1569, 648]","[541, 1493, 1783, 1176, 787, 625, 1569, 447, 444, 151, 49, 615, 494, 978, 1662, 1252, 1076, 2326, 112, 724, 2087, 496, 2376, 1807, 1775, 763, 474, 2392, 2015, 648, 941, 47, 761, 1988, 484, 565, 557]"
1661,348,"PaperPro Evo Compact Stapler, 15 Sheet Capacity, Black (1493)",31,"[365, 378, 944, 115, 245, 403, 285, 1260, 1583, 124, 1704, 590, 773, 1921, 1335, 1910, 139]",[],"[735, 245, 773, 361, 1056, 1921, 1704, 1910]"
1662,2346,Uline H-150 2&quot; Hand-Held Industrial Side Loading Tape Dispenser,35,"[1863, 1467, 60, 185, 1080, 220, 171, 47, 543, 1331, 1274, 547, 2334, 254, 260, 852, 48]",[],"[1863, 115, 1232, 1881, 49, 852, 378, 449, 1088, 1331, 1206, 1422, 254, 109, 1018, 587, 1080, 939, 171, 613, 1149, 1449, 421, 466, 1322, 543, 1396, 484, 736, 1905, 915, 139]"
1663,1996,Remanufactured Ink Cartridge Replacement for Canon PG210xl 2973B001 CL211xl 2975B001 (1 Black 1 Color 2 Pack),28,"[642, 474, 1261, 1706, 1026, 981, 496]",[],"[642, 474, 819, 460, 49, 496]"
1664,303,"Swingline SmartTouch Stapler, Reduced Effort, 25 Sheets, Black/Gray (S7066503)",31,"[115, 1813, 124, 590, 378, 365, 164, 633, 245, 1260, 1704, 344, 944, 140, 1910, 1218, 735, 773, 1335, 139]",[],"[1676, 361, 2055, 1813, 124, 590, 963, 49, 439, 494, 378, 1473, 2088, 633, 245, 1470, 1055, 1704, 165, 745, 966, 1357, 587, 1807, 998, 699, 1583, 1264, 421, 1322, 735, 1218, 1107, 773, 484, 2116, 1234, 769, 1396, 736, 557, 850, 139]"
1665,122,"Swingline SmartTouch Compact Stapler, Reduced Effort, 25 Sheets, White/Yellow (S7066510)",31,"[365, 378, 944, 164, 115, 245, 773, 1055, 1813, 124, 590, 1704, 303, 1335, 1910, 139]",[],"[1398, 516, 361, 124, 963, 590, 49, 1628, 494, 378, 1473, 2372, 2088, 407, 633, 245, 53, 1055, 1704, 745, 966, 587, 1134, 317, 1636, 2325, 1675, 1583, 1264, 1370, 846, 421, 1235, 1322, 735, 1218, 2082, 484, 2116, 1921, 736, 2214, 303, 1676]"
1666,202,"Sharpie Accent Gel Highlighters, Colored, 3 Assorted Highlighters (1780475)",39,"[1636, 2228, 1468, 53, 1325, 769, 1721, 782, 2257, 1134]",[],"[516, 903, 215, 1228, 1165, 188, 907, 1758, 49, 378, 1371, 1150, 20, 505, 89, 34, 53, 2070, 1208, 161, 1134, 1352, 1481, 1949, 894, 859, 1636, 890, 1637, 842, 1065, 1624, 1135, 243, 800, 484, 195, 2168, 782, 19, 1139, 557, 2257, 589]"
1667,397,Fellowes Professional Series Compact Keyboard Tray (8018001),11,"[1525, 1250, 904, 650, 640, 603]",[],"[1662, 904, 650, 1096, 1479, 1580]"
1668,650,Fellowes Designer Suites Premium Keyboard Tray (8017901),11,"[1525, 1250, 904, 640, 397, 603]",[],"[1588, 282, 904, 1614, 397, 1580]"
1669,1575,"Sparco Stand,Mntr/Prtr,Mesh,Blk",11,"[375, 1860, 1008, 1358, 836, 1479]",[],"[115, 361, 2064, 963, 1473, 630, 1239, 633, 1479, 587, 1694, 1134, 1615, 1807, 998, 1008, 1675, 1235, 421, 1616, 1107, 2333, 1860, 484, 1343, 740, 2214, 835, 850, 1614]"
1670,364,"Quality Park Gift-e-lope Holiday Expand-on-Demand Mailers with Shippable Outer Package, Holiday Printed, Assorted Sizes, Pack of 6 (65111)",16,[],[],[]
1671,485,"Mead Kindergarten Problem Solving Workbook, 10 x 8-Inches, 96 Pages (48026)",14,"[166, 239, 436, 218]",[],"[166, 239, 436, 218]"
1672,436,"Mead 1st Grade Problem Solving Workbook, 10 x 8-Inches, 96 Pages (48028)",14,"[485, 239]",[],"[485, 239]"
1673,983,"Swingline EX10-05 Super Cross-Cut Shredder, 10 sheets, 1 User (1757393)",24,[],"[532, 156, 217, 581]","[2047, 1109, 196]"
1674,1029,"Swingline EX12-05 Super Cross-Cut Shredder, 12 Sheets, 1 User (1757390)",24,[],"[532, 932, 581]","[1109, 854, 196]"
1675,1755,Prismacolor Scholar Colored Pencil Sharpener (1774266),39,"[1050, 903, 753, 1849, 1082, 654, 1367, 1464, 505, 698, 1969, 2386, 278, 1134, 2359, 890, 1084, 1544, 1924, 243, 800, 2168, 1455]",[],"[1050, 903, 215, 753, 1082, 774, 1468, 999, 654, 1367, 1464, 505, 34, 698, 1969, 2386, 1134, 2359, 890, 2058, 1924, 1623, 1624, 243, 800, 1872, 2168, 557, 1455, 1665]"
1676,2347,"BIC Cristal For Her Ball Pen, 1.0mm, Black, 10ct (MSLP101-Blk)",39,"[494, 1481, 505, 2084, 34, 894, 265, 2012, 118, 186, 1327, 1529, 2075, 1661, 1324]",[],"[1132, 118, 186]"
1677,2348,"BIC Velocity Bold Ball Pen, 1.6mm, Black, 12ct (VLGB11-Blk)",39,"[494, 1453, 1371, 505, 2248, 1132, 221, 1297, 2090, 1641, 1336]",[],"[115, 1375, 840, 5, 1336, 590, 49, 803, 494, 378, 139, 1297, 1260, 1635, 1134, 1357, 1944, 1807, 1159, 1000, 1264, 421, 1235, 1322, 484, 195, 1368, 850, 2078]"
1678,118,"BIC Cristal For Her Ball Pen, 1.0mm, Black, 16ct (MSLP16-Blk)",39,[],[],[]
1679,1297,"BIC Velocity Gel Retractable Pen, 0.7mm, Black Ink, 15 Count (RLCP151-Blk)",39,"[1221, 115, 2348, 1165, 678, 1628, 49, 494, 1371, 505, 34, 1167, 1134, 1925, 1132, 674, 421, 484, 1336]",[],"[516, 1676, 115, 840, 361, 2412, 963, 1336, 49, 1628, 494, 378, 1473, 2088, 505, 89, 34, 407, 1662, 633, 206, 1260, 1013, 2087, 1167, 1635, 966, 587, 1134, 1807, 1925, 699, 1636, 2325, 1583, 850, 421, 1322, 1212, 2237, 1396, 484, 2116, 769, 19, 736, 1713, 589, 139]"
1680,221,"BIC Velocity Bold Ball Pen, 1.6mm, Black, 2ct (VLGBP21-Blk)",39,"[2348, 34, 1371, 1297]",[],[]
1681,1756,"Quartet Kapture Digital Flipchart Starter Kit, 1 Pad, Pen, USB &amp; Software, Bluetooth (23700)",26,[],[],[]
1682,437,"Swingline GBC Inspire Thermal Laminator, 9 inch Max Width, 3 Mil (5 Mil up to 4 inch x 6 inch) (1701855)",27,"[1098, 1609, 1163, 664, 137, 383, 1081, 94, 1742, 635, 1364, 1501, 1075, 194, 2205, 908, 901, 373, 25, 665]",[],"[1699, 267, 1098, 1163, 845, 1137, 2005, 34, 94, 635, 284, 1501, 1075, 421, 2369, 908, 800, 901, 484, 578, 25, 1921, 665]"
1683,365,"PaperPro Evo Desktop Stapler, 20 Sheet Capacity, Black (1423)",31,"[115, 1813, 124, 590, 1473, 378, 139, 633, 245, 403, 285, 1260, 1704, 1056, 587, 944, 348, 1910, 1218, 773, 1921, 303, 1335, 1676]",[],"[361, 124, 2064, 963, 439, 494, 378, 1473, 2088, 1460, 633, 403, 245, 285, 745, 966, 2087, 1357, 109, 587, 1713, 1615, 998, 699, 1583, 1264, 1370, 421, 1235, 1322, 1212, 1812, 1910, 735, 773, 484, 769, 1921, 736, 2214, 850, 2078]"
1684,610,"Stanley Bostitch QuietSharp Executive Electric Pencil Sharpener, Black (EPS9V-BLK)",39,"[591, 371, 517, 1300, 576, 654, 653, 2153, 684, 387, 506, 861, 575, 864, 637, 1497, 278, 662, 687, 1917, 878, 1199, 888, 337, 756, 661]",[],"[1980, 774, 684]"
1685,2349,"Brother MFCJ6710DW Business Inkjet All-in-One Printer with 11-Inch x 17-Inch Duplex Printing, 11-Inch x 17-Inch Scan Glass &amp; Dual Paper Trays",29,[],"[1201, 583]","[2354, 2001, 234, 1196, 1411, 1757, 583, 2010, 2026, 421, 1201, 1784, 1038, 917]"
1686,1997,Vivamart Remanufactured Ink Cartridges Replacement for EPSON T069 Set -4Black/3Cyan/3Yellow/3Magneta 13-PACK,28,[],"[1437, 1745]","[1533, 959, 2040, 635, 248, 1745, 1437]"
1687,651,"Bankers Box Presto Heavy-Duty Storage Boxes with Ergonomic Design, Letter/Legal, White/Blue, 12 Pack (0063601)",18,"[327, 701, 342, 638, 1234, 353, 672, 537, 732]",[],[]
1688,286,"BIC Triumph 730RT Gel Pen (0.7mm), Black, 12ct (RTR7711-Blk)",39,[],[],[]
1689,246,"BIC Students Choice Mechanical Pencil (0.9mm), 10ct (MPLWSP101-Blk)",39,"[1683, 494, 1481, 505, 1925, 1340, 484, 195, 1678, 1721, 1259, 842, 2339]",[],[]
1690,1182,12 Pack Compatible Brother LC-61 Cartridges - 3 each of Black/ Cyan/ Magenta/Yellow,28,[],[1703],"[1703, 1196, 2178, 1058, 447, 1122, 49, 1275]"
1691,1107,"Rolodex Mesh Collection Spinning Desk Sorter, Black (1773083)",11,"[1398, 630, 1473, 1615, 998, 1008, 633, 361, 850, 1343, 2064, 1235, 1616, 587, 1694]",[],"[1398, 115, 361, 124, 2064, 963, 1628, 494, 378, 630, 1473, 1575, 633, 53, 1704, 745, 966, 2087, 587, 1694, 1134, 2078, 1615, 944, 998, 1008, 1583, 1675, 850, 846, 421, 1235, 1322, 1616, 2099, 2381, 558, 735, 2333, 1860, 2237, 1321, 484, 1343, 769, 1555, 736, 589, 139]"
1692,2350,"Avery Removable Labels, Rectangular, 1 x 3 Inch, White, Pack of 72 (06728)",22,"[9, 1759, 2095, 484, 1816, 112, 1018]",[],"[840, 361, 1509, 1758, 378, 183, 505, 34, 2085, 1816, 112, 1216, 1666, 1352, 147, 1759, 859, 1446, 220, 1624, 1107, 1644, 1801, 2095, 484, 1419, 19, 9, 736, 557, 2078]"
1693,1183,"AT&amp;T EL52300 DECT 6.0 Cordless Phone, Silver/Black,3 Handsets",37,[],"[2360, 2007, 412]","[2419, 1106, 504, 1423, 472, 787, 187, 1382]"
1694,1108,Brother MFC-9970CDW Color Laser All-in-One with Wireless Networking and Duplex,29,[],[1793],"[2033, 1557, 1888, 786, 758, 151, 1414, 1752, 1198, 86, 1429, 2010, 1988, 1201, 917]"
1695,1030,Brother HL2230 Monochrome Laser Printer (HL2230),29,[],"[86, 151, 870]","[1863, 1518, 115, 819, 1593, 2032, 447, 1813, 151, 49, 664, 378, 870, 1103, 1206, 587, 86, 1583, 1560, 421, 232, 912, 1218, 1190, 477, 1295, 1432, 786, 1115, 2071, 1178, 705, 1988, 1033]"
1696,816,"Dirt Devil Reconditioned Micro Shredr, 16-Sheets",11,"[1266, 143, 621, 581, 532, 156, 1245, 217, 488, 932, 1109, 625, 1873, 622]",[],[]
1697,1576,Epson WorkForce 60 Wireless Color Inkjet Printer (C11CA77201),29,[],"[182, 655, 79]","[508, 182]"
1698,70,"Epson WorkForce 840 Wireless All-in-One Color Inkjet Printer, Copier, Scanner, Fax (C11CA97201)",29,[],"[58, 182]","[61, 182]"
1699,161,"Post-it Wall Pockets, Multiple Sizes, Clear with Dots, 3-Pack",18,"[1150, 67, 76, 2378, 20, 9, 80, 229, 15, 370, 131, 1769, 1758]",[],"[76, 80, 15, 1769, 1472, 1758, 2189, 20, 2378, 1617, 131, 2070, 10, 295, 370, 82, 669, 13, 2310, 9, 659, 589]"
1700,2351,Clarity XLC3.4 Amplified Cordless Phone (59234),37,[],[],[821]
1701,1998,Samsung Color Laser Printer (CLP-325W),29,[],[],[990]
1702,1999,Refills for Bullet Fisher Space Pen 3 Pack Black SPR4,39,"[1731, 909, 2256, 1220]",[],"[2256, 1220, 909, 1251, 1731]"
1703,1757,Brother Printer LC75M High Yield (XL Series) Magenta Cartridge Ink - Retail Packaging,28,"[2001, 1038, 783, 1595, 1703, 1196, 1773, 2026, 2354, 2380, 1303]",[],"[1595, 1752, 583, 2026, 151, 49, 1773, 2354, 2380, 2376, 2001, 911, 421, 1577, 783, 1703, 1196, 1988, 484, 2349, 737]"
1704,2000,Assorted All Occasion Greeting Cards 30 Pack,25,[2031],[],[]
1705,984,Canon Pixma MX410 Wireless Office All-In-One Printer (4788B018),0,[],"[474, 642, 496]","[521, 474, 642, 1261, 1706, 273, 512, 496]"
1706,1184,Canon PIXMA MX420 Wireless Office All-in-One Printer (4789B018),29,[],"[474, 642, 187, 496]","[474, 642, 496]"
1707,688,Canon Pixma MX882 Wireless Office All-in-One Inkjet Printer (4894B002),29,[],"[826, 187, 444]","[1776, 649, 873, 444, 1189, 187, 980, 446, 1568, 530, 49]"
1708,716,Canon Pixma iX6520 Inkjet Printer (4895B002),29,[],"[826, 627, 1436, 444]","[168, 649, 530, 873, 477, 1435, 786, 336, 770, 2161, 980, 920, 1568, 444, 430, 2202, 627, 549]"
1709,366,"Wilson Jones WorkStyle Erasable-Tab Index Dividers, 5-Tab, Midori Style, Multi-Color (W31603)",22,"[181, 363, 174, 435, 82, 1472]",[],"[1050, 903, 840, 1769, 1472, 1758, 1150, 181, 363, 1617, 53, 1481, 174, 82, 243, 2310, 435, 733, 683, 557]"
1710,316,"Wilson Jones Resource Recycled 3-Ring Binder, Durable Hinge, 1 Inch Capacity, Green (W31920)",1,"[1740, 51, 181, 363, 174, 366, 557]",[],"[2072, 840, 1769, 1472, 49, 378, 181, 89, 363, 1617, 112, 1060, 366, 2070, 1807, 174, 292, 1086, 82, 114, 1053, 243, 733, 557, 1523]"
1711,174,"Wilson Jones Recycled Bliss Binder, Round Rings, 1 Inch Capacity (W31500)",1,"[1740, 181, 363, 2051, 1617, 1472, 366, 557]",[],"[1050, 903, 840, 1165, 1472, 181, 34, 363, 1617, 2070, 366, 2359, 890, 1086, 82, 114, 1624, 243, 435, 733, 557]"
1712,272,"Wilson Jones Cut and Sewn Binder, Round Rings, 1 Inch, Brick Red (W31903)",1,"[181, 363, 174, 1769, 366]",[],"[2072, 840, 1769, 1472, 1758, 181, 363, 1617, 2070, 366, 1636, 174, 2017, 1086, 82, 114, 1286, 243, 2310, 733, 557, 1523]"
1713,611,Stanley Bostitch EZ Squeeze 40 Flat Clinch Reduced Effort Stapler (B9040),31,"[344, 820, 944, 652, 612, 285, 773, 124, 1813, 590, 1704, 1056, 1373, 303, 1335, 244]",[],[]
1714,612,Stanley Bostitch EZ Squeeze 75 Flat Clinch Reduced Effort Stapler (B875),31,"[611, 652, 773, 124, 1813, 590, 1335]",[],[]
1715,553,"Quartet Wireless Remote and Laser Pointer, Class 2, Small Venue, Black (84502)",27,"[527, 1273, 986, 518, 955]",[],[]
1716,1577,"Brother Laminated Tape Black on White, 18mm (TZe241) - Retail Packaging",22,"[1170, 1105]",[],"[1105, 1635, 296, 1625, 543, 635, 1569, 1355, 2213, 1713, 313, 109, 439, 1602]"
1717,2352,"Brother Tape, Retail Packaging, 3/8 Inch, Black on Red (TZe421) - Retail Packaging",24,"[1577, 1170, 1105, 1602]",[],"[1105, 1355, 296, 840, 94, 1617, 484, 945, 1577, 151, 1170, 1602]"
1718,756,Stanley Bostitch QuietSharp Glow Classroom Electric Pencil Sharpener (EPS11HC),39,"[591, 847, 371, 517, 1300, 576, 654, 2153, 684, 387, 506, 861, 575, 610, 864, 637, 278, 687, 878, 1917, 1199, 888, 337, 287, 661]",[],"[1199, 861, 1135, 337, 774, 684]"
1719,652,Stanley Bostitch EZ Squeeze 130 Flat Clinch Reduced Effort Stapler (B8130),31,"[611, 378, 344, 1218, 1458, 2124, 612, 124, 1813, 590, 1704, 1373, 140, 244, 139]",[],"[735, 1218, 1807, 1458, 612, 1055, 1264, 1813, 590, 1322, 421, 140, 1335]"
1720,379,"Smead TUFF Hanging Folder with Easy Slide Tab, Letter Size, Standard Green, Box of 20 (64036)",18,"[175, 1667, 1807, 251, 2082, 69, 1234, 313, 736, 421, 1950]",[],"[378, 1807, 699, 484, 421, 1635, 139]"
1721,653,Stanley Bostitch Minisharp Battery Pencil Sharpener (BPS1-BLK),39,"[591, 371, 517, 1300, 576, 654, 2153, 684, 387, 506, 575, 610, 637, 1497, 278, 687, 1917, 878, 888, 523]",[],"[1980, 903, 115, 1917, 523, 1082, 576, 698, 1497]"
1722,1758,"Post-it Tabs, 2-Inch Solid, Assorted Primary Colors, 6-Tabs/Color, 4 Colors, 24-Tabs/Pack",22,"[294, 1150, 1629, 76, 20, 1550, 1228, 2017, 82, 1769, 1472, 121, 589]",[],"[76, 1228, 840, 1769, 121, 1150, 1629, 20, 2005, 53, 1208, 1666, 161, 1134, 294, 331, 1550, 295, 1636, 2017, 82, 2374, 2381, 2310, 484, 2116, 769, 557, 589]"
1723,2353,"Cross Ballpoint Refill, Medium Black, 2 per card (8513-2)",39,"[1463, 1622, 2226]",[],"[1463, 1622, 2226, 1678, 1701, 803]"
1724,265,"BIC 4-Color Grip Ball Pen, Assorted colors, 1ct (MMPGP1-Ast)",39,[252],[],"[378, 181, 243, 859, 1636, 361, 2291, 252, 484, 1617, 206, 2374, 557, 589]"
1725,1759,"Avery Removable Labels, Rectangular, 0.5 x 0.75 Inches, White, Pack of 525 (6737)",22,"[859, 334, 2095, 1816, 112, 2350, 142, 1018]",[],"[494, 516, 859, 460, 543, 2085, 2095, 484, 1816, 112, 2350, 1215, 220, 1018, 1336]"
1726,1416,Fujitsu&nbsp;ScanSnap S1100 CLR 600DPI USB Mobile Scanner (PA03610-B005),30,[],"[1764, 1042, 695]","[634, 313, 151, 918, 1591, 2389, 2406, 1206, 955, 1869, 1042, 627, 2179, 1933, 86, 421, 1876, 786, 2237]"
1727,1298,Epson Stylus Photo R3000 Wireless Wide-Format Color Inkjet Printer (C11CA86201),29,[],"[369, 694]","[1610, 866, 1301, 1256]"
1728,2354,Brother Printer LC752PKS 2 Pack of LC-75BK Cartridges Ink - Retail Packaging,28,[],"[2380, 1773, 2001]","[516, 1595, 583, 2026, 313, 1757, 151, 49, 1557, 378, 2088, 505, 94, 1773, 2380, 2001, 1807, 1114, 1933, 2325, 1322, 1038, 1230, 2392, 783, 1178, 1703, 871, 1196, 705, 1988, 484, 769, 1234]"
1729,1578,Kodak P811 8x10 Personal Photo and Negative Scanner,30,"[1718, 743, 470, 866, 307, 825, 1416, 1430, 1116, 954, 723, 2020, 1971, 695, 1561, 1790, 477, 1435, 1101]",[],[]
1730,317,"Post-it Pop-up Notes Dispenser for 3 x 3-Inch Notes, Pink, Heart Shape",25,"[2372, 399, 15, 424, 2099, 1661]",[],"[2372, 399, 424, 1343, 1167, 1661]"
1731,2001,"Brother Printer LC753PKS 3 Pack- 1 Each LC75C, LC75M, LC75Y Ink",28,[],"[2354, 2380, 1773]","[1595, 1752, 583, 2026, 447, 1757, 151, 49, 1773, 2354, 2380, 2349, 2325, 783, 1703, 1196, 705, 1988, 1201]"
1732,2355,Kodak ESP C310 All-In-One Printer,0,[],"[2003, 74]","[1100, 2014, 1032, 2003, 810]"
1733,593,"Pilot FriXion Point Erasable Gel Pens, Extra Fine Point, 3-Pack, Black Ink (31578)",39,[],[],"[1150, 1472, 82, 907, 678, 1112, 1286, 587]"
1734,486,"Quartet Magnetic Whiteboard, 8.5 x 11 Inches, Frame Color May Vary (21-580342Q)",26,"[441, 1770, 73, 189, 362, 843, 178, 160, 2180, 1164, 394, 223, 1966, 546, 37, 2357]",[],"[189, 1770, 362, 843, 160, 1663, 484, 1013, 2370, 37]"
1735,2002,J Herbin 1670 Anniversary Red Fountain Pen Ink,39,"[1837, 1003, 1587, 708, 1833, 2196, 2327, 2330, 965]",[],"[1837, 1587, 708, 1833, 1020, 2196, 2327, 891, 2330, 965, 1332, 2220, 902, 1475]"
1736,871,"Avery Filler Paper, 5.5 x 8.5 Inches, 100 Sheets (14230)",25,"[1104, 82]",[],"[1150, 2072, 505, 1617, 698, 2058, 1969, 82, 1769, 1758, 1924]"
1737,1109,Aleratec Shredder Lubricant Sheets - White (240165),24,[],"[2047, 532, 156]","[581, 532, 156, 217, 625, 49, 2047, 378, 1245, 196, 1042, 1202, 1330, 525, 622, 488, 1873, 508, 139]"
1738,528,OBi100 VoIP Telephone Adapter and Voice Service Bridge,37,[],"[2419, 552, 2030]","[2008, 412, 1299, 580, 552, 2030]"
1739,2356,"Compatible Toner Cartridge to Replace Brother TN450, Black",28,[],"[819, 151, 1190]","[1417, 2262, 1190, 2088, 2154, 819, 968, 86, 1988, 1033, 1018, 1384]"
1740,717,HP 564XL CN684WN#140 Ink Cartridge in Retail Packaging-Black,28,[],"[1993, 1111, 1079, 1783]","[1783, 1176, 1914, 1569, 447, 2253, 1161, 1748, 49, 804, 1014, 1531, 1252, 2038, 1076, 1079, 2326, 112, 1427, 2376, 1993, 887, 1077, 1255, 1506, 1775, 1583, 1322, 2122, 1240, 1178, 1111, 692, 1369, 1368]"
1741,2357,Board Dudes 18&quot; x 22&quot; Magnetic Dry Erase CorX Board (13467UA-4),26,"[441, 1770, 362, 843, 1730, 178, 1164, 884, 223]",[],"[1770, 1217, 1730, 1390, 500, 361, 5, 49, 2370, 494, 378, 1662, 1663, 2245, 1443, 154, 1013, 1167, 37, 587, 362, 158, 1136, 1637, 421, 223, 843, 1419, 484, 56, 1164, 2168, 736, 1966, 1976, 850]"
1742,689,Cyborg G.L.I.D.E. 5 Gaming Surface,11,[],[],[]
1743,184,"Scotch Multi-Purpose Fasteners, 5/8 x 5/8 Inch, Black, 16 Sets per Pack (RF7061)",35,"[256, 8]",[],[]
1744,398,"Post-it Pop-up Notes Dispenser for 3 x 3-Inch Notes, Includes Canary Yellow Notes and Designer Insert",11,"[2116, 2099, 15]",[],[]
1745,2003,Kodak 8781098 30B/30C Ink Cartridge - Combo Color-Black,28,"[2305, 1100, 2014, 1099, 1032, 810]",[],"[810, 1493, 49, 1100]"
1746,1110,DigiOrange&reg; 200 Shipping Labels White Blank Half Page Self Adhesive for Laser Inkjet Printer,22,"[38, 460, 1659, 1379, 304, 1421, 1562, 1625, 550, 1231, 967, 1018, 109, 1700, 853, 1418, 466, 2004, 543, 335, 2384, 915]",[],"[1863, 38, 1660, 1659, 1379, 49, 852, 1147, 1421, 2289, 449, 1562, 1088, 1312, 1765, 958, 550, 1422, 112, 1009, 2181, 1700, 1018, 109, 1068, 853, 1658, 1864, 171, 613, 466, 2004, 47, 543, 1349, 1865, 741, 1905, 915]"
1747,2004,"DigiOrange&reg; White Adhesive Labels for Laser/Inkjet Printers, 2.62&quot; x 1&quot; x 30, 3000 Labels",22,"[1447, 2039, 109, 460, 466, 1379, 392, 1684, 112, 1110, 142, 1700, 1018, 249]",[],"[1863, 1660, 1379, 151, 49, 494, 378, 1562, 2039, 2088, 407, 1088, 2227, 958, 112, 1110, 966, 1700, 1018, 2087, 109, 587, 853, 1149, 1684, 421, 466, 1322, 1295, 543, 484, 547, 1905, 915]"
1748,2005,"Universal Economy Sheet Protectors Economy Letter 200/Box, UNV-21127",1,[],"[733, 1086, 840]","[1980, 2072, 115, 840, 1758, 49, 1309, 494, 1473, 2088, 505, 1137, 635, 1663, 2195, 745, 2070, 2087, 1018, 966, 587, 2078, 1807, 1159, 1264, 1086, 1637, 421, 1322, 2381, 1139, 800, 484, 769, 736, 1713, 557, 850, 139]"
1749,2358,Panasonic KX-TG6632B DECT 6.0 Cordless Phone with Answering System - 2 Handsets - Black,37,"[1040, 1438, 2390, 1972, 729, 2360, 412, 872, 1973, 1768, 1044, 1936, 2006, 993, 247, 2324, 1600]",[412],[]
1750,417,Panasonic KX-TG6643B DECT 6.0 Cordless Phone with Answering System - 3 Handsets - Black,37,"[1040, 1438, 1972, 2360, 596, 412, 872, 580, 522, 1183, 1044, 247, 1600]",[412],[]
1751,247,Panasonic KX-TG7643M dect 6.0 Link-to-Cell Bluetooth Cordless Phone with 3-Handsets,37,[],[],[79]
1752,872,"Panasonic KX-TG7623B DECT 6.0 Link-to-Cell via Bluetooth Cordless Phone, Black, 3 Handsets",37,"[1040, 1438, 1972, 2360, 412, 1973, 522, 1183, 1044, 247]",[],[]
1753,690,"House of Doolittle Academic Weekly Planner, 8.5 x 11 Inch 12 Months August 2011 to July 2012 Black Planner, Recycled, Made in the USA (HOD257202)",5,"[2410, 2317]",[],[]
1754,1760,Texas Instruments Nspire CX CAS Graphing Calculator,4,[],[],"[1185, 1633]"
1755,1185,TI-36X Pro Scientific Calculator,4,[],"[599, 1359, 1590]","[23, 907, 599, 505, 1729, 206, 1633, 1925, 1903, 2058, 1760, 1590, 1919, 886, 243, 2009, 865, 1648, 557, 1559]"
1756,1761,Uniden DCX291 Amplified Cordless Phone Accessory Handset for the Uniden D2997 series,37,[],[2391],[2391]
1757,367,"Post-it Pop-up Notes Dispenser for 3 x 3-Inch Notes, Black, Pebble Collection by Karim",11,"[2372, 317, 399, 10, 15, 798, 245, 424, 2116, 2238, 2190, 659, 2099]",[],"[2372, 317, 399, 699, 798, 245, 424, 53, 2116, 2238, 1343, 659]"
1758,1762,"Post-it Pop-up Notes Dispenser for 3 x 3-Inch Notes, Pebble Collection by Karim, Assorted Colors",11,"[2372, 317, 399, 15, 424, 2190, 2099, 1661]",[],"[1473, 1150, 2372, 317, 361, 245, 424, 2116, 1343, 270, 2099, 1661]"
1759,222,"Scotch Restickable Tabs, 0.5 Inch squares, 72 Tabs (R103)",35,"[2057, 2260, 90, 1710, 1047, 263, 170, 1446, 1456, 8]",[],"[516, 2057, 62, 49, 8, 1473, 90, 635, 170, 109, 592, 1710, 699, 1799, 1456, 220, 941, 47, 484, 736, 263]"
1760,985,Motorola DECT 6.0 Enhanced Cordless Phone with Digital Answering System L701,37,[],"[1106, 2027]","[1837, 1420]"
1761,2359,"Top Flight Two Pocket Portfolio with Tangs, Assorted Colors, 6 Pack (4660250)",18,"[903, 243, 800, 890, 2168, 2386, 1367, 1464]",[],"[1050, 903, 215, 1082, 774, 1204, 1367, 1464, 505, 1969, 2386, 1134, 1481, 890, 2058, 1924, 1624, 243, 800, 1504, 2168, 1648, 557, 1755]"
1762,30,"Scotch Super Glue Liquid in Precision Applicator, 0.14 oz (AD124)",35,"[47, 914, 19, 1528]",[],"[47, 19]"
1763,2006,"Panasonic KX-TGA660B Extra Handset for 762X and 663X Series Cordless Phones, Black",37,[],[],[1768]
1764,136,"Stained by Sharpie Brush Tip Fabric Markers, 8 Colored Markers (1779005)",39,"[845, 1078, 2235, 119, 188]",[],"[845, 1350, 1078, 2235, 2395, 119, 1216]"
1765,1031,"VTech CS6409 DECT 6.0 Accessory Handset Cordless Phone, Silver/Black, 1 Accessory Handset",37,[],"[580, 2008, 1299]","[2419, 2007, 504, 2008, 1299, 580, 472, 231, 473]"
1766,580,"VTech CS6419-2 DECT 6.0 Cordless Phone, Silver/Black, 2 Handsets",37,[],"[412, 1031, 1299]","[2419, 1667, 2007, 1031, 528, 504, 2008, 1299, 412, 1423, 821, 472, 1574]"
1767,2007,"VTech CS6429-4 DECT 6.0 Cordless Phone, Silver/Black, 4 Handsets",37,[],"[2360, 1183]","[2419, 1031, 580]"
1768,2360,"VTech LS6425-3 DECT 6.0 Cordless Phone, Black/Silver, 3 Handsets",37,[],"[1183, 412]","[2419, 472, 1431, 2041]"
1769,2361,"AT&amp;T CL82301 DECT 6.0 Cordless Phone, Silver/Grey, 3 Handsets",37,[],[1183],[]
1770,2008,"VTech CS6419 DECT 6.0 Cordless Phone, Black/Silver, 1 Handset",37,[],"[580, 1299]","[2419, 115, 1031, 528, 504, 1423, 1299, 580, 472, 473]"
1771,1299,"VTECH CS6114 DECT 6.0 Cordless Phone, White/Grey, 1 Handset",37,[],"[580, 1031, 412]","[2419, 1091, 2394, 2267, 528, 1031, 1106, 504, 1930, 412, 1423, 2008, 821, 636, 472, 1574, 49, 1382]"
1772,2009,Uni Kuru Toga Roulette Model Auto Lead Rotation Mechanical Pencil 0.5 mm - Gun Metallic Body,39,"[493, 1729, 23, 2315, 1678, 848]",[],"[1643, 1512, 2076, 1082, 2315, 493, 2327, 23, 1678, 907, 795, 848, 2098, 1053]"
1773,2362,LexMod Edge Office Chair with Mesh Back and Black Leatherette Seat,8,"[802, 1781, 2344, 2341, 1978, 1555, 1673]",[],"[802, 361, 5, 590, 1673, 49, 630, 1260, 587, 1807, 998, 1008, 699, 1933, 1316, 1583, 850, 1235, 1616, 762, 1218, 746, 1107, 1419, 1555, 736, 835, 589]"
1774,1579,"Rubbermaid RM-P2 2-Step Molded Plastic Stool with Non-Slip Step Treads, 300-Pound Capacity, Black Finish",8,[],[],[2192]
1775,2363,"C-Line 13-Pocket Expanding File, Includes Tabs, Letter Size, 1 Expanding File, Plaid Design (58312)",18,"[1060, 159, 1666, 183]",[],"[1050, 1676, 115, 840, 361, 1232, 1509, 49, 494, 378, 183, 505, 1662, 1663, 1060, 2386, 1666, 1134, 1807, 2083, 998, 1949, 1925, 1008, 295, 1637, 421, 1322, 1624, 243, 865, 484, 733, 557, 1523, 1665, 139]"
1776,2364,Canon MP280 All-in-one Printer (4498B030),29,[],"[474, 642, 496]","[474, 642, 1261, 1706, 273, 496]"
1777,718,"Brother Printer Wireless Monochrome Printer, Dark Grey (HL2280DW)",29,[],"[86, 151, 1033, 1431]","[819, 156, 2032, 447, 1509, 151, 49, 378, 1103, 1807, 1276, 86, 1190, 1988, 1033, 740, 736, 557, 850]"
1778,1417,"Brother Printer MFC7360N Monochrome Printer with Scanner, Copier &amp; Fax and built in Networking",29,[],"[151, 1033, 917, 1431]","[1598, 1518, 819, 1934, 151, 49, 917, 870, 1103, 2010, 2043, 1933, 86, 1190, 1295, 705, 1988, 1033, 850, 139]"
1779,917,"Brother Printer MFC7860DW Wireless Monochrome Printer with Scanner, Copier &amp; Fax",29,[],"[151, 1033, 1431]","[1518, 819, 1429, 583, 151, 49, 494, 870, 1103, 2010, 1953, 911, 86, 1108, 2033, 1417, 705, 1988, 1033, 1368, 139]"
1780,2010,"Brother MFC7460DN Ethernet Monochrome Printer with Scanner, Copier &amp; Fax",29,[],"[151, 1417, 1033, 917]","[1518, 819, 1975, 1429, 2284, 151, 917, 1557, 870, 1103, 1953, 86, 1478, 1108, 912, 2033, 1417, 705, 1988, 1033]"
1781,2011,"SentrySafe H4300 Fire-Safe Waterproof Security File, 0.7 Cubic Feet, Silver Gray",19,[],[],"[156, 2082, 421, 736, 525, 1950]"
1782,1186,Furinno Adjustable Vented Laptop Table Laptop Computer Desk Portable Bed Tray Book Stand Multifuctional &amp; Ergonomics Design Dual Layer Tabletop up to 17&quot;,11,"[1596, 2338, 2287, 1296]",[],"[2287, 1358, 1192, 836, 86, 1614, 740, 1296]"
1783,1300,"X-ACTO Spira Electric Pencil Sharpener, Black - Packaging may vary",39,"[371, 517, 576, 654, 2153, 653, 684, 387, 506, 575, 1497, 278, 662, 687, 1917, 878, 888, 523, 337, 1755, 661]",[],"[1980, 903, 1317, 1672, 115, 1082, 774, 1906, 654, 590, 1367, 1464, 845, 494, 506, 1473, 505, 34, 1662, 698, 2386, 966, 2087, 1134, 587, 2078, 944, 1925, 1917, 890, 1264, 1637, 2381, 1135, 243, 800, 484, 2168, 1921, 1755, 1336, 139]"
1784,1763,Regency Baker's Twine Cone red and white,16,[1892],[],"[368, 1677]"
1785,757,Fiskars 12 Inch Bypass Bamboo Base Titanium Carbide Blade Paper Trimmer (01-005744),10,"[592, 605, 318, 267, 916, 578, 284]",[],[]
1786,758,Belkin Loft for Macbook,11,[],[740],"[834, 536, 836, 2116, 740, 1108, 1479, 835, 49, 2078]"
1787,1032,Kodak ESP 2170 All-in-One Printer,0,[],"[2003, 187]","[2014, 2003, 810, 1100]"
1788,918,HP Officejet 100 Mobile Printer,29,[],"[2179, 1114, 761]","[1876, 2121, 1113, 1473, 1591, 1416, 1276, 1304, 2179, 1114, 1593, 2389, 695, 2116, 1322, 1042]"
1789,101,"Scotch Restickable Shapes,7/8 x 7/8 Inches, Orange, Pink, or Blue (colors may vary), 18 pieces (R100CS)",35,[90],[],[]
1790,1111,HP 564XL CN684WN#140 Ink Cartridge 2-PACK in Retail Packaging-Black,28,[],"[1993, 717, 1783]","[541, 1783, 1176, 717, 1161, 1748, 49, 804, 1070, 1531, 407, 2038, 1076, 1079, 1427, 1635, 1993, 2179, 1933, 1255, 75, 19]"
1791,2365,"Staedtler Rally Graphite #2 Pencil, 12-Each (9122-2B12)",39,"[2282, 903, 698, 1053, 2377]",[],"[1134, 903, 2282, 687, 1135, 1082, 1777, 23, 698, 890, 1716, 1969, 1084, 1872, 1924, 1755, 1053, 2377]"
1792,2012,"Paper Mate InkJoy 300 RT Retractable Medium Point Ballpoint Pens, Assorted Colors, 24 Pack (1781568)",39,"[2023, 157, 2084, 34, 894, 1692, 1063, 53, 1165, 678, 1529, 84, 116]",[],"[1221, 903, 774, 678, 1529, 654, 845, 494, 2023, 34, 1662, 53, 84, 1051, 1167, 1134, 1481, 1925, 894, 1244, 1692, 1259, 1616, 842, 1624, 484, 195, 1061, 589, 2078]"
1793,34,"Paper Mate InkJoy 300 RT Retractable Medium Point Ballpoint Pens, Assorted Colors, 8 Pack (1781564)",39,"[903, 1228, 1165, 678, 1529, 2023, 494, 505, 2012, 53, 84, 1134, 157, 1481, 1925, 1949, 894, 1692, 890, 2058, 116, 243, 484, 195, 1336]",[],"[1050, 903, 1082, 774, 1228, 1468, 1165, 2023, 1150, 505, 53, 206, 1969, 1134, 1481, 1925, 1949, 859, 890, 2058, 1924, 842, 243, 800, 484, 195, 2168, 19, 557, 1755, 1336]"
1794,1033,Brother Printer DCP7065DN Monochrome Laser Multi-Function Copier,29,[],"[86, 151, 718, 917]","[581, 819, 156, 2032, 151, 1122, 49, 917, 378, 870, 1103, 2043, 1276, 1136, 86, 1030, 421, 1417, 536, 1115, 1107, 1988, 484, 2078]"
1795,175,"Pendaflex Ready-Tab Hanging File Folder, Assorted Colors, 1/5 Cut Tabs, Letter, 20-Box",18,"[1667, 1514, 1807, 9, 251, 1211, 2082, 421, 736, 1950]",[],"[49, 1514, 407, 321, 251, 1583, 484, 421, 1628, 1167]"
1796,1580,Kensington Solemate Comfort Footrest with SmartFit System (K56144US),20,"[1090, 423, 904, 443, 293, 658, 1614]",[],"[1090, 1673, 1239, 1008, 904, 1358, 361, 293, 1797, 940, 740, 142, 835, 1479, 1861]"
1797,44,"Avery Sticky Notes, 3 x 3 Inches, Assorted Pastel Colors, 200-Sheets (22541)",25,[],[],[]
1798,50,"Avery Flags, 0.5 Inch, Standard Colors, 100 Flags (22569)",25,[],[],[]
1799,67,"Avery Sticky Notes See-Through, 3 x 3 Inches, Yellow, 50 Sheets (22585)",25,"[1150, 76, 96, 229, 1228, 370, 2116, 9, 1635, 161]",[],"[20, 76, 2378, 96, 1228, 2017, 370, 9, 659, 1758, 1624]"
1800,41,"Avery Page Markers, 0.5 Inch, Bright Colors, 250 Markers (22549)",25,"[2092, 1150, 67, 2017, 9, 589]",[],[]
1801,57,"Avery Sticky Notes, Recycled, 3 x 3 Inches, Assorted Pastel Colors, 150 Sheets (22555)",25,[],[],[]
1802,40,"Avery Sticky Notes Cube, 3 x 3 Inches, Assorted Bold Colors, 400 Sheets (22546)",25,"[494, 2116, 1628]",[],"[1615, 800, 1139, 1628, 1167]"
1803,2013,Kodak i2600 Scanner,30,[],"[2367, 866, 786]","[2367, 1430, 1478, 232, 1771]"
1804,510,"Avery Sticky Notes, Perforated, 3 x 3 Inches, Citrus Colors, 135 Sheets (22552)",25,[],[],[]
1805,209,"Avery Sticky Notes, Perforated, 4 x 6 Inches, Citrus Colors, Ruled, 135 Sheets (22553)",25,[],[],[]
1806,96,"Avery Sticky Notes, See-Through, Large Arrow, 2.75 x 2.75 Inches, Yellow and Magenta, 60 Sheets (22590)",25,"[67, 76, 229, 2017, 370, 2228, 1769, 1758]",[],"[1150, 67, 2378, 76, 370, 2116, 1979, 131, 1769, 589]"
1807,1187,Compatible Ink Cartridge Replacement for Canon PGI225 and CLI226 (1 Large Black 1 Small Black 1 Cyan 1 Magenta 1 Yellow) 5 Pack,28,[],"[1776, 873]","[1776, 873, 1189, 2021, 1779, 466]"
1808,487,"GP Copy &amp; Print Paper, 8.5 x 11 Inches Letter Size, 92 Bright White, 20 Lb, 5 Reams/Carton (2500 Sheets) (998068C)",25,"[1582, 2160, 2102, 273, 1058, 1461, 1066, 447, 421, 49, 1368, 947]",[],"[1676, 115, 840, 273, 963, 313, 151, 1628, 49, 439, 494, 378, 1473, 505, 2102, 89, 407, 633, 1058, 1297, 112, 966, 2078, 1357, 1167, 587, 2376, 1807, 699, 2271, 1264, 421, 1235, 1322, 1212, 47, 484, 2116, 1234, 769, 19, 736, 1713, 557, 1368, 139]"
1809,2366,"Pentel Wow Retractable Ballpoint Pen, Medium Line, Pink Ink, Box of 12 (BK440-P)",39,"[1453, 2372, 1661, 34, 2012, 1165, 1670]",[],"[1453, 34, 2372, 1661]"
1810,210,"GP Ink Jet and Laser Paper, 8.5 x 11 Inches Letter Size, White, 3 Reams/Carton (1500 Sheets) (998072C)",25,"[49, 447, 487, 1066]",[],[]
1811,613,"American Weigh Scales Table Top Postal Scale, Black",16,"[1310, 449, 1566, 1294, 1097, 1379, 956, 1149, 1765, 547, 1608, 967]",[],"[38, 1660, 1677, 1659, 1379, 1232, 2289, 1421, 449, 1088, 1312, 958, 550, 1532, 1700, 1080, 853, 1138, 466, 220, 47, 543, 1349, 1865, 915]"
1812,273,"GP Copy &amp; Print Paper, 8.5 x 11 Inches Letter Size, 92 Bright White, 20 Lb, Ream of 500 Sheets (998067R)",25,"[1582, 938, 2160, 2102, 1257, 1058, 1066, 1461, 447, 49, 1368, 487, 947]",[],"[541, 1783, 1676, 893, 1390, 1141, 447, 963, 444, 1509, 49, 1628, 439, 2186, 494, 378, 2290, 451, 407, 1076, 1297, 111, 966, 487, 1394, 699, 2325, 2291, 1264, 421, 220, 243, 484, 2116, 1436, 182, 19, 1921, 826, 454, 139]"
1813,1188,"LD &copy; Canon PGI225 &amp; CLI226 Compatible Set of 14 Ink Cartridges: 4 Pigment Black PGI225, 2 each of CLI226 B/C/M/Y/G",28,"[1408, 1187, 1776, 649, 873, 444, 1189, 1779, 920, 530]",[],"[1408, 920, 530]"
1814,1189,"Sophia Global Compatible Ink Cartridge Replacement for PGI-225 CLI-226 PIXMA printers including MX882 MG8220 MX892 MG6220 (2 Large Black, 1 Small Black, 1 Cyan, 1 Magenta, 1 Yellow)",28,[],"[873, 530]","[1187, 873, 1581, 980, 530, 2336, 49]"
1815,1581,"Sophia Global Compatible Ink Cartridge Replacement for PGI-225 CLI-226 PIXMA printers including MX882 MG8220 MX892 MG6220 (1 Large Black, 1 Small Black, 1 Cyan, 1 Magenta, 1 Yellow)",28,[],"[1189, 873]","[1776, 873, 1189, 980, 444, 2336, 49]"
1816,873,"Sophia Global Compatible Ink Cartridge Replacement for PGI-225 CLI-226 PIXMA printers including MX882 MG8220 MX892 MG6220 (2 Large Black, 2 Small Black, 2 Cyan, 2 Magenta, 2 Yellow)",28,[],"[1189, 1581, 530]","[168, 444, 1189, 1466, 267, 770, 530, 2336, 49]"
1817,2367,Kodak i2400 Scanner,30,[],"[786, 866, 2013]","[2368, 1588, 2013, 1591, 1975, 2125, 1198, 1988, 2284, 1478, 1033, 917]"
1818,2368,Kodak i2800 Scanner,30,"[2013, 477, 2367, 866, 786, 307, 1016, 1115, 2379, 2406, 2407, 1430, 232, 2022, 1042, 751, 1771, 954]","[2367, 2013, 786, 1771]",[]
1819,185,"Scotch Box Sealing Tape Dispenser H122, 2 in",35,"[1467, 1080, 60, 62, 220, 171, 2346, 47, 543, 1331, 1274, 169, 2319, 1905, 254, 852, 48]",[],"[1467, 171, 1331, 2348, 151]"
1820,919,LINKYO&reg; Compatible Brother DR420 Black Drum Unit,28,[],"[1988, 151]","[819, 1429, 2032, 151, 49, 917, 378, 870, 2088, 1103, 2010, 1357, 1953, 968, 86, 421, 1190, 1988, 1033, 139]"
1821,28,"Avery Lay Flat Sticky Notes, 3 x 3 Inches, Bright Colors, 45 Sheets per Pad (3 Pack) (22594)",25,[],[],[]
1822,399,"Post-it Pop-up Notes Dispenser for 3 x 3-Inch Notes, Apple Shaped Dispenser, Includes 1 Canary Yellow Note",11,"[424, 317, 2099, 15]",[],"[424, 317, 270]"
1823,1418,"200 Half Sheet Shipping Labels, (2) - 8 1/2 X 5 1/2 Labels Per Sheet. Will Work in Both Laser and Inkjet Printers. Made of Heavyweight Material with Super Adhesive Sticker. For Use with Internet Postage Sites Like Ebay, Paypal. Stamps.com Ext... Same Size As the Avery&reg; 5126 Template",22,"[38, 460, 1379, 2289, 1421, 1562, 1625, 550, 1110, 2334, 1231, 1700, 853, 1276, 1560, 466, 2004, 107, 1349, 2384, 915]",[],"[1660, 1659, 1379, 1232, 49, 1147, 2289, 1421, 449, 1562, 2039, 1498, 1312, 958, 550, 112, 1009, 2334, 2181, 1700, 1018, 109, 1068, 853, 1658, 1864, 171, 613, 1274, 1684, 466, 2004, 47, 543, 1349, 1865, 741, 1905, 2384, 915]"
1824,1190,"Brother TN450 Compatible Toner Cartridge for use with Brother HL-2220, HL-2230, HL-2240, HL-2240D, HL-2270DW, HL-2280DW, MFC-7240, MFC-7360N, MFC-7460DN, MFC-7860DW, DCP-7060D, DCP-7065DN, IntelliFax-2840, IntelliFAX-2940 Printers - Black",28,[],"[819, 151, 1103]","[1911, 819, 1934, 1377, 151, 49, 1384, 494, 378, 870, 2088, 1103, 2087, 109, 718, 2262, 968, 86, 1030, 1417, 2356, 1988, 484, 2116, 1033, 139]"
1825,654,Prismacolor Premier Pencil Sharpener,39,"[753, 1849, 1300, 1906, 999, 1233, 506, 1010, 1497, 278, 687, 1917, 1716, 1084, 1544, 1623, 1814, 1455, 1755, 2377]",[],"[1010, 1672, 753, 1455, 1849, 1906, 999, 1814, 1233, 1544, 1623, 1755]"
1826,84,"Paper Mate InkJoy 700 RT Retractable Medium Point Advanced Ink Pens, 4 Colored Ink White Body Pens (1781586)",39,"[2023, 1371, 157, 34, 2012, 1661]",[],"[2023, 157, 1949, 34, 2012, 421, 1758, 1628]"
1827,2369,"Scotch Thermal Laminating Pouches, 8.5&quot; x 14&quot; Inches, 20 Pouches (TP3855-20)",27,"[191, 1699, 1098, 1328, 1163, 664, 137, 383, 94, 635, 1742, 1364, 1501, 1075, 194, 2205, 908, 437, 2071, 901, 104, 420, 25, 665]",[],"[1699, 618, 267, 1098, 2161, 1163, 664, 845, 137, 139, 1137, 1662, 94, 635, 1742, 1617, 1134, 2219, 1364, 393, 1086, 1501, 1075, 421, 194, 2205, 908, 437, 941, 901, 1644, 484, 25, 557, 665]"
1828,1112,"Clover Wonder Clips, 50 Per Pack",35,[],[],[]
1829,29,"Avery Steps Sticky Notes, Bold Colors, 150 Sheets (22592)",25,[],[],[]
1830,2014,10C Ink Cartridge - Color,28,[],"[1099, 810, 1100, 2305]","[2305, 1493, 1100, 1099, 2003, 810]"
1831,2015,"HP No. 61 Ink Cartridge,Twin Pack, Black",28,[],"[541, 978, 1569, 648]","[541, 706, 840, 1569, 447, 1505, 151, 1628, 49, 1309, 378, 1014, 978, 2088, 2102, 1103, 2326, 1507, 724, 966, 1993, 2130, 1995, 1583, 1212, 1876, 648, 761, 484, 589]"
1832,1301,Epson Stylus Photo R2000 Wireless Wide-Format Color Inkjet Printer (C11CB35201),29,[],"[369, 1298]","[1073, 86, 583, 1256, 1298, 1482, 2043, 2289, 917]"
1833,594,AmazonBasics 8 Digit Dual Power Calculator -Silver,4,[],"[1319, 1583, 1976]","[516, 1317, 1676, 115, 361, 1151, 963, 1204, 1319, 1628, 49, 1309, 494, 378, 139, 1473, 505, 89, 407, 633, 1260, 1969, 112, 745, 966, 2078, 1357, 109, 587, 487, 1134, 944, 998, 699, 2325, 1583, 1264, 1370, 846, 421, 1322, 1540, 1139, 47, 1396, 484, 2116, 1234, 769, 19, 736, 1713, 1976, 1049, 850, 1934]"
1834,488,"AmazonBasics 8-Sheet Strip-Cut Paper, CD, and Credit Card Shredder",24,[],"[156, 625, 525, 581]","[2047, 2376, 196, 452, 633, 1109, 447, 2064, 49]"
1835,2370,"Board Dudes SRX Dry Erase Markers, Medium Point, 10-Count, Assorted Colors. Packaging May Vary from Image (7162UA-24)",39,"[1770, 438, 843, 2300, 1662, 1663, 1164, 5, 1637, 1217, 1013, 37]",[],"[189, 1770, 903, 1730, 1390, 500, 5, 1464, 494, 378, 1662, 1663, 53, 1013, 2078, 37, 556, 362, 2300, 178, 2180, 890, 1637, 223, 843, 243, 800, 484, 1164, 1821, 1217, 1966, 2357]"
1836,1582,"HP Everyday Copy and Print Paper 20 Pound, 92 Brightness, Smooth White, 8.5 x 11 Inches, 400 Sheets (200010)",25,"[938, 2160, 2102, 1819, 1257, 941, 273, 1058, 1461, 1656, 1066, 447, 49, 1368, 487, 947]",[],"[706, 541, 1783, 1267, 1141, 447, 124, 1204, 1509, 49, 2186, 378, 1014, 978, 952, 451, 407, 281, 1252, 1079, 111, 1167, 60, 1394, 171, 1255, 421, 187, 220, 763, 168, 2015, 648, 243, 761, 484, 19, 787, 454]"
1837,333,"Smead Frame View Report Cover with Swing Clip, Letter Size, Clear Front, Portrait Orientation, Poly Oyster, 5 Pack (86044)",1,[2083],[],"[115, 1401, 963, 1472, 1628, 49, 1309, 494, 378, 1473, 407, 633, 53, 2195, 170, 2202, 966, 587, 294, 1394, 75, 1524, 421, 1322, 1743, 214, 484, 1976, 1234, 733, 19, 557, 589, 139]"
1838,400,"Smead Lockit Folder, Letter Size, Two-Pocket, Black, 25 per Box (87981)",18,[],[],"[460, 313, 1222, 49, 494, 378, 2005, 407, 1617, 587, 949, 2083, 1524, 421, 1817, 1373, 484, 736, 139]"
1839,986,"INFINITER 100 Red Laser Pointer, Black, Presentation Pointer",27,[],[],"[527, 955, 518]"
1840,2371,Sophia Global Remanufactured Ink Cartridge Replacement for HP 61 (1 Black),28,[],"[541, 648]","[763, 541, 978, 2015, 648, 49]"
1841,1583,Canon LS-82Z Business Calculator,4,[],"[1151, 1976, 1317]","[516, 1467, 1317, 1676, 115, 361, 1151, 124, 963, 1336, 49, 1628, 494, 378, 139, 1473, 505, 407, 633, 1728, 1470, 1260, 1969, 1869, 2078, 2087, 966, 587, 1134, 1713, 944, 1807, 421, 1235, 1322, 1624, 243, 1107, 2237, 1396, 484, 1333, 2116, 1976, 19, 736, 2214, 557, 1049, 850, 1934]"
1842,2372,"Post-it Pop-up Notes, 3 x 3-Inches, Assorted Pink Colors, 6-Pads/Pack",25,"[317, 15, 424, 659, 1661]",[],"[317, 424, 2116, 659, 1167, 1661]"
1843,1584,Mount-It! Articulating Single Arm Computer Monitor Desk Mount for 27-Inch Monitors (MI-751),11,"[1895, 1489, 1096, 2249, 1023]",[],"[1489, 2249, 1096]"
1844,2373,"Five Star 7-Pocket Customizable Expanding File, 13.75 x 10.75 Inches, Red (72705)",18,"[183, 228, 468, 2051, 2363, 172, 1060, 159]",[],"[903, 774, 1228, 2363, 1769, 49, 20, 183, 505, 53, 206, 1969, 1060, 2386, 2083, 2051, 890, 1057, 172, 1286, 243, 2310, 2168, 589, 1559]"
1845,1034,5 Checkbook Transaction Registers 2014-2015-2016 Calendars,19,[],[],[]
1846,1764,Doxie Go - Rechargeable Mobile Document Scanner,30,"[1307, 1045, 330, 1416, 723, 1442, 1734, 477, 786, 1315, 1115, 1177, 1912, 695, 232, 411, 1042, 1561]",[],"[581, 532, 156, 1245, 1125, 2343, 86, 625, 740]"
1847,2374,"Oxford 3X5 Glow Index Cards, Ruled, Assorted Colors, 300 Count (81300)",25,"[1050, 215, 2290, 243, 865, 53, 1134, 1624]",[],"[1050, 516, 1228, 840, 1468, 1336, 1758, 1628, 49, 1464, 494, 2290, 505, 34, 1662, 53, 2386, 2078, 1134, 1925, 894, 890, 1259, 1624, 243, 800, 865, 1419, 484, 557, 589, 139]"
1848,162,"Scotch Light Duty Packaging Tape 610 Clear Heat Resistant, 1 in x 72 yd (Pack of 1)",35,[220],[],"[171, 1357]"
1849,226,Scotch Safe Cut Package Opener (170B),10,"[2239, 1639, 1449, 484, 1650, 1391]",[],"[1639, 1650, 1391]"
1850,2375,Heritage Roll-Up Pencil Case (SPC36),11,[],[],"[1643, 1672, 753, 1455, 1849, 1244, 1716, 999, 654, 1814, 1623]"
1851,2016,Hewlett Packard 3050A Wireless All-in-One Color Photo Printer,29,[],"[541, 787, 978, 648]","[541, 565, 978, 2015, 648, 1995, 273, 1569, 2326, 1180, 487]"
1852,334,"Avery Permanent Square Label, White, Inkjet/Laser 1.5 x 1.5-Inches, Pack of 600, Use for QR Codes and Branding Your Packaging (22805)",22,"[1447, 335, 320, 68, 381, 368, 393, 382, 2095, 112, 349, 142, 304, 467]",[],"[1447, 320, 460, 304, 242, 1625, 112, 349, 142, 1231, 467, 109, 249, 1759, 393, 75, 382, 941, 368, 47, 2095, 335]"
1853,318,Westcott TrimAir Guillotine Wood Trimmer with Anti-microbial Protection (15106),39,"[592, 748, 757, 605, 267, 916, 578, 284]",[],"[908, 1295, 115, 635, 484, 2078]"
1854,1191,Canon imageCLASS MF3010 Laser Multifunction Printer (5252B001AA),29,[],"[86, 1432, 1431]","[1432, 2343, 273, 1033, 49, 487]"
1855,1765,"Accuteck Heavy Duty Postal Shipping Scale with Extra Large Display, Batteries and AC Adapter (A-ST85C)",16,"[1310, 449, 1566, 1294, 1097, 613, 1379, 956, 1149, 547, 1608, 967, 1421]",[],"[38, 1660, 1379, 1232, 49, 2289, 1147, 1421, 1625, 1331, 1312, 958, 550, 1009, 1231, 853, 1276, 171, 1370, 846, 466, 2350, 220, 1295, 47, 543, 1865, 741, 547, 9, 1676]"
1856,2376,HP 950XL CN045AN#140 Officejet Ink Cartridge-Black,28,[],[],"[1585, 1783, 1676, 1267, 447, 1569, 151, 772, 49, 378, 1557, 505, 1304, 2389, 1058, 810, 53, 745, 109, 1134, 911, 1807, 922, 1933, 1316, 1444, 1775, 2392, 786, 1178, 1257, 2019, 484, 1369, 736, 139]"
1857,380,"Scotch Dispenser by Karim C-36-W, White (051141929866)",35,"[1473, 317, 699, 798, 245, 1808, 587]",[],"[115, 361, 124, 378, 1473, 2066, 245, 2238, 1357, 1944, 736, 317, 699, 846, 421, 798, 484, 2116, 1343, 659]"
1858,1766,Canon PIXMA iP4920 Premium Inkjet Photo Printer (5287B002),29,[],"[826, 187, 430]","[1187, 1776, 649, 873, 444, 1412, 2021, 716, 770, 920, 980, 446, 542, 530, 1568, 549]"
1859,542,Canon PIXMA MG5320 Wireless Inkjet Photo All-in-One Printer (5291B019),29,[],"[826, 187, 444]","[1408, 1776, 649, 873, 444, 716, 1189, 2021, 920, 980, 530, 430, 549]"
1860,2377,"Staedtler Metal Sharpeners, Double Hole for Pencils and Colored Pencils 2 ea, 510 20BK2",39,"[2365, 687, 888, 1716, 1084, 654, 1544, 2153, 278, 1755, 1053]",[],"[903, 753, 1082, 774, 1906, 907, 795, 654, 1464, 1010, 698, 2386, 890, 1716, 1084, 2375, 1924, 1623, 1053, 2365, 1135, 243, 800, 1648, 1814, 1455, 1755, 1559]"
1861,1767,"CARL Angel-5 Pencil Sharpener, Blue",39,"[387, 506, 591, 371, 575, 687, 517, 888, 1917, 878, 337, 287, 756, 1084, 637, 2153, 278, 684]",[],"[903, 1777, 774, 1464, 1010, 1662, 698, 2386, 687, 1925, 890, 1084, 1053, 1135, 941, 800, 1648, 1755, 665]"
1862,614,"HON VL105 High-Back Executive Task Chair for Office or Computer Desk, Black",8,"[802, 1781, 2344, 755, 643, 609]",[],[]
1863,1302,Fellowes Powershred 75Cs 12-Sheet Cross-Cut Shredder (4675701),24,"[581, 1994, 532, 156, 217, 1594, 2047, 1245, 196, 992, 924, 1202, 143, 1330, 1109, 525, 622, 1266, 876, 983, 488, 1873]","[1245, 196, 532]",[]
1864,1768,"Panasonic KX-TG6671B DECT 6.0 Corded/Cordless Phone with Digital Answering System, Black, 1 Handset",37,[],[2390],"[1398, 378, 2394, 1417, 1730, 786, 1008, 412, 1775, 361, 745, 1264, 421, 2006, 49, 2030, 2078]"
1865,1769,"Semikolon Sticky Tab Markers, Assorted Colors (5100002)",22,"[1150, 1629, 76, 20, 229, 2017, 1758, 121]",[],"[1150, 20, 871, 295, 1244, 2017, 2310, 82, 1063, 1758, 589]"
1866,2017,"Semikolon Sticky Page Markers, Assorted Colors (5100001)",22,"[2092, 1150, 76, 20, 229, 1228, 53, 1769, 1758, 589]",[],"[2092, 1150, 76, 89, 34, 295, 1244, 1228, 589, 2228, 53, 1979, 1769, 659, 1063, 1061, 1053, 1758]"
1867,920,Canon PIXMA MG6220 Wireless Inkjet Photo All-in-One Printer (5292B002),29,[],"[168, 1779, 187, 514]","[168, 649, 530, 716, 2021, 1779, 770, 980, 542, 1568, 444, 549]"
1868,1035,Canon PIXMA MG8220 Wireless Inkjet Photo All-In-One Printer (5293B002),29,"[1408, 569, 132, 694, 583, 927, 586, 688, 1195, 179, 1927, 230, 862, 2038, 555, 554, 430, 627, 714, 567, 369, 1766, 1406, 446, 542, 722, 540, 187, 514, 716, 79, 783, 696, 1301, 920, 58, 102]",[],"[168, 649, 530, 1779, 770, 980, 1568, 444, 549]"
1869,1770,"Board Dudes SRX Magnetic Dry Erase Markers, 6-Pack, Assorted Colors (4560VA-12)",39,"[438, 843, 1821, 178, 37, 223, 160, 500, 2180, 1663, 1164, 884, 154, 1217, 1013, 2370, 556, 2357]",[],"[189, 441, 1730, 1390, 160, 500, 372, 599, 2370, 726, 1662, 1663, 1443, 154, 1013, 37, 556, 158, 178, 2180, 843, 243, 1419, 1164, 884, 223, 1966, 2357]"
1870,498,"Avery Removable Window and Wall Signage, InkJet, 8.5 x 11-Inches, White, Pack of 10 (22800)",22,"[393, 467, 381]",[],"[320, 381, 368, 393, 75, 2107, 349, 1328, 1448]"
1871,381,"Avery Removable Shelf Tags for Laser Printers, 2 x 2.25-Inches, Pack of 120 (22803)",22,"[335, 320, 498, 1759, 368, 334, 2095, 1816, 349, 382, 304, 467]",[],"[335, 320, 498, 334, 349, 382, 2384]"
1872,719,"Epson Stylus NX430 Wireless All-in-One Color Inkjet Printer, Copier, Scanner (C11CB22201)",29,[],[111],"[88, 938, 2402, 273, 508]"
1873,2378,"Post-it Super Sticky Full Adhesive Notes, 3 x 3-Inches, Assorted Ultra Colors, 12-Pads/Pack (F330-12SSAU)",25,"[1150, 1635, 6, 89, 229, 2116, 1979, 131, 9, 659, 2214, 1628, 161]",[],"[516, 76, 115, 589, 1336, 1758, 49, 1628, 494, 378, 1150, 67, 1473, 89, 1662, 407, 1663, 53, 131, 966, 2078, 1167, 161, 587, 96, 370, 850, 1979, 1264, 421, 1817, 1322, 1212, 659, 47, 484, 2116, 9, 736, 2214, 454, 1676]"
1874,131,"Post-it Super Sticky Full Adhesive Notes, 3 x 3-Inches, Assorted Ultra Colors, 4-Pads/Pack",25,"[1150, 20, 76, 2378, 229, 2017, 9, 659, 1758, 161]",[],"[76, 1769, 1758, 1150, 2378, 181, 34, 53, 1635, 161, 229, 1550, 1636, 370, 1979, 1286, 1624, 2310, 484, 2116, 2119, 9, 589]"
1875,102,"Epson Artisan 837 Wireless All-in-One Color Inkjet Printer, Copier, Scanner, Fax, iOS/Tablet/Smartphone/AirPrint Compatible (C11CB20201)",29,[],"[681, 230]","[1402, 681, 1087]"
1876,595,"Epson Artisan 730 Wireless All-in-One Color Inkjet Printer, Copier, Scanner (iOS/Tablet/Smartphone/AirPrint Compatible) (C11CB18201)",29,[],[681],"[110, 487, 938, 681, 694, 273, 1402, 305, 1087, 102]"
1877,720,"HON Ignition Series Mid-Back Work Chair with Mesh Back and Adjustable Arms for Office or Computer Desk, Taupe",8,"[597, 785, 2341, 755, 781, 643, 1978, 646, 1673, 2362]",[],[]
1878,144,"Epson WorkForce Pro WP-4530 Wireless All-in-One Color Inkjet Printer, Copier, Scanner, Fax, iOS/Tablet/Smartphone/AirPrint Compatible (C11CB33201)",29,[],"[58, 319, 79]","[427, 655, 74, 1193, 79, 912, 850, 182, 421, 319, 966, 49, 2087]"
1879,319,Epson WorkForce Pro WP-4540 All-in-One Printer,29,[],"[58, 144, 79]","[494, 378, 427, 938, 655, 2332, 1193, 115, 74, 144, 182, 421, 736, 49]"
1880,320,"Avery Easy Peel Permanent Print-To-The-Edge Round Labels, Laser/InkJet, 2-Inch, Glossy White, Pack of 120 (22807)",22,"[335, 368, 393, 334, 2095, 349, 382, 304, 467]",[],"[1447, 38, 368, 460, 382, 1625, 334, 2095, 75, 142, 112, 349, 335, 304, 467, 463]"
1881,349,"Avery Printable Tags with Strings for Inkjet Printers, 2 x 3.5-Inches, Pack of 96 Tags (22802)",22,"[320, 381, 68, 368, 382, 334, 335, 304, 467]",[],"[1447, 320, 460, 1379, 334, 304, 357, 1611, 2320, 1625, 467, 498, 75, 466, 382, 68, 381, 1642, 368, 335]"
1882,382,"Avery Textured Print-To-The-Edge Arched Labels, Laser Printers, 3 x 2.25-Inches, White, Pack of 90 (22809)",22,"[320, 368, 393, 1625, 334, 1816, 349, 335, 304, 467]",[],"[320, 368, 1625, 334, 2095, 142, 1816, 112, 349, 335, 304, 467]"
1883,335,"Avery Easy Peel Print-To-The-Edge Permanent Labels, Oval, Laser/InkJet, 1.5 x 2.5-Inches, Glossy White, Pack of 180 (22804)",22,"[320, 368, 334, 2095, 349, 382, 304, 467]",[],"[2039, 320, 368, 460, 382, 334, 2095, 75, 112, 349, 142, 304, 467]"
1884,467,"Avery Printable Bag Toppers with Bags, Pack of 40 (22801)",22,"[335, 320, 381, 68, 498, 393, 368, 1625, 334, 349, 382, 304, 242]",[],"[320, 38, 368, 382, 334, 2095, 75, 142, 741, 112, 349, 335, 304, 242]"
1885,304,"Avery Permanent Square Label, White, Inkjet/Laser, 2 x 2-Inches, Pack of 300 (22806)",22,"[1447, 335, 320, 68, 368, 460, 393, 1625, 334, 2095, 1816, 112, 349, 382, 467, 242]",[],"[1447, 320, 433, 460, 1379, 334, 1421, 2068, 1625, 1816, 112, 349, 142, 1231, 109, 467, 392, 463, 152, 393, 75, 382, 941, 368, 2095, 484, 335, 1448]"
1886,368,"Avery Permanent Print-To-The-Edge Round Labels, Laser/InkJet, 2.5-Inch, Brown Kraft, Pack of 225 (22808)",22,"[335, 320, 68, 393, 334, 349, 382, 304, 467]",[],"[1447, 320, 68, 460, 1763, 382, 334, 2095, 112, 349, 335, 304, 467]"
1887,1192,Actto Green Portable Reading Stand/Book stand Document Holder (180 angle adjustable),11,"[1675, 1318, 629]",[],"[629, 843, 1729, 361, 865, 53, 1318, 2338, 557, 589, 835]"
1888,2379,Canon imageFORMULA DR-C125 Office Document Scanner,30,[],"[786, 1307, 1115, 232]","[1307, 1591, 723, 786, 1115, 1975, 1178, 1276, 1593, 1933, 86, 2284, 814, 1771]"
1889,61,"Epson WorkForce 845 Wireless All-in-One Color Inkjet Printer, Copier, Scanner, Fax, iOS/Tablet/Smartphone/AirPrint Compatible (C11CB92201)",29,[],"[58, 182]","[938, 1786, 297, 2040, 407, 2403, 182, 421, 58, 49, 508, 822]"
1890,305,"Epson WorkForce 545 Wireless All-in-One Color Inkjet Printer, Copier, Scanner, Fax, iOS/Tablet/Smartphone/AirPrint Compatible (C11CB88201)",29,[],"[182, 74, 79]","[938, 297, 508, 182, 1786, 822]"
1891,1193,Epson T676XL420 DURABrite Ultra 676 Inkjet Cartridge-Yellow,28,[],[655],"[655, 1676, 560, 1752, 840, 151, 319, 1628, 49, 494, 2102, 407, 966, 1807, 144, 1583, 421, 1322, 1212, 2099, 938, 941, 705, 484, 2116, 182, 736, 737, 139]"
1892,297,"Epson WorkForce 645 Wireless All-in-One Color Inkjet Printer, Copier, Scanner, Fax, iOS/Tablet/Smartphone/AirPrint Compatible (C11CB86201)",29,[],"[182, 79]","[79, 2040, 305, 2403, 182, 508]"
1893,655,Epson WorkForce Pro WP-4020 Wireless Color Inkjet Printer (C11CB30201),29,[],"[58, 79, 74]","[1113, 427, 1193, 179, 786, 1262, 1198, 144, 248, 58, 319]"
1894,103,Epson LabelWorks LW-400 Label Maker (C51CB70010),24,"[1285, 1105, 253, 108, 988, 431, 1420, 1772, 1170, 405, 71]",[],"[630, 532, 1176, 988, 94, 484, 1969, 736, 1772, 405]"
1895,108,Epson LabelWorks LW-300 Label Maker (C51CB69010),24,[],[],[]
1896,691,"Smead Expanding Wallet with Elastic Loop Closure, Letter Size, 2-Inch Expansion, Assorted Colors, 4 per Pack",18,"[183, 331, 1376, 2363, 1060, 1378, 1523, 1666]",[],"[1635, 2066, 1523, 484, 421, 49]"
1897,1771,Canon imageFORMULA DR-M160 Office Document Scanner,30,[],"[786, 2379]","[1307, 2013, 1778, 1591, 786, 1975, 1933, 2379, 1988, 2284, 2022, 151]"
1898,1194,Kodak ESP C315 Wireless Color Printer with Scanner &amp; Copier,24,[],[2003],[2003]
1899,1303,"Brother Printer MFCJ425W Wireless Color Photo Printer with Scanner, Copier and Fax",29,"[1201, 1439, 1593, 583, 529, 1440, 1191, 1122, 917, 230, 2038, 61, 724, 1784, 111, 2416, 88, 74, 336, 86, 446, 542, 722, 1038, 187, 1417, 79, 783, 58, 2349]",[],"[2354, 2001, 1038, 783, 1196, 86, 583, 1773, 2026, 1122, 2380, 49, 549]"
1900,783,"Brother Printer MFCJ825DW Wireless Color Photo Printer with Scanner, Copier and Fax",29,[],"[583, 1122, 1595]","[2349, 870, 2001, 156, 1595, 1182, 151, 1196, 86, 583, 1773, 2026, 1757, 2354, 2380, 49, 1303]"
1901,478,FAVI FP3-BL 2.4GHz Wireless Presenter Mouse with Laser Pointer,27,"[527, 128, 955, 1237, 1887]",[527],[]
1902,401,DYMO 1790417 500TS Touchscreen Handheld Label Maker,24,[],"[833, 71, 253]","[833, 1206]"
1903,1036,"Samsung SCX-4729FD/XAA Monochrome Printer with Scanner, Copier &amp; Fax",29,[],"[1037, 1431]","[1037, 921]"
1904,1585,"Genuine HP CR316BN 933XL Combo 3-Color, in Retail Packaging-1 Cyan XL/1 Magenta XL /1 Yellow XL",28,[],[1775],"[2376, 1473, 1176, 2102, 941, 1178, 2136, 1775, 1470, 1440, 1139, 49, 587, 139]"
1905,1037,"Samsung SCX-4729FW/XAA Wireless Monochrome Printer with Scanner, Copier &amp; Fax",29,[],[],"[1039, 1036, 923, 987]"
1906,921,SAMSUNG ML-2955ND Workgroup Up to 29 ppm in Letter Monochrome Laser Printer,29,[],[86],"[990, 1036, 273, 987, 86, 1039, 923, 1120]"
1907,987,Samsung ML-2955DW/XAA Wireless Monochrome Printer,29,[],"[86, 151]","[921, 923]"
1908,2019,"HP Officejet Pro 8600 Premium e-All-in-One Wireless Color Printer with Scanner, Copier &amp; Fax",29,[],"[1304, 922, 1444]","[2376, 2394, 2392, 1591, 2332, 2041, 1276, 1304, 1257, 922, 2389, 2284, 1478, 112, 49]"
1909,2018,HP Photosmart 6510 e-All-in-One Printer (B211a),29,[],"[804, 1783]","[1993, 1783, 952, 1111, 717, 1079, 1427, 804, 1748]"
1910,922,"HP Officejet Pro 8600 e-All-in-One Wireless Color Printer with Scanner, Copier &amp; Fax",29,[],"[1316, 1444]","[1730, 1975, 217, 1593, 49, 1113, 2332, 1304, 2389, 1479, 2376, 1933, 1316, 1775, 421, 763, 2392, 1781, 786, 1178, 1676]"
1911,1304,"HP Officejet Pro 8600 Plus  e-All-in-One Wireless Color Printer with Scanner, Copier &amp; Fax",29,[],"[922, 1444, 1316]","[2376, 2392, 1591, 2332, 1276, 1975, 922, 761, 2389, 1444, 2019, 1401, 736, 1108, 49]"
1912,1305,"Xerox XDM31255M-WU DocuMate 3125 Color Sheetfed Scanner for Documents and Plastic Cards converting them to Digital Files, 25ppm and 44ipm with One Touch Technology",30,"[2404, 1442, 2147, 1771, 2367, 1115, 786, 1016, 1315, 2379, 2406, 1430, 232, 860, 411, 1042, 751, 570]",[],"[2033, 1169, 1591, 786, 1115, 1975, 1276, 1016, 2389, 2055, 1429, 2284, 2217, 232, 151, 2278]"
1913,2381,Invisible Tape 3/4&quot; x 1000&quot; 1&quot; Core Clear 6/Pack,35,"[1676, 115, 1934, 963, 494, 1473, 378, 2088, 505, 1466, 633, 1260, 2078, 966, 1357, 2087, 587, 1944, 699, 846, 421, 1322, 2237, 484, 769, 551, 19, 1921, 1713, 139]",[],"[1398, 516, 1676, 115, 361, 124, 313, 49, 1628, 494, 378, 139, 1473, 2088, 505, 2102, 2005, 407, 633, 1470, 1260, 966, 2087, 587, 1134, 2078, 1713, 1807, 2325, 1583, 2271, 1264, 421, 1322, 1212, 220, 1107, 2237, 484, 2116, 1234, 769, 1921, 736, 2214, 557, 850, 1934]"
1914,2380,"Brother LC713PKS Innobella Standard Yield Ink Cartridge - 3 Pack - 1 Each of LC71C, LC71M, LC71Y - Retail Packaging-Cyan/Yellow/Magenta",28,[],"[2354, 1773, 2001]","[2047, 2354, 2001, 911, 1595, 1869, 1703, 1773, 447, 151, 2203, 1852]"
1915,1419,"Advantus Plastic Head Push Pins, Steel Point, Assorted Colors, 100 Per Box (CPOA)",35,"[1645, 158, 843, 2245, 434, 321]",[],"[1770, 1676, 115, 361, 434, 963, 49, 494, 378, 630, 1473, 2088, 505, 633, 2245, 1260, 1013, 966, 321, 37, 440, 587, 1134, 1615, 158, 1807, 998, 408, 421, 1235, 1322, 2374, 1624, 843, 2237, 865, 484, 2116, 1164, 884, 19, 736, 850, 139]"
1916,543,"S.P. Richards Company Package Sealing Tape, 3&quot;Core, 1-7/8 x 164 Feet, 6-Pack, Clear (SPR60041)",16,"[1863, 2097, 171, 47, 1088, 1331, 1274, 2319, 254, 1881, 852, 220]",[],"[1467, 1660, 1659, 1379, 1232, 1881, 49, 1889, 2289, 1421, 494, 1088, 1331, 958, 550, 1422, 1110, 1009, 1700, 1068, 1080, 853, 1274, 466, 2170, 484, 9, 1247, 915]"
1917,2020,Wolverine F2D14 14 MP 35mm Slides and Negatives to Digital Image Converter,30,[],[825],[477]
1918,520,"Five Star Advance Wirebound Notebook, 5-Subject, 200 College-Ruled Sheets, 11 x 8.5 Inch Sheet Size, Red (72815)",25,"[571, 183, 628, 468, 2051, 206, 1792]",[],"[903, 1529, 49, 1665, 183, 505, 34, 149, 1729, 53, 206, 1134, 1481, 1925, 1949, 894, 674, 1692, 1636, 2051, 890, 1185, 1325, 1760, 1624, 2365, 243, 484, 2261, 1820, 1755, 589, 1559]"
1919,156,"AmazonBasics 12-Sheet Cross-Cut Paper, CD, and Credit Card Shredder",24,[],"[532, 488, 625, 581]","[447, 963, 49, 2047, 1764, 378, 196, 407, 633, 1042, 1807, 74, 1431, 86, 1109, 187, 220, 79, 786, 182, 736]"
1920,784,"Bankers Box Holiday Ornament Storage Box, Large, Red/Green, 2 Pack (4654101)",23,[],[],[]
1921,1772,Epson LabelWorks Clear LC Tape Cartridge ~1/2-Inch Gold on Clear (LC-4TKN9),22,"[103, 108, 988, 431, 1170, 405, 71]",[],"[988, 405, 103, 108]"
1922,988,Epson LabelWorks Standard LC Tape Cartridge ~1/2-Inch Gold on Black (LC-4BKP9),28,"[103, 1105, 108, 431, 1772, 1170, 405, 71]",[],"[1615, 103, 108, 1772, 405]"
1923,1773,Brother Printer LC71BK Standard Yield Black Ink,28,"[2354, 2152, 2001, 1038, 783, 1595, 1703, 1196, 1757, 1182, 2380]",[],"[1628, 2354, 2001, 1807, 1595, 1103, 1703, 151, 2380, 49, 1368, 737]"
1924,2382,Parker Ingenuity Large Daring Black Rubber and Metal Chrome Trim (CT) 5th Technology Mode Pen (S0959230),39,[],[],[]
1925,402,"Quality Park 2-in-1 Giftcard-e-lope, Giftcard Mailer with Greeting Card Built-In, Assorted Holiday Decorated Designs, 4.5 x 6.3125 Inches, White Outer Mailing Envelope, Pack of 2 (65020)",16,[],[],[]
1926,817,Sentry GB20L Guardian Storage Box,23,"[1556, 2011]",[2011],[]
1927,1195,Canon PIXMA MG4120 Wireless Inkjet Photo All-In-One (5290B002),29,[],"[430, 187, 692]","[1586, 615, 693, 692, 554, 549]"
1928,989,Canon PIXMA MG3120 Wireless Inkjet Photo All-In-One (5289B019),29,[],"[693, 615, 692]","[1586, 693, 273, 692, 447, 615, 487]"
1929,1420,"Brother QL-700 High-speed, Professional Label Printer",24,"[1834, 103, 1105, 253, 1426, 108, 1276, 1835, 296, 1602, 1138, 898, 2278, 912, 2289, 1170, 405, 71]",[],"[1295, 1426, 1835, 985, 2415, 898, 1138, 1602]"
1930,2383,Rope King ST-300 Sisal Twine 300 feet,16,[1892],[],"[19, 1677, 1763, 24]"
1931,818,"Pilot Dr. Grip Full Black Retractable Ball Point Pen, Medium Point, Black Ink, Single Pen (36193)",39,"[1688, 1621, 1365, 573, 1620, 1484]",[],"[539, 1942, 1621, 1484, 871, 1365, 23, 573, 53, 1688, 1731, 1774, 1620]"
1932,656,Plantronics Audio 478 Stereo USB Headset (Audio 478),21,[],[],[740]
1933,1586,Canon PG-240XXL Office Products FINE Cartridge Ink,28,[],"[693, 615, 692]","[569, 693, 626, 452, 692, 447, 49, 615]"
1934,692,Canon PG-240XL Office Products FINE Cartridge Ink,28,[],"[693, 1586, 615]","[569, 474, 1586, 1852, 693, 626, 452, 555, 770, 1333, 447, 151, 496, 49, 615]"
1935,615,Canon CL-241XL Office Products FINE Color Cartridge Ink,28,[],"[693, 626, 692]","[569, 642, 474, 1586, 693, 626, 452, 692, 770, 447, 466, 49, 496]"
1936,71,DYMO LabelManager 160 Hand Held Label Maker,24,"[1285, 833, 807, 401, 103, 1105, 108, 253, 2165, 1276, 970, 1420, 1170]",[],"[592, 833, 1807, 1008, 589, 94, 736, 1277]"
1937,186,"BIC For Her Fashion Retractable Ball Pen, Medium Point, 1.0 mm, Assorted-Fashion Ink, 2 Count (FHAP21-ASST)",39,"[34, 2347, 1692, 1340, 118, 116, 200, 1661]",[],"[2372, 34, 2347, 118, 1661]"
1938,2021,15 Pack with CHIP Non-OEM Ink for PGI-225 CLI-226 Pixma ip4820 iP4920 MG5120 MG5220 MG5320 MG6120 MG6220 MG8120 MG8220 MX882,28,[],[530],"[1776, 49]"
1939,1196,"10 High Yield Compatible Ink Cartridge Combo, LC75  (4xBk, 2xC, 2xM &amp; 2xY)",28,[],"[2354, 1038, 2026, 2001]","[2354, 1190, 2001, 819, 783, 2178, 583, 1773, 2026, 1182, 1038, 49, 1676]"
1940,2022,Canon imageFORMULA DR-M140 Office Document Scanner,30,[],"[786, 2379, 1771]","[1276, 2379, 2055, 86, 2284, 2217, 1771]"
1941,2384,"100 Universal Labels&reg; - Full Page Shipping Labels - Heavyweight label that will works in all Laser &amp; Inkjet Printers, 8.5&quot; x 11&quot; Inch Label, Vertically Slitted on Back for Easy Peeling - Matte White - 100 sheets",22,"[320, 1418, 38, 368, 460, 393, 1625, 1379, 112, 1110, 382, 1328, 466, 915, 1231, 1421]",[],"[320, 1660, 460, 267, 1379, 1222, 1328, 49, 304, 2068, 407, 1625, 635, 958, 112, 1018, 853, 393, 421, 466, 220, 1642, 941, 368, 1644, 484, 1865, 1713]"
1942,52,"Bankers Box Home Organization, Large Storage Box, 2 Pack (4663701)",23,[],[],"[47, 1234, 1816]"
1943,693,Canon Office Products PG-240XL/CL-241XL with Canon GP502 Glossy Photo Paper - Combo Pack Ink,28,[],"[1586, 452, 615, 692]","[569, 642, 541, 474, 1586, 1807, 34, 452, 626, 692, 555, 1260, 770, 447, 1852, 49, 615]"
1944,97,"Fellowes Twist and Bind All-In-One Machineless Binding Kit, 4 Pack (5226304)",1,"[639, 618, 1179, 797, 660, 742]",[],[]
1945,1306,"ECR4Kids School Stack Resin Chair, 16&quot; Seat Height, Desert Sand, 6-Pack",8,[],[],[]
1946,2385,5 Packs of US Patented 125 Ink Cartridge For Nx125 Nx127 Nx420 Nx625 Workforce 320 323 325 520 Printer -2 Black T125120/ 1 Cyan T125220/ 1 Magenta T125320/ 1 Yellow T125420,28,[],[],"[1744, 447]"
1947,1038,Compatible Ink Cartridge Replacement for Brother LC-75 (8 Black 4 Cyan 4 Magenta 4 Yellow) 20 Pack,28,[],"[2354, 1196, 2026, 2001]","[2354, 2001, 819, 407, 1196, 2202, 635, 86, 1773, 2026, 19, 1182, 1122, 49, 1303]"
1948,819,"Compatible Brother TN450/420 Toner Cartridge HL 2240D/ 2270DW High Yield Toner (2,600 Yield) - Black",28,[],"[151, 1103]","[516, 1844, 1379, 1377, 447, 124, 151, 49, 917, 1384, 494, 378, 870, 1751, 2102, 407, 1103, 1018, 718, 2262, 968, 86, 1030, 1417, 1190, 2356, 1432, 1988, 484, 1921, 1368, 139]"
1949,566,"Epson Stylus NX530 Wireless All-in-One Color Inkjet Printer, Copier, Scanner (C11CB90201)",24,"[132, 1035, 694, 426, 305, 347, 1983, 276, 1744, 1570, 179, 281, 230, 2038, 2389, 555, 595, 61, 430, 111, 2043, 70, 2416, 88, 427, 74, 297, 1114, 336, 446, 248, 722, 187, 2033, 110, 719, 79, 696, 2040, 315, 1571, 182, 58, 1567, 102]","[2040, 1744, 182]",[]
1950,126,"Post-it Notes, Original Cube, 3 Inches x 3 Inches, Fruit Design, 3 Cubes Per Pack (C300-F-3PK)",25,[],[],[]
1951,657,Canon PIXMA PRO-1 Professional Inkjet Printer,29,[],[369],"[770, 549, 1435]"
1952,1587,Noodlers Ahab Fountain Pen Demo,39,"[1837, 1003, 708, 2196, 891, 965]",[],"[1837, 1003, 708, 1833, 1020, 2002, 2196, 2327, 891, 2330, 965, 1332, 902, 1475]"
1953,1307,Canon imageFORMULA P-215 Scan-tini Personal Document Scanner,30,[],"[1764, 1042, 477, 723]","[1975, 1813, 494, 518, 2245, 1430, 587, 723, 253, 108, 1431, 86, 1446, 1218, 786, 1115, 2379, 565, 1713]"
1954,1774,Sharpie Stainless Steel Pen Grip Fine Point Black Ink Pen (1800702),39,"[2233, 516, 1457, 1942, 484, 2270, 782, 2329, 1731, 1251, 1286, 2288]",[],"[2233, 516, 1375, 818, 1228, 2270, 200, 845, 1942, 1731, 1216, 859, 1365, 771, 1636, 1979, 2329, 848, 1286, 2288, 1450, 484, 782, 1665, 589]"
1955,874,"STEELMASTER Soho Collection Docking Station, Silver, 26413750",11,[],[],[]
1956,820,"Bostitch Epic Stapler, Blue (B777-BLUE)",31,"[115, 1813, 124, 590, 378, 1473, 164, 245, 403, 1260, 1704, 1056, 611, 944, 1458, 735, 773, 303, 1335, 139]",[],"[1473, 378, 735, 944, 1458, 633, 1396, 484, 1056, 1921, 421, 966, 49, 587]"
1957,721,"Bankers Box Tuff-Board Plastic Presentation Boards, Yellow, 2 Pack (3383202)",26,[1234],[],[]
1958,1421,200 Half Sheet - Best Print Shipping Labels - 5-1/2&quot; x 8-1/2&quot; (Same size as Avery&reg; 5126),22,"[1566, 38, 1660, 460, 1379, 2289, 1147, 449, 1562, 1097, 1625, 1312, 1765, 958, 550, 1231, 1110, 1009, 1700, 853, 613, 83, 1418, 466, 1310, 107, 1349, 1865, 547, 741, 2384, 915]",[],"[38, 1660, 1659, 1379, 1232, 1147, 449, 1097, 1498, 1088, 1312, 1765, 958, 550, 1422, 112, 1009, 1231, 2334, 853, 1864, 171, 613, 220, 47, 543, 1349, 1865, 741, 547, 1905, 915]"
1959,2386,"Dixon Ticonderoga Pre-Sharpened with Erasers Pencils, #2, Yellow,  Box of 30 (13830)",39,"[2359, 1980, 1624, 903, 1135, 505, 243, 800, 774, 1504, 890, 1969, 2168, 1648, 1367, 1924, 1134, 1464]",[],"[1050, 215, 1082, 1204, 1367, 505, 1969, 1134, 2359, 890, 2058, 1924, 1624, 1135, 243, 800, 484, 2168, 1648, 1755]"
1960,383,"Fellowes Laminator Saturn2 125, 12.5-Inch  with 10 Pouches (5727701)",27,[],"[1364, 94]","[1699, 1390, 639, 267, 1098, 1689, 378, 1137, 635, 660, 1501, 1075, 1577, 421, 2369, 908, 901, 484, 104, 420, 769, 1170]"
1961,1588,Plantronics CS540 with HL10 Wireless Headset System- Black/Silver,36,[],[1478],"[2284, 1478, 1096, 2278, 835]"
1962,759,Targus Slim Lap Desk for Use with Laptops and MacBooks AWE78US (White/Grey),11,"[1984, 1239, 1741]",[],[]
1963,157,"Paper Mate InkJoy 550 RT Retractable Medium Point Advanced Ink Pens, 4 Colored Ink Pens (1803509)",39,"[2023, 799, 1347, 34, 1692, 1951, 2012, 1165, 84, 1529, 116]",[],"[2023, 34, 2012, 1165, 84, 1529, 1167]"
1964,2023,"InkJoy 550 Retractable Ballpoint Pens, Medium Point, Assorted Ink Colors, 8-Pack",39,"[157, 2084, 34, 1692, 2012, 53, 1165, 84, 1529, 116]",[],"[361, 1529, 20, 34, 2012, 53, 698, 1663, 84, 1216, 157, 1347, 1949, 894, 1903, 2084, 1692, 1636, 2317, 2228, 116, 1624, 195, 2116, 2257, 589, 2078]"
1965,511,"Fellowes Laminator Callisto 125, 12.5-Inch  with 10 Pouches (5729101)",27,"[728, 666, 779, 1609, 533, 664, 137, 383, 1081, 94, 1742, 635, 892, 815, 676, 1364, 677, 354, 602, 1075, 194, 2205, 908, 437, 104, 420, 373, 760, 665]",[],"[908, 2333, 635, 104, 420, 797]"
1966,1308,Panasonic KX-MB1520 Monochrome Printer with Scanner and Fax,17,"[718, 1432, 1431, 86, 991, 1033, 1405, 1753, 931]",[],[]
1967,658,"Fellowes Heat and Slide Footrest, Black/Grey (8080901)",20,"[1090, 375, 423, 1614, 443, 293, 1580]",[],[]
1968,1422,Mesa Label Express&reg; 2&quot; x 3&quot; - Fragile - Handle with Care Shipping Labels (500 per Roll),22,"[193, 939, 47, 1088, 543, 1331, 1232, 1247, 9, 466, 1889, 852, 2170]",[],"[193, 38, 1379, 2246, 1232, 1881, 852, 1889, 1421, 1657, 1088, 1331, 1231, 1700, 1080, 939, 171, 466, 2170, 351, 47, 543, 1905, 1247]"
1969,2387,"TaoTronics TT-BS004 Automatic Sensing and Scan Handheld BarCode Scanner / Reader White, USB Wired, Optical Laser, Long Range",24,[],[1295],"[1562, 1295, 1426, 1276, 1420, 2415, 2322]"
1970,2024,"Double A Copy Paper, 8.5x11 Inches Letter Size, 22 Pound, 94 Bright White, 500 Sheets (AA 22# 5RM CART)",25,"[1582, 2160, 2102, 1257, 273, 1058, 1461, 1066, 447, 49, 1368, 487, 947]",[],"[1676, 115, 273, 313, 151, 1628, 49, 1309, 494, 378, 2088, 505, 2102, 2066, 407, 112, 966, 2078, 587, 487, 2376, 1807, 699, 1066, 2325, 1264, 421, 1322, 47, 484, 2116, 736, 1139, 1368, 454, 139]"
1971,2025,"TaoTronics&reg; TT-BS005 Automatic Sensing and Scan Handheld BarCode Scanner / Reader - White, USB Wired, Optical Laser, Long Range, Standing Bracket Included",24,[],"[2415, 1276, 1295]","[1863, 1295, 1276, 1206, 1420, 1905, 1138]"
1972,2388,"Slipstick CB680 Rubber Caster Wheels, Set of 5 (New and Improved)",20,[],[1395],[1395]
1973,1775,"Hewlett-Packard - HP 932XL Ink Cartridge, 1000 Pages Yield-Black",28,[],[],"[1585, 1176, 717, 1376, 1314, 1440, 447, 313, 151, 49, 1113, 378, 1473, 1531, 2102, 2136, 1625, 1058, 966, 587, 2376, 147, 911, 1807, 1995, 1583, 1322, 2381, 2122, 1240, 47, 1257, 1644, 2116, 1234, 736, 1368, 139]"
1974,2389,Hewlett Packard OJPRO8100 Wireless Color Printer,29,[],"[763, 724, 761, 541]","[763, 1113, 2376, 2392, 1591, 2332, 1276, 1975, 1304, 922, 1593, 1316, 1444, 1599, 2019, 2284, 912]"
1975,445,"Fellowes Laminator Cosmic2 95, 9.5-Inch  with 10 Pouches (5725601)",27,"[666, 779, 1609, 664, 137, 383, 511, 1081, 94, 1742, 635, 892, 676, 760, 1364, 677, 703, 354, 602, 1075, 194, 2205, 908, 437, 104, 420, 373, 25]",[],"[908, 901, 635, 104, 420, 1501]"
1976,1776,Compatible Ink Cartridge Replacement for Canon PGI225 and CLI226 (1 Large Black 1 Small Black 1 Cyan 1 Magenta 1 Yellow) 5 Pack,28,[],"[1187, 444]","[1187, 853, 752, 1779, 980, 444]"
1977,403,PaperPro EvoLX Desktop Metal Stapler (1433),31,"[1813, 124, 590, 365, 378, 633, 245, 285, 1056, 820, 944, 348, 1264, 1910, 735, 773, 1921, 303, 1335]",[],"[365, 361, 773, 484, 1264, 1921, 421, 1322, 1713, 587]"
1978,616,"Neenah Exact Index Cardstock, 90 lb, 8.5 x 11 Inches, 250 Sheets, White, 94 Brightness",25,"[893, 941, 1644, 2161, 2148]",[],"[1918, 946, 893, 2161, 49, 494, 139, 2102, 1137, 2005, 94, 635, 960, 109, 587, 1979, 1322, 1373, 2369, 941, 800, 1644, 865, 484, 2148, 263, 665]"
1979,923,Samsung ML-2165W Wireless Monochrome Printer,29,[],"[86, 995]","[2154, 1364]"
1980,425,"Pack-Kit 90292 PhysiciansCare Titanium Bonded Bandage Shears, 7&quot; Bent, Gray/Yellow",14,[],[],[]
1981,119,"Sharpie 1810704 Brush Tip Permanent Marker, Assorted Colors, 12-Pack",39,"[845, 1350, 1352, 2395, 1987, 136, 1363, 188, 1724, 1216, 1061, 200, 1065, 2208]",[],"[1350, 1363, 188, 200, 845, 2395, 1987, 53, 1216, 1352, 859, 1065, 2222, 1511, 1644, 484, 1724, 1061, 136]"
1982,694,Epson Artisan 1430 Wireless Wide-Format Color Inkjet Printer (C11CB53201),29,[],"[369, 459]",[]
1983,2026,"Set of 24 pack LC75 High Yield Compatible Ink Cartridge Combo 12xBk, 4xC, 4xM &amp; 4xY",28,[],"[1038, 1196]","[783, 2178, 1196, 1757, 2354, 1038, 49, 1303]"
1984,336,"Epson WorkForce WF-7510 Wireless All-in-One Wide-Format Color Inkjet Printer, Copier, Scanner, Fax (C11CA96201)",29,[],"[187, 427, 182, 459]","[1975, 267, 1314, 2088, 2332, 281, 427, 393, 248, 1432, 1786, 79, 2040, 1262, 484, 769, 182, 58, 508]"
1985,426,Epson WorkForce WF-7010 Wide-Format Color Inkjet Printer (C11CB59201),29,[],"[427, 182, 336]","[655, 1262, 336, 508, 182, 1786, 822]"
1986,350,"Smead Self-Adhesive Poly Pockets, Acid Free, 9 x 5-9/16 Inches, Crystal Clear, 5 per Pack (68186)",1,"[1617, 161]",[],[112]
1987,427,"Epson WorkForce WF-7520 Wireless All-in-One Wide-Format Color Inkjet Printer, Scanner, Copier, Fax (C11CB58201)",29,[],"[458, 459, 336]","[655, 1314, 2161, 124, 49, 439, 378, 1304, 336, 144, 508, 1264, 912, 938, 79, 2040, 696, 941, 2237, 484, 182, 58, 557, 1786, 139]"
1988,1039,"Samsung SCX-3405FW Wireless Monochrome Printer with Scanner, Copier and Fax",29,[],"[718, 791, 1431]","[923, 1037, 1043]"
1989,1777,Palomino Blackwing 602 - 12 Count,39,"[2365, 698, 2282]",[],"[2365, 708, 2282, 687, 1020, 493, 23, 2327, 698, 891, 1464, 1084, 654, 848, 1383, 1053, 1832]"
1990,512,"Canon PIXMA MX512 Wireless Color Photo Printer with Scanner, Copier and Fax",29,[],"[693, 826, 187, 692]","[1586, 693, 692, 555, 615]"
1991,521,"Canon PIXMA MX432 Wireless Color Photo Printer with Scanner, Copier and Fax",29,[],"[693, 187, 615, 692]","[474, 615, 1586, 938, 693, 273, 512, 529, 692, 446, 542, 549, 452, 496, 487]"
1992,1040,"Panasonic KX-TG4732B DECT 6.0 Cordless Phone with Answering System, Black, 2 Handsets",37,[],[412],"[472, 412]"
1993,596,"Panasonic KX-TG4741B DECT 6.0 Cordless Phone with Answering System, Black, 1 Handset",37,[],"[412, 1600]","[231, 412]"
1994,2390,Panasonic KX-TG4771B Dect_6.0 1-Handset 1-Line Landline Telephone,37,[],[1768],"[2419, 2394, 1881, 1635]"
1995,522,"Panasonic KX-TG7741SDECT 6.0 Link-to-Cell via Bluetooth Cordless Phone with Answering System, Silver, 1 Handset",37,[],[1600],[]
1996,695,Epson B11B206201 WorkForce DS-30 Portable Document Scanner,30,[],[1416],"[1591, 421, 819, 1276, 1593, 86, 232, 860, 918]"
1997,1309,"Cardinal ClearVue Round Ring View Binders, 1.5-Inch Capacity, White, Case of 4 Binders (00319-C)",1,"[1740, 243, 840, 557, 114, 1139, 203, 1605]",[],"[1050, 903, 215, 115, 840, 1472, 49, 1464, 494, 378, 505, 2005, 1617, 53, 1969, 2070, 1215, 2078, 1134, 587, 1481, 1807, 1925, 890, 1264, 1086, 114, 1135, 243, 214, 484, 2116, 769, 2168, 733, 736, 1713, 557, 589, 139]"
1998,1310,USPS Style 25 Lb x 0.1 OZ Digital Shipping Mailing Postal Scale with Batteries,16,"[449, 1566, 38, 1294, 1097, 613, 1379, 956, 1608, 1765, 547, 550, 466, 967]",[],"[38, 1660, 1659, 1379, 1232, 49, 1147, 1421, 1312, 958, 550, 1009, 1068, 853, 1658, 1274, 1149, 466, 220, 1295, 47, 1349, 543, 1865, 741, 915]"
1999,1114,HP OJ 150 Mobile Wireless Color Printer with Copier,29,[],"[2179, 761, 918]","[1876, 2121, 1416, 786, 1115, 2179, 1042, 518, 2406, 2284, 411, 918]"
2000,1113,HP Officejet 6100 e-Printer Wireless Color Printer,29,[],"[281, 111, 761, 541]","[1598, 1591, 2332, 1585, 1276, 1975, 1304, 922, 1593, 1316, 2389, 1775, 2284, 565, 918]"
2001,2027,"D1483 DECT 6.0 Cordless Phone with Digital Answering System, White, 1 Handset",37,[],[1106],"[1091, 1031, 1423, 1299, 472]"
2002,1423,AT&amp;T CL4940 1-Handset Landline Telephone with Large Display,37,[],"[2394, 472, 1382]","[2267, 2394, 504, 1299, 412, 580, 821, 472, 1478, 656, 1183, 2127, 49, 1382]"
2003,2391,Uniden DECT 6.0 Cordless Phone with Caller ID Answering System - White (D3097),37,"[2351, 2390, 2027, 1977, 1106, 985, 2008, 412, 596, 1768, 926, 1761]",[],[1977]
2004,2029,Ergotech Triple Desk Stand with Telescopic Wings with Ice Cube (100-D16-B03-TW-Ice),11,[],[],[]
2005,2028,"Quality Park 4x6 Photo Envelopes, Redi-Strip, 4.5 Inches x 6.25 Inches, 24 lb, White Wove, Box of 50 (10742)",16,"[946, 1652, 960]",[],"[1447, 2088, 946, 941, 1141, 1644, 267, 747, 770, 112, 142, 263, 249]"
2006,446,"Canon PIXMA MX892 Wireless Color Photo Printer with Scanner, Copier and Fax",29,[],"[826, 1436, 187, 444]","[1776, 688, 649, 873, 444, 2021, 770, 980, 1568, 530, 673, 1200, 187, 549]"
2007,468,"Five Star Customizable Binder with Removable Fixture, 1-Inch, Black (72977)",1,"[228, 572, 2051, 1935, 204]",[],"[1050, 1135, 228, 215, 1925, 243, 1228, 865, 890, 206, 2168, 1472, 2386, 204, 1464, 2078]"
2008,1041,"Mead Pretty Please Notebook, 10-1/2 x 8-Inches , 1-Subject, 80 sheets, College Ruled, Large Flowers (72008)",25,"[628, 181, 206, 174]",[],"[1050, 1925, 181, 34, 243, 174, 53, 1363]"
2009,2392,Genuine HP CR318BN 951XL Combo 3-Color- 1 Cyan XL/ 1 Magenta XL/1 Yellow XL,28,[],[2376],"[38, 1752, 447, 151, 49, 1557, 1304, 1353, 2389, 1368, 1635, 109, 2376, 911, 1807, 922, 1933, 1444, 1316, 1775, 1506, 1264, 846, 1178, 1988, 1369, 1170, 1715, 139]"
2010,2030,"OBi202 VoIP Phone Adapter with Router, 2-Phone Ports, T.38 Fax",37,[],"[2419, 528]","[1091, 2394, 528, 1547, 412, 1299, 1431]"
2011,1424,Genius Ring Presenter - Blue Finger Mouse with Laser Pointer,27,"[527, 518, 955, 1563, 1237, 1887]",[527],[]
2012,2031,Majestic Scenery 36 Note Cards for $9.99 - 6 Different Styles Including Kraft Envelopes.,25,"[1739, 2000]",[],"[34, 941, 1628]"
2013,2393,Casio FX-300ES Plus Scientific Calculator,4,[],"[1185, 1590]","[2247, 1249, 1925, 1151, 1185, 1559, 599, 1148, 1541, 1488, 1590]"
2014,2032,Cartritech compatible Brother TN450 / TN420 High Yield Black Toner Cartridge for Brother DCP-7060D DCP-7065DN IntelliFax-2840 IntelliFAX-2940 HL-2220 HL-2230 HL-2240 HL-2240D HL-2270DW HL-2275DW HL-2280DW MFC-7240 MFC-7360N MFC-7365DN MFC-7460DN MFC-7860DW,28,"[1190, 819, 1103, 1988, 1033, 919, 151]",[],"[819, 151, 1122, 49, 1628, 917, 494, 378, 1751, 407, 1103, 966, 2087, 718, 2262, 944, 1807, 86, 1030, 846, 1322, 915, 1391, 1417, 2237, 1988, 484, 1033, 1368, 139]"
2015,1425,"Nemosine Singularity Fine German Nib Fountain Pen, Demonstrator (NEM-SIN-01-F)",39,"[1003, 1587, 1833, 891, 965, 1332]",[],"[1003, 1587, 708, 1833, 1020, 2002, 2196, 2327, 891, 1701, 965, 1332, 2330, 2220, 902, 1475]"
2016,1197,Tsir Tech&reg; TT-LD82 Adjustable Wooden Laptop Desk with Built in Cooling Fan,11,"[1702, 1186, 2111, 1596, 2345]",[],"[1596, 2345]"
2017,469,"D1780-2 DECT 6.0 Expandable Cordless Phone with Digital Answering System, Silver, 2 Handsets",37,"[2027, 2266, 1031, 2360, 1106, 985, 2008, 1299, 412, 580, 2391, 1183]",[],"[2419, 2027, 2041, 528, 1031, 1759, 504, 1299, 412, 821, 472, 2127]"
2018,2394,AT&amp;T 17929 na 1-Handset 2-Line Landline Telephone,37,[],"[2313, 1547]","[802, 156, 217, 963, 151, 378, 630, 2041, 505, 407, 1299, 1768, 1368, 627, 745, 682, 587, 1807, 504, 821, 1583, 850, 472, 1235, 2390, 1432, 1547, 1423, 2298, 2116, 656, 2313, 1382, 2030, 139]"
2019,821,AT&amp;T 1740 Digital Answering System with Time/Day Stamp Landline Telephone Accessory,37,[],"[962, 1423]","[2267, 2351, 962, 2394, 407, 504, 1423, 1299, 412, 580, 636, 472, 2127, 1382]"
2020,2395,"Sharpie 1829201 Metallic Fine Point Permanent Marker, Assorted Colors, 6-Pack",39,"[845, 1350, 516, 1352, 1329, 1987, 771, 119, 484, 1363, 188, 2231, 1724, 1216, 1061, 200, 1065]",[],"[1350, 516, 774, 267, 1363, 188, 1929, 200, 845, 378, 1329, 1987, 34, 1662, 119, 53, 2231, 1216, 1215, 2078, 1352, 2250, 859, 771, 2228, 1695, 1065, 800, 484, 1724, 19, 659, 1061, 136, 263, 139]"
2021,1778,Canon imageCLASS LBP6670dn Laser Printer,29,[],"[86, 2343, 1431]","[1432, 1598, 1591, 786, 2343, 1431, 991, 1976, 187, 1771]"
2022,1589,"ECR4Kids School Stack Chair with Chrome Legs and Ball Glides, 16&quot;, Blue, 6-Pack",8,[],[],[1419]
2023,1115,"Brother ImageCenter ADS-2000 High Speed Document Scanner, Black",30,[],"[786, 1042, 232]","[1447, 1518, 1593, 361, 2284, 151, 1591, 2088, 2406, 2043, 1276, 1198, 86, 1030, 232, 1295, 786, 2379, 705, 1033, 1713, 1138]"
2024,87,"Paper Mate Quick Flip 0.7MM Mechanical Pencil Starter Set, 4 Mechanical Pencils (1808783)",39,"[1481, 1925, 1949, 34, 1082, 1729, 1340, 195, 2261, 1820, 1721, 1259]",[],"[903, 215, 1082, 23, 1165, 907, 1529, 1472, 1150, 505, 34, 1729, 1340, 53, 1969, 1721, 2386, 2070, 1134, 1481, 2084, 1949, 894, 1925, 1636, 890, 1259, 842, 1624, 243, 800, 484, 195, 2261, 1665]"
2025,1116,Jumbl 35mm Film Slide and Negative Scanner - 10 Mega Pixel Film to Digital Image Converter - with 2.4-Inch LCD and TV-Out,30,[],[1790],[]
2026,1779,6 Pack Compatible PGI-225BK/CLI-226BK/CLI-226C/CLI-226M/CLI-226Y/CLI-226GY compatible ink cartridges with chips for Canon Pixma MG6120/MG6220/MG8120/MG8120B/MG8220,28,[],"[168, 444]","[1776, 920, 49, 514]"
2027,1590,Casio Scientific Calculator FX-115ES PLUS,4,"[1181, 1919, 1249, 1681, 1185, 1359, 2393, 599, 1148, 1541, 1488]",[],"[1249, 505, 243, 34, 1228, 557, 1185, 1969, 2393, 1648, 599, 842, 1053, 1559]"
2028,351,"Bankers Box SmoothMove Wardrobe Box, 24 x 24 x 40 Inches, 3 Pack (7711001)",16,"[939, 1232, 342, 353, 428, 1881, 220, 2170]",[],"[1720, 939, 47, 1247, 1232, 1011, 342, 1331, 353, 1422, 537, 428, 1881, 220, 2170]"
2029,428,"Bankers Box SmoothMove Dish Box With Double Wall Construction, 18 x 18 x 28 Inches, 4 Pack (7711101)",16,"[351, 939, 1232, 342, 353, 2170]",[],"[351, 939, 47, 1088, 1247, 1232, 1331, 342, 1234, 353, 1422, 537, 1720, 1881, 220, 2170]"
2030,72,"Bankers Box SmoothMove Picture/Mirror Box, Adjustable, 40 x 60 x 4 Inches, 3 Pack (7711401)",16,"[351, 939, 1232, 342, 428, 1881, 2170]",[],"[351, 1720, 939, 47, 1247, 1232, 1331, 342, 353, 1422, 428, 1881, 220, 2170]"
2031,2396,"16 Pack Compatible Canon CLI 8 , CLI-8 , CLI8 2 Green, 2 Cyan, 2 Photo Cyan, 2 Photo Magenta, 2 Magenta, 2 Red, 2 Yellow, 2 Small Black for use with Canon PIXMA Pro9000, PIXMA Pro9000 Mark II. PIXMA Pro 9000, PIXMA Pro 9000 Mark II. Ink Cartridges for inkjet printers. CLI 8C , CLI 8M , CLI 8R , CLI 8Y , CLI-8 C , CLI-8 M , CLI-8 Y , CLI-8C , CLI-8M , CLI-8R , CLI-8Y , CLI8 C , CLI8 M , CLI8 Y , CLI8C , CLI8M , CLI8R , CLI8Y",28,"[567, 224, 1381, 369, 862, 2309, 679, 2337]",[],"[224, 770, 862, 530]"
2032,451,Epson T200120 DURABrite Ultra Standard-Capacity Black Ink Cartridge,28,[],"[281, 111, 1437]","[88, 938, 74, 1807, 281, 941, 267, 508, 2245, 248, 447, 1509, 111, 49, 1437]"
2033,617,"Pilot B2P - Bottle to Pen - Retractable Ball Point Pens Made from Recycled Bottles, 2 Pen Pack, Fine Point, Black (32605)",39,"[34, 2273, 363, 1692, 573, 1336, 1641, 1661]",[],"[378, 2359, 799, 998, 2084, 89, 34, 1662, 363, 1636, 573, 53, 1212, 49, 2288]"
2034,1426,Brother High-Speed Label Printer with Wireless Networking (QL710W),24,"[1834, 103, 1105, 253, 108, 1835, 1276, 296, 1791, 1420, 898, 2278, 912, 2289, 1138, 405, 1602]",[],"[1834, 1295, 786, 1835, 1276, 484, 1420, 2415, 151, 2043, 898, 1138, 1796, 1602]"
2035,2033,Brother Printer HL5470DW Wireless Monochrome Printer,29,[],"[86, 151]","[1953, 870, 911, 786, 1115, 151, 1414, 1198, 86, 1033, 232, 1108, 917]"
2036,1591,Hewlett Packard 1102W Laserjet Wireless Printer,29,[],"[86, 1178, 1593]","[1975, 1517, 918, 772, 49, 1113, 1751, 2332, 1042, 109, 1276, 1316, 695, 232, 763, 1218, 786, 1115, 1178, 2379, 1369, 1170]"
2037,1592,"Command Medium Hooks, Clear, 2-Hook",35,[],[],[]
2038,137,"Scotch Thermal Laminator Combo Pack, Includes 12 Assorted Pouches (TL902E)",27,"[1699, 1098, 1163, 533, 664, 383, 511, 1081, 775, 94, 1742, 635, 676, 1364, 677, 354, 602, 1501, 1075, 194, 2205, 2369, 908, 437, 901, 760, 665]",[],"[908, 735, 1699, 901, 1098, 94, 267, 635, 1501, 1075, 578, 1163, 587, 2369, 665]"
2039,306,"Smead SuperTab&reg; Two-Pocket Lockit Folders, Laminated Stock, Blue, 5 per Pack (87964)",22,"[890, 800, 1367]",[],"[243, 800, 2168, 903]"
2040,78,"Smead MO Records Filing Starter Kit, Letter Size, Assorted Colors, 9 per Pack (11803)",22,[],[],[91]
2041,384,"Smead, Step Index Organizer, 12 Pockets, Letter Size, A-Z and Monthly,  Navy Poly (70902)",18,"[183, 421, 331, 295, 2310, 2363, 314, 1060, 745, 1666]",[],"[1060, 331, 1523, 295]"
2042,77,"Smead MO File Box, Letter Size, 3 inch Expansion, Navy (92020)",22,"[1060, 91]",[],[]
2043,91,"Smead MO File Box, Letter Size, 3 inch Expansion, Black (92021)",22,[],[],[78]
2044,98,"Westcott Scissor Mouse Cuts Paper, Blue",11,"[284, 267]",[],[16]
2045,2397,"3M General Purpose Masking Tape 203 Beige, 24 mm x 55 m (Pack of 1)",35,"[484, 551, 220, 19]",[],"[516, 1677, 963, 795, 49, 494, 1329, 1969, 1013, 1352, 859, 1868, 1322, 1456, 220, 1624, 1644, 557, 484, 1892, 19, 1247]"
2046,2034,Identity Stronghold RFID Blocking Secure Sleeve / Case for Id &amp; Credit Card - Pack of 10,11,[2408],[],[2408]
2047,1427,"HP 564XL High Capacity XL Cartridges Combo Pack (1 Cyan, 1 Magenta, 1 Yellow)",28,[],"[1111, 1783]","[2376, 1531, 1993, 1783, 1176, 952, 1111, 717, 2038, 1255, 484, 1369, 1569, 1079, 1530, 1161, 49, 1391]"
2048,1428,Samsung Electronics CLP-680ND Color Printer,29,[],"[2043, 1118]","[786, 1118]"
2049,2035,"AT-A-GLANCE Recycled Weekly Appointment Book, 8 x 11 Inches, Black, 2013 (70-950-05)",5,[2410],[],"[1323, 1802, 407, 2410, 1780, 421]"
2050,1780,"AT-A-GLANCE Recycled Desk Pad, 22 x 17 Inches, White, 2014 (SK24-00)",5,"[2412, 2411, 2342]",[],"[1398, 516, 115, 1730, 361, 2412, 1628, 49, 494, 378, 1473, 2088, 1785, 505, 2102, 407, 1297, 1704, 966, 1635, 1167, 109, 587, 1713, 1807, 699, 1583, 2411, 919, 421, 1235, 1322, 843, 2410, 484, 2116, 769, 736, 2214, 557, 1368, 850, 2078]"
2051,2398,"DayMinder Recycled Monthly Planner, 8 x 11 Inches, Black, 2013 (SK2-00)",5,"[2035, 2410]",[],[1780]
2052,1117,"Dirt Devil Reconditioned Micro-Cut Shredder, 10-Sheets",11,"[581, 532, 156, 983, 217, 625, 1873, 1555, 622]",[],[]
2053,2036,"Tsirtech Cushioned Faux Leather Top, Laptop Lap Desk, Grey - Comfortable Lightweight Plush Material makes Laptop feel weightless",11,[],[],[]
2054,2399,"Canon Luster Photo Paper Letter, 50 Sheets (LU-101 LTR)",25,"[567, 657, 369, 862, 770, 586, 1298, 2405, 549]",[],"[567, 2396, 224, 657, 862, 369, 770, 586, 826, 627, 2405]"
2055,1593,Hewlett Packard LaserJet PRO 200 Color M251NW Wireless Printer (CF147A#BGJ),29,[],[86],"[1432, 1615, 1591, 2332, 477, 786, 86, 1222, 49, 139]"
2056,2400,MECO(TM) Waterproof Business Id Credit Card Wallet Holder Aluminum Metal Case Box (Random Color),11,[2037],[],[2037]
2057,2037,Business Name Card Holder Stainless Steel Case,11,"[1941, 998]",[],"[1398, 2072, 998, 2237, 75, 1941, 587]"
2058,1198,Brother Printer HL6180DW Wireless Monochrome Printer,29,[],"[86, 2033]","[2033, 1417, 1953, 786, 1115, 1342, 1414, 1752, 151, 86, 1429, 1988, 1108, 1033, 1201, 917]"
2059,1429,"Brother Printer MFC8950DW Wireless Monochrome Printer with Scanner, Copier and Fax",29,[],[],"[1752, 590, 151, 917, 2010, 1953, 911, 1276, 1342, 1198, 86, 421, 1108, 1322, 2033, 786, 1305, 705, 1988, 1033]"
2060,479,"Fellowes PlushTouch Mouse Pad/Wrist Rest with FoamFusion Technology, Graphite (9252201)",11,"[499, 2241, 59, 1798, 798, 835, 1320, 422, 1361, 1795, 2211, 432, 1861]",[],"[499, 1398, 139, 1473, 966, 361, 835, 1583, 484, 2116, 1320, 1361, 1795, 1628, 2211, 850, 1861]"
2061,499,"Fellowes PlushTouch Wrist Rest with FoamFusion Technology, Black (9252101)",11,"[2054, 59, 1797, 2238, 448, 1361, 835, 2211, 1861]",[],"[1521, 59, 1614, 835, 2116, 1234, 422, 421, 1361, 1013, 1861]"
2062,18,"Post-it Full Adhesive Roll, 1 x 400, Pink, 1-Pack ,2650-P",25,"[76, 2378, 6, 62, 229, 13, 370, 131, 9, 659, 161]",[],"[2378, 62, 370, 131, 9, 659, 161]"
2063,1430,Kodak ScanMate i940 Scanner,30,[],"[786, 1042, 1115, 1307]","[1307, 2013, 1115, 786, 1593]"
2064,321,"Quartet Cork Bulletin Board, 11 x 17 Inches, Black Frame (79279)",26,"[158, 408, 341, 1419, 2245, 434]",[],"[1770, 630, 1985, 843, 158, 1730, 361, 1419, 56, 2245, 1235, 736, 745, 2164, 223]"
2065,138,"Swingline Fashion Stapler, Leaf Pattern, Green (S7087824)",31,"[378, 164, 115, 453, 245, 1260, 124, 1704, 303, 1910, 139]",[],"[1661, 115, 361, 378, 1473, 2372, 89, 34, 633, 966, 587, 317, 699, 424, 421, 1743, 484, 2116, 1343, 1921, 850, 1676]"
2066,2038,"HP Photosmart 7520 Wireless Color Photo Printer with Scanner, Copier and Fax",29,[],"[541, 187, 761]","[1427, 1531, 1993, 1783, 952, 1111, 717, 2389, 770, 1079, 1161, 1748, 49, 804]"
2067,88,"Epson Expression Home XP-400 Wireless All-in-One Color Inkjet Printer, Copier, Scanner.  Prints from Tablet/Smartphone. AirPrint Compatible (C11CC07201)",29,[],"[281, 451, 111]","[938, 74, 451, 447, 111, 1437]"
2068,554,Canon PIXMA MG4220 Wireless Color Photo Printer with Scanner and Copier,29,[],"[693, 826, 187, 430]","[1586, 615, 693, 692, 770, 549, 1195]"
2069,529,Canon PIXMA MG3220 Wireless Color Photo Printer with Scanner and Copier,29,[],"[693, 615, 692]","[1937, 1582, 1586, 693, 452, 273, 692, 770, 447, 112, 549, 49, 615]"
2070,875,Canon SELPHY CP900 White Wireless Color Photo Printer,29,[],[747],"[747, 494]"
2071,1042,Fujitsu ScanSnap S1300i Instant PDF Sheet-Fed Mobile Document Scanner,30,[],"[786, 1764, 1115, 1416]","[378, 1591, 1416, 1676, 786, 1276, 156, 1975, 86, 2406, 1109, 740, 151, 918, 1479, 139]"
2072,1118,Samsung Electronics CLP-415NW Wireless Color Printer,29,[],"[2043, 933, 1593]","[1222, 1428]"
2073,1043,"Samsung Electronics CLX-4195FW Wireless Color Printer with Scanner, Copier and Fax",29,[],[831],"[1039, 831, 990]"
2074,1311,"Samsung Electronics CLX-3305FW Wireless Color Printer with Scanner, Copier and Fax",29,[],[],"[1039, 990]"
2075,990,Samsung Electronics CLP-365W Wireless Color Printer,29,[],"[2043, 1593]","[1311, 477, 86, 1222, 1120]"
2076,22,"Avery Tickets with Tear-Away Stubs, 1.75 inches x 5.5 inches, Matte White, Pack of 200 (16154)",22,"[75, 2068, 467]",[],"[2068, 320, 1329, 1611, 941, 75, 104, 484, 112, 1286]"
2077,530,"20 Pack Compatible Canon CLI-226 , PGI-225 4 Small Black, 4 Cyan, 4 Magenta, 4 Yellow, 4 Big Black for use with Canon PIXMA iP4820, PIXMA iP4920, PIXMA iX6520, PIXMA MG5120, PIXMA MG5220, PIXMA MG5320, PIXMA MG6120, PIXMA MG6220, PIXMA MG8120, PIXMA MG8120B, PIXMA MG8220, PIXMA MX712, PIXMA MX882, PIXMA MX892. Ink Cartridges for inkjet printers. By &copy; Blake Printing Supply",28,[],"[187, 444]","[168, 649, 873, 911, 941, 187, 770, 446, 444, 49]"
2078,1199,Stanley Bostitch Super Pro Glow Commercial Pencil Sharpener (EPS14HC),39,"[591, 1980, 847, 371, 517, 1300, 774, 576, 654, 2153, 684, 387, 506, 861, 575, 610, 864, 637, 1497, 278, 687, 878, 1917, 1716, 888, 337, 756, 287, 661]",[],"[1135, 774]"
2079,105,"Uni-ball Vision Elite BLX Series Stick Bold Point 5 Rollerball Pens, Colored Ink Pens (1832404)",39,"[1804, 1347, 1903, 674, 1692, 2090]",[],"[2023, 539, 1804, 1347, 2084, 1511, 1903, 2273, 1692, 53, 484, 1363, 2374, 1325, 1167, 589]"
2080,1781,Flash Furniture High Back Black Leather Executive Office Chair with Triple Paddle Control,8,"[802, 2344, 2340, 1380, 1555, 1673, 2362]",[],"[1588, 802, 630, 1615, 1807, 704, 922, 361, 484, 1012, 1555, 736, 2214, 49, 587, 1309, 1580]"
2081,659,"Post-It Super Sticky Notes , 3 x 3-Inches, White, 5-Pads/Pack  (654-5SSSC)",25,"[2372, 2378, 89, 361, 2116, 131, 9]",[],"[1985, 76, 516, 49, 494, 1473, 2372, 2378, 1329, 2395, 89, 1662, 2231, 1635, 2087, 317, 957, 484, 2116, 736, 589, 1676]"
2082,581,"AmazonBasics 8-Sheet Micro-Cut Paper, CD, and Credit Card Shredder with Pullout Basket",24,"[532, 156, 217, 625, 2280, 2047, 1245, 196, 992, 1202, 621, 1109, 525, 2221, 622, 1266, 1243, 876, 488, 932, 1873]",[],"[2047, 1764, 378, 630, 1807, 79, 532, 196, 1008, 1109, 1033, 421, 49]"
2083,2401,"Paper Clips, Size 1, Regular, .033 Wire Gauge, 100/Box, Silver",35,"[1985, 115, 361, 963, 1509, 494, 378, 1473, 139, 164, 89, 1056, 2314, 966, 1134, 587, 699, 2325, 1264, 846, 421, 1322, 1921, 2078]",[],"[2092, 1398, 1985, 215, 1676, 115, 361, 963, 49, 1309, 494, 378, 505, 89, 407, 633, 1055, 1260, 1056, 2314, 966, 2087, 587, 1134, 2078, 944, 1807, 699, 2325, 1583, 1264, 421, 1322, 1212, 1540, 220, 1419, 484, 2116, 769, 1396, 1921, 19, 736, 557, 1368, 850, 139]"
2084,618,"Fellowes Binding Machine, Comb, Star+ (5006501)",1,"[97, 639, 1689, 442, 856, 1179, 797, 660, 742]",[],"[1900, 267, 1098, 361, 2161, 1222, 49, 664, 630, 94, 635, 745, 1364, 1066, 421, 1373, 2369, 941, 1644, 589, 665]"
2085,1431,"Canon Laser imageCLASS MF4880dw Wireless Monochrome Printer with Scanner, Copier and Fax",17,[],"[991, 151, 1432]","[378, 1473, 1432, 139, 843, 1807, 1730, 819, 156, 1377, 361, 991, 1583, 447, 49, 587, 1324]"
2086,991,"Canon Laser imageCLASS MF4890dw Wireless Monochrome Printer with Scanner, Copier and Fax",29,[],"[151, 1432, 1431]","[833, 1432, 917, 1105, 532, 369, 1933, 1136, 1377, 1058, 86, 1431, 1138, 313, 2043, 49, 1368, 139]"
2087,1432,"Canon Laser imageCLASS MF4770n Monochrome Printer with Scanner, Copier and Fax",17,[],"[718, 1431]","[1439, 1676, 1730, 819, 1593, 361, 1377, 124, 49, 494, 378, 2088, 991, 1470, 587, 1944, 2394, 1807, 968, 1431, 2343, 86, 846, 1420, 1295, 2237, 1555, 1852, 1368, 139]"
2088,2039,"Compulabel White Address Labels for Laser and Inkjet Printers, 4 x 3 1/3 Inch, Permanent Adhesive, 6 per Sheet, 100 Sheets per Carton",22,"[320, 38, 460, 1379, 334, 1800, 304, 1421, 357, 1625, 1816, 1700, 1018, 463, 1684, 466, 2004, 335, 2384, 915]",[],"[1900, 1863, 115, 819, 460, 1379, 334, 151, 1800, 49, 1421, 494, 378, 1562, 1905, 2005, 407, 1625, 635, 2227, 550, 1422, 112, 2101, 966, 1700, 1018, 109, 171, 1149, 1583, 1264, 1370, 1684, 1418, 421, 1817, 466, 2004, 543, 484, 736, 335, 915]"
2089,307,Epson B11B207221 Epson Perfection V370 Color Photo Scanner (B11B207221) Scanner,30,[],"[866, 814, 470]","[694, 2332, 470]"
2090,227,Ampad Versa 6X9 Spiral Notebook - Wide Ruled Paper - Navy (25-635),25,"[1631, 295, 149, 216, 2051, 2189]",[],"[871, 295, 386]"
2091,2403,"Inktoneram Remanufactured Ink Cartridges High Capacity Replacement for 127 (4x Black, 2x Cyan, 2x Magenta, 2x Yellow, 10-Pack)",28,[],"[2040, 1786, 822]","[2416, 427, 79, 2040, 336, 2402, 61, 1997, 182, 58, 49, 1437, 822]"
2092,822,"Inktoneram Remanufactured Ink Cartridges High CapacityReplacement for 127 (2xBlack, Cyan, Magenta, Yellow, 5-Pack)",28,[],"[2040, 2403]","[427, 1786, 79, 2040, 336, 2402, 543, 2403, 182, 421, 58, 49, 508]"
2093,2040,"Inktoneram Remanufactured Ink Cartridges High Capacity Replacement for 127 (5x Black, 3x Cyan, 3x Magenta, 3x Yellow, 14-Pack)",28,[],"[182, 79]","[494, 378, 427, 938, 1786, 74, 79, 267, 336, 1583, 182, 58, 430, 49, 1018]"
2094,2402,"Inktoneram Remanufactured Ink Cartridges High Capacity Replacement for 126 (2x Black, Cyan, Magenta, Yellow, 5-Pack)",28,[],[2040],"[79, 2040, 2403, 49, 508, 822]"
2095,58,"Epson WorkForce WF-3540 Wireless All-in-One Color Inkjet Printer, Copier, Scanner, 2-Sided Duplex, ADF, Fax. Prints from Tablet/Smartphone. AirPrint Compatible (C11CC31201)",29,[],"[406, 483, 182, 79]","[1218, 427, 938, 1105, 79, 786, 1786, 156, 2040, 483, 941, 447, 182, 1921, 1322, 966, 49, 508]"
2096,248,"Epson WorkForce WF-2530 Wireless All-in-One Color Inkjet Printer, Copier, Scanner, ADF, Fax. Prints from Tablet/Smartphone. AirPrint Compatible (C11CC37201)",29,[],"[451, 281, 111, 74]","[938, 79, 74, 451, 488, 407, 281, 1299, 1262, 543, 336, 447, 182, 1555, 111, 49, 1437, 850]"
2097,79,"Epson WorkForce WF-3520 Wireless All-in-One Color Inkjet Printer, Copier, Scanner, 2-Sided Duplex, ADF, Fax. Prints from Tablet/Smartphone. AirPrint Compatible (C11CC33201)",29,[],"[406, 483, 187, 74]","[791, 581, 1730, 560, 156, 49, 458, 633, 406, 2087, 74, 336, 508, 374, 2040, 483, 995, 182, 459, 19, 1786]"
2098,74,"Epson WorkForce WF-2540 Wireless All-in-One Color Inkjet Printer, Copier, Scanner ADF, Fax. Prints from Tablet/Smartphone. AirPrint Compatible (C11CC36201)",29,[],"[1122, 451, 111, 187]","[79, 451, 156, 281, 1008, 770, 1583, 248, 447, 49, 1437, 139]"
2099,132,"Epson Expression Premium Photo XP-800 Small-in-One Wireless Color Inkjet Printer, Copier, Fax, and Scanner with auto 2 sided scanning, copying, and printing. Prints from Tablet/Smartphone.  AirPrint Compatible (C11CC45201)",17,[],"[179, 187, 230]","[110, 823, 1782, 230]"
2100,110,"Epson Expression XP-600 Wireless Small-in-One Color Inkjet Printer, Copier, Scanner, 2-Sided Duplex. Prints from Tablet/Smartphone. AirPrint Compatible (C11CC47201)",29,[],"[179, 111, 187]","[132, 88, 1782, 938, 74, 179, 823, 681, 230, 1610, 58, 49]"
2101,992,Fellowes Powershred 60Cs 10-Sheet Cross-Cut Shredder (4606001),24,[],"[532, 156, 217, 581]","[2047, 911, 1245, 196, 1330, 1109, 769]"
2102,1594,Fellowes Powershred 63Cb 10-Sheet Cross-Cut Shredder with Jam Blocker Technology (4600001),24,"[581, 1994, 532, 156, 217, 1302, 2047, 1245, 196, 992, 143, 1029, 621, 1330, 525, 622, 1266, 876, 983, 932, 1873]","[532, 196, 992]",[]
2103,876,Fellowes Powershred 73Ci 100% Jam Proof 12-Sheet Cross-Cut Shredder (4601001),24,[],"[2047, 532, 196, 1109]","[2047, 328, 786, 196, 1330, 705, 1109, 421]"
2104,385,"Safco Products Zenergy Ball Chair, Red",8,[1896],[],[]
2105,823,Epson T273020 Epson Claria Premium 273 Standard-capacity Black Ink Cartridge (T273020) Ink,28,[],[1782],"[1782, 179, 451, 230, 635, 49]"
2106,1782,Epson T273120 Epson Claria Premium 273 Standard-capacity Photo Black Ink Cartridge (T273120) Ink,28,"[1282, 132, 110, 179, 823, 696, 230, 722, 102]",[],"[132, 110, 938, 179, 823, 230, 49, 508]"
2107,1783,"HP 564XL Black 564 Color Ink Cartridges Combo Pack (1 Black, 1 Cyan, 1 Magenta, 1 Yellow)",28,[],"[1993, 1111]","[1493, 717, 447, 151, 1161, 49, 804, 1531, 2088, 952, 2038, 1076, 1079, 1507, 2376, 1993, 1807, 1995, 1582, 1240, 1111, 1988]"
2108,567,Canon PIXMA PRO-10 Color Professional Inkjet Photo Printer,29,[],[369],"[770, 549, 1435]"
2109,369,Canon PIXMA PRO-100 Color Professional Inkjet Photo Printer,29,[],[187],"[267, 187, 770, 826, 2405]"
2110,2404,Brother Printer ADS2500W Document Scanner,30,[],"[1115, 2406, 786]","[2033, 1591, 786, 1115, 1975, 1304, 1198, 86, 2284, 232, 2278, 2043, 917]"
2111,1595,"Brother Printer LC103BK High Yield Cartridge Ink, Black",28,"[583, 1122]",[],"[2055, 583, 447, 151, 1122, 49, 378, 2354, 2380, 109, 2001, 1807, 699, 1322, 2381, 1644, 484, 1234, 1201, 1368, 139]"
2112,1596,Seville Classics Mobile Laptop Desk Cart,11,"[1702, 1197, 1186, 2111, 2345]",[],"[2072, 1896, 1615, 2287, 2237, 740, 151, 557, 2087, 2345]"
2113,2405,Canon CLI-42 LGY Light Gray Ink Tank,28,[],[369],"[224, 770, 369, 549]"
2114,824,"basyx by HON VL403 Managerial Mid-Back Chair with Loop Arms for Office or Computer Desk, Brown",8,"[802, 597, 2344, 1781, 1380, 1673, 609, 2362]",[],[]
2115,877,"HON VL404 Managerial Mid-Back Chair with Loop Arms for Office or Computer Desk, Black",8,"[802, 1781, 2344, 643, 1380, 1673, 2362]",[],[]
2116,660,Fellowes Pulsar+ Comb Binding Machine with Starter Kit (5006801),1,"[97, 639, 618, 1689, 442, 856, 1179, 797, 742]",[],"[1217, 1414, 2161, 590, 1222, 378, 383, 1473, 1245, 633, 2202, 1357, 587, 1364, 75, 1583, 1264, 421, 1322, 1373, 908, 1107, 736, 850, 139]"
2117,924,Fellowes 4609001 Powershred 99Ms Micro-Cut Shredder,24,[],"[1245, 532, 1873, 196]","[2047, 786, 196, 1330, 633, 1109]"
2118,31,"Swingline GBC Fusion 3100L 12 Inch Laminator, 1 Minute Warm-up, 3-7 Mil (1703076)",27,"[728, 666, 779, 664, 137, 383, 1081, 511, 94, 1742, 676, 760, 1364, 677, 354, 602, 194, 2205, 908, 437, 25]",[],"[516, 1699, 267, 1098, 25, 527, 1137, 1662, 635, 1208, 427, 1364, 1501, 1075, 1561, 2369, 908, 786, 901, 484, 2116, 665, 104, 420, 769, 835, 139]"
2119,722,"Epson Expression Home XP-850 Wireless Color Photo Printer with Scanner, Copier &amp; Fax C11CC41201",29,[],"[58, 187, 230]","[823, 681, 938]"
2120,470,Epson B11B207201 Epson Perfection V37 Color Photo Scanner (B11B207201) Scanner,30,[],"[814, 866, 307, 477]","[1975, 307, 1593, 86, 679]"
2121,925,"Pilot Metropolitan Collection Fountain Pen, Gold Barrel, Dots Design, Medium Nib, Black Ink (91106)",39,"[1837, 1587, 708, 1020, 891, 1701, 965, 1332, 2330, 1832]",[],"[1837, 1003, 708, 1833, 1020, 2327, 891, 1332, 965, 902, 1475, 1503, 539, 573, 1701, 1587, 2002, 2330, 1383]"
2122,544,"Pilot Metropolitan Collection Gel Roller Pen, Gold Barrel, Classic Design, Fine Point, Black Ink (91209)",39,"[1837, 1003, 1587, 708, 539, 1263, 1020, 891, 1701, 965, 1332, 2330, 1920, 1832]",[],"[1837, 1587, 708, 539, 1833, 1020, 2327, 891, 1701, 965, 1332, 1251, 2220, 2330, 902, 1920, 1832]"
2123,1119,"Pilot Metropolitan Collection Fountain Pen, Silver Barrel, Zig-Zag Design, Medium Nib, Black Ink (91102)",39,"[1837, 1003, 1587, 708, 1833, 1020, 891, 1701, 965, 1332, 2330, 1832]",[],"[1837, 1003, 1587, 708, 539, 902, 1020, 2002, 2327, 891, 1701, 965, 1332, 2330, 1383, 2229, 1832]"
2124,1312,"Scotch Bubble Mailer, 8.5 x 11 Inches, Size #2, 25-Pack (7914-25-CS)",16,"[1068, 853, 1658, 1660, 1864, 1349, 1659, 1379, 1865, 741, 958, 550, 466, 1009, 2334, 1532, 2181]",[],"[38, 1660, 1379, 1232, 49, 852, 1147, 1421, 449, 1088, 1765, 958, 550, 112, 1231, 1009, 2334, 1532, 1700, 853, 1658, 1864, 613, 1274, 466, 220, 1310, 47, 1349, 543, 1865, 741, 547]"
2125,489,"3M Easy Adjust Desk Mount Dual Monitor Arm, Space Saving Design, For Monitors Up to 20 lbs and &lt;= 30 in, Black",11,"[1895, 2308, 482, 480, 1489, 1096, 2249, 1023]",[],"[1096, 480]"
2126,386,Ampad SimpleSort 8.5 x 11 Inches Crossover Writing Pad with 80 Sheets of Repositionable Paper and 3 Dividers Included (20-326),25,[],[],[227]
2127,480,3M Dual-Swivel Monitor Arm (MA140MB),11,"[1895, 1489, 1348, 2249, 1096, 489, 1023, 1584]",[],[489]
2128,1433,"HI-VISION &reg; 1 Pack Compatible Canon CLI-226, CLI 226, Gray Ink Cartridge Replacement for PIXMA iP4820, PIXMA iX6520, PIXMA MG5320, PIXMA MG5120, PIXMA MG6120 Wireless, PIXMA MG8120 Wireless, PIXMA MX892 Wireless, PIXMA MG6220 Wireless",28,"[1187, 1776, 168, 873, 530, 1189, 2021, 1779, 920, 980, 444]",[],"[168, 1776, 1187, 1035, 2021, 1779, 920]"
2129,620,"Pilot FriXion Clicker Retractable Erasable Gel Pens, Fine Point, Black/Blue/Red Inks, 3-Pack (31467)",39,[],[],"[1050, 903, 215, 1769, 1758, 1826, 1150, 2386, 1112, 1666, 1134, 1481, 2084, 1636, 890, 1259, 243, 871, 769, 557]"
2130,619,"Pilot Acroball Pure White Retractable Hybrid Gel Ball Point Pens, Fine Point, Black Ink, Turquoise/Orange/Purple/Lime Accents, 4-Pack (31896)",39,"[1221, 799, 1621, 34, 1692, 490, 1641]",[],"[1221, 799, 76, 1484, 490, 1903, 1365, 34, 1692, 23, 53, 1774, 1758, 1641, 589]"
2131,308,"Pilot Acroball Colors Retractable Hybrid Gel Ball Point Pens, Medium Point, Blue, 2-Pack (31831)",39,"[1221, 2023, 799, 1347, 2084, 34, 1903, 1692, 1951, 1165, 116, 1529, 490, 1641]",[],"[2084, 490, 34, 1903, 818, 2273, 1692, 2012, 53, 2366, 1063, 1641]"
2132,429,"Pilot Down Force Ballpoint Ink Refill, 2-Pack, Fine Point, Black Ink (77346)",39,"[2256, 1621, 1365, 1220, 909, 1731, 490, 1641]",[],"[1621, 1731, 2256, 2009]"
2133,1784,"Brother Printer MFCJ4410DW  Business Smart Multi-Function Inkjet and Wireless Color Photo Printer with Scanner, Copier and Fax",29,[],"[583, 1122]","[1595, 2087, 49, 917, 2362]"
2134,1785,Universal&reg; White Melamine Dry Erase Boards with Aluminum Frame,26,"[1730, 1064, 843]",[],"[516, 1217, 1730, 115, 1390, 361, 5, 49, 2370, 494, 378, 1473, 1555, 2088, 1662, 633, 1663, 1013, 966, 587, 1807, 1008, 1136, 1583, 1637, 421, 1322, 843, 1419, 484, 2116, 769, 2168, 1821, 736, 850, 139]"
2135,1786,"Blake Printing Supply Remanufactured Ink Cartridges Replacement for Epson 127 (2x Black, 2x Cyan, 2x Magenta, 2x Yellow, 8-Pack)",28,[],"[2040, 182]","[427, 79, 2040, 1136, 846, 447, 182, 58, 49]"
2136,1597,Lexmark MS410dn Mono Laser Printer,29,[],[1598],"[1588, 1598, 2332, 1591, 1115, 1434, 1313, 2389, 1478]"
2137,1598,Lexmark MS310dn Mono Laser Printer,29,[],"[86, 1597]","[1597, 1113, 1417, 1591, 1434, 1276, 1313, 2284, 232, 319, 917]"
2138,1434,Lexmark MS610DN MonoChrome Lase Printer - 35S0400,29,[],[1597],"[1597, 1417, 1598, 786, 1313, 1198, 86, 2284, 1033]"
2139,1313,Lexmark MX310dn Mono Laser MFP,29,[],"[1598, 1431]","[1597, 1598, 1434, 1975, 1442]"
2140,825,Wolverine F2D20 20 MegaPixels 35mm to Digital Converter,30,[],[1790],[]
2141,277,"Swingline Metal Fashion Stapler, Full Strip, 20 Sheets, Chrome/Blue Accent (S7087830)",31,"[1676, 115, 1813, 124, 590, 378, 164, 633, 245, 1260, 1704, 820, 944, 1218, 453, 773, 303, 1335, 139]",[],"[516, 1676, 361, 124, 963, 49, 494, 378, 1473, 164, 633, 270, 2101, 2202, 966, 587, 998, 171, 846, 421, 1235, 1322, 484, 2116, 1343, 19, 736, 303, 850, 2078]"
2142,661,"X-ACTO SharpX Performance Electric Pencil Sharpener, Black/Silver (1772)",39,"[591, 371, 517, 1300, 576, 654, 2153, 684, 387, 506, 861, 575, 610, 864, 637, 1497, 278, 662, 687, 878, 1917, 1199, 888, 337, 523, 756, 287]",[],"[800, 878, 1460, 774, 1872]"
2143,662,"X-ACTO SharpX Classic Electric Pencil Sharpener, Black/Silver (1771)",39,"[371, 517, 1300, 576, 654, 684, 387, 506, 861, 575, 610, 864, 637, 1497, 278, 687, 878, 1917, 1199, 1135, 888, 337, 756, 661]",[],[]
2144,878,"X-ACTO SharpX Principal Electric Pencil Sharpener, Black/Silver (1773)",39,"[591, 847, 371, 517, 1300, 576, 654, 684, 387, 506, 861, 575, 610, 864, 637, 1497, 278, 662, 687, 1917, 1199, 888, 337, 523, 756, 287, 661]",[],"[1010, 1135, 661, 1662, 800, 337, 774, 698, 654, 2386, 1464]"
2145,523,"X-ACTO SharpX Portable Battery Pencil Sharpener, Black/Silver (1770)",39,"[591, 371, 517, 1300, 576, 654, 653, 684, 387, 506, 575, 1497, 278, 687, 1917, 878, 1544, 888, 1755, 661]",[],"[1135, 903, 800, 774, 698, 890, 1497, 278, 587, 1464]"
2146,785,"HON Lota Mid-Back Work Chair with Mesh Back and Polished Aluminum Base for Office or Computer Desk, Black",8,"[597, 2341, 614, 755, 781, 643, 1978, 646, 1673, 2362]",[],[]
2147,1787,Ooma HD2 Handset VoIP Phone and Device,37,[],"[2419, 412, 2041]","[2419, 231, 2041]"
2148,926,VTech SN6197 CareLine DECT_6.0 2-Handset Landline Telephone,37,[],"[2390, 1423]","[2127, 472]"
2149,2041,Ooma Linx VoIP Phone and Device,37,[],"[2419, 231, 1787]","[2419, 2394, 1399, 1432, 412, 1787, 1444, 1429, 2019, 1768, 1044, 232, 231]"
2150,663,Epson WorkForce WF-M1560 Wireless Monochrome All-in-One C11CC80201,0,[],"[58, 111, 258]","[2010, 258]"
2151,258,Epson WorkForce WF-M1030 Wireless Monochrome Printer C11CC82201,29,[],"[86, 281, 111]","[111, 49, 663, 2130]"
2152,352,"Fellowes PET Ultra Clear Binding Covers, Letter, 7 Mil, 100 Pack (5242401)",1,[618],[],[]
2153,1314,HP Officejet 7110 Wide Format ePrinter,29,[],"[627, 1440, 336]","[1537, 1591, 2332, 1585, 1176, 1975, 1304, 922, 336, 2389, 86, 2038, 770, 1775, 1440, 1222, 918]"
2154,387,Westcott Axis iPoint Evolution Electric Pencil Sharpener for Home or Office (15510),39,"[591, 847, 371, 517, 1300, 576, 684, 506, 861, 575, 610, 864, 637, 1497, 278, 662, 687, 1917, 878, 1199, 888, 337, 756, 287, 661]",[],"[1980, 371, 903, 1082, 774, 1464, 378, 505, 1662, 698, 2386, 278, 587, 687, 1135, 337, 800, 769, 1648, 287, 303]"
2155,278,Westcott iPoint Ball Pencil Sharpener (15570),39,"[387, 506, 371, 903, 575, 517, 687, 888, 2153, 1917, 523, 1300, 576, 1084, 654, 1497, 653, 1755]",[],"[1980, 903, 115, 1082, 774, 361, 124, 654, 1204, 963, 1367, 1464, 378, 1473, 505, 698, 1969, 1497, 2386, 587, 1134, 2359, 1481, 699, 890, 1084, 1924, 1135, 243, 800, 2168, 1648, 19, 557, 1755, 850]"
2156,370,"3M Post-it Big Pad, Yellow, 11 x 11-Inches (BP11Y)",11,"[67, 76, 2378, 229, 2116, 1979, 9, 659, 1216, 1635, 161]",[],"[1350, 516, 76, 1390, 1363, 1628, 845, 365, 67, 2378, 89, 1662, 53, 1216, 203, 1635, 161, 96, 229, 1979, 2222, 484, 2116, 740, 9, 659, 2214]"
2157,760,Black &amp; Decker Fast Heat Laminator (LAM95FH),27,"[728, 1098, 666, 779, 1609, 533, 664, 137, 383, 511, 1081, 94, 1742, 635, 676, 1364, 354, 1501, 1075, 194, 2205, 908, 437]",[],"[908, 1098, 635, 1501, 1075, 1163]"
2158,1599,HP Pro X451dn Color Photo Printer,29,[],[],"[786, 1276, 1304, 1975, 814, 2389, 1314, 2284, 2202, 954]"
2159,2042,Neutroni Oslo Notebook 192 Ruled Pages Black A4,25,[1824],[],[]
2160,430,Canon PIXMA MG5420 Wireless Color Photo Printer with Scanner and Copier,29,[],"[826, 187, 514]","[2040, 187, 770, 1436, 1200, 444, 826, 49, 949]"
2161,1435,Canon CanoScan 9000F MKII Color Image Scanner,30,[],"[866, 814, 477]","[2043, 369]"
2162,927,Canon PIXMA MG6320 Black Wireless Color Photo Printer with Scanner and Copier,29,[],"[826, 1436, 187, 514]","[187, 770, 1436, 549, 1200, 430, 49, 826]"
2163,1436,Canon Ink PGI-250 PGBK XL Individual Ink Tank,28,[],"[826, 187]","[514, 224, 187, 237, 770, 679, 586, 673, 430, 627, 49, 826]"
2164,388,"Smead Erasable FasTab Hanging Folders, 1/3-Cut Tab, Letter, Moss, 20 per Box (64032)",18,"[175, 1514, 1667, 9, 54, 331, 379, 251, 1211, 2082, 13, 435, 359, 683, 313, 736, 203, 1950]",[],"[1363, 2195, 1807]"
2165,279,"Smead Erasable SuperTab File Folders, 1/3-Cut Tabs, Letter, Manila, 24 per Pack (10380)",18,"[313, 691, 421]",[],[]
2166,337,Westcott Axis iPoint Evolution Electric Heavy Duty Pencil Sharpener (15509),39,"[591, 1980, 847, 371, 517, 1300, 774, 576, 654, 2153, 684, 387, 506, 861, 575, 610, 637, 278, 687, 878, 1917, 1199, 888, 756, 287, 661]",[],"[1980, 903, 517, 115, 1390, 774, 654, 575, 1662, 1460, 635, 2386, 2078, 687, 894, 1135, 243, 888, 800, 484, 1872, 1648, 1821, 139]"
2167,723,Canon imageFORMULA P-208 Scan-tini Personal Document Scanner,30,[],"[1307, 1042, 695, 1416]","[1307, 1301, 2379, 86, 1042]"
2168,92,"Scotch Color Coding Tape 690 Red, 48 mm x 66 m, Conveniently Packaged (Pack of 1)",35,[1601],[],[]
2169,169,"Scotch Bi-Directional Filament Tape 8959 Transparent, 50 mm x 50 m, Conveniently Packaged (Pack of 1)",16,"[2252, 185, 171, 47, 543, 220]",[],[1357]
2170,193,"Scotch Printed Message FRAGILE HANDLE WITH CARE Box Sealing Tape 3772  White, 48 mm x 100 m, Conveniently Packaged (Pack of 1)",16,"[939, 298, 171, 47, 1331, 1232, 1247, 1422, 9, 1881, 2170]",[],"[1467, 1379, 2246, 1232, 1881, 852, 298, 1088, 1331, 1422, 939, 171, 1274, 466, 428, 220, 2170, 351, 47, 543, 9, 1247]"
2171,298,"Scotch Printed Message CHECK SEAL BEFORE ACCEPTING Box Sealing Tape 3779 Clear, 48 mm x 100 m, Conveniently Packaged (Pack of 1)",16,"[1247, 193, 242]",[],"[193, 171, 1247, 958, 1881]"
2172,299,"Pilot G2 Fashion Collection Gel Roller Pens, Fine Point, Black Ink, Barrel Color May Vary, 2-Pack (31367)",39,"[1221, 1347, 34, 1903, 1365, 2273, 1692, 573, 53, 1688]",[],"[1221, 2023, 1481, 181, 34, 1949, 1365, 1346, 2273, 2317, 1061, 573, 53, 484, 87, 2374, 49, 1167]"
2173,879,Lorex LW2731 Live LCD SD Recording Monitor with Wireless Camera (black),11,[],[],[]
2174,431,Epson LabelWorks Iron-On Kit (C51CB69130),24,"[103, 1105, 108, 988, 1772, 1170, 405, 71]",[],[]
2175,1437,"Generic Remanufactured Ink Cartridges Replacement for Epson T200XL (4x Black, 2x Cyan, 2x Magenta, 2x Yellow, 10-Pack)",28,[],[451],"[74, 281, 451, 635, 770, 248, 447, 1997, 111, 49, 71]"
2176,338,"Ampad Shot Note Writing Pad, 5 x 8 Inches, Dot Graph, 40 Sheets (20-111)",25,"[1803, 1665, 2327, 803, 1167]",[],[1665]
2177,826,Canon CLI-251 BK/CMY 4 PK Value Pack Ink for Canon InkJet Printers,28,[],"[1436, 187]","[649, 514, 1276, 2251, 187, 237, 770, 927, 1436, 447, 586, 444, 673, 430, 627, 1200, 49, 549]"
2178,786,Fujitsu ScanSnap iX500 Scanner for PC and Mac (PA03656-B005),30,[],"[1115, 2406, 1042, 232]","[1975, 156, 1593, 2284, 151, 1591, 1416, 2406, 1042, 2043, 587, 143, 1276, 922, 1198, 86, 1444, 912, 2033, 2379, 740, 139]"
2179,339,"Smead Organized UP Heavyweight File Folders, Dual Tabs, Letter Size, Assorted Colors, 6 per Pack (75405)",18,"[54, 2083, 331, 295, 2310, 1617, 435, 359, 172, 203, 1523]",[],"[2083, 331, 295, 172]"
2180,555,"Canon PIXMA MX522 Wireless Color Photo Printer with Scanner, Copier and Fax",29,[],"[826, 1436, 452, 187]","[569, 49, 1586, 693, 187, 692, 452, 615]"
2181,187,"Canon PIXMA MX922 Wireless Color Photo Printer with Scanner, Copier and Fax",29,[],"[826, 281, 1436, 111]","[156, 2343, 86, 770, 1436, 447, 1200, 826, 49]"
2182,452,Canon PIXMA MX452 Wireless Inkjet Office All-In-One,29,[],"[281, 187, 626]","[1586, 693, 488, 1914, 692, 447, 49, 615]"
2183,456,"Scotch Fingerprint Lifting Tape 8004 Clear, 2 in x 10 yd, Conveniently Packaged (Pack of 6)",35,[],[],[]
2184,2406,Fujitsu ScanSnap iX500 Deluxe Bundle Scanner for PC (PA03656-B015),30,[],"[786, 1042, 1115]","[1975, 2055, 2312, 1591, 2332, 633, 1042, 1953, 944, 1276, 1114, 86, 1264, 1478, 232, 1322, 912, 1417, 786, 1115]"
2185,280,"TEKwriterUSA Gelwriter Gel Pen Set with Stadium Stand, 44-Count (27105-D)",39,"[568, 2198, 389, 545, 2250, 1347, 957, 1902, 2323, 1692, 1244, 1511, 1670, 678, 2132]",[],"[568, 1221, 389, 545, 2250, 957, 1511, 678, 200, 1670]"
2186,568,"TEKwriterUSA Gelwriter Gel Pen Sets with Carrying Case, 72-Count (27107-D)",39,"[2198, 389, 545, 2250, 957, 1511, 1902, 2323, 1244, 678, 280, 200, 1670]",[],"[2198, 389, 2250, 957, 545, 1511, 2323, 188, 678, 654, 280, 1063, 200, 1670]"
2187,545,"TEKwriterUSA Gelwriter Gel Pen Set with Pop-up Case, 100-Count (27104-D)",39,"[568, 2198, 389, 2250, 957, 1511, 2323, 678, 280, 1670]",[],"[568, 389, 957, 1511, 2323, 678, 280]"
2188,531,"TEKwriterUSA Gelwriter Gel Pen Set with Rotating Stand, 100-Count (27131-D)",39,"[568, 2198, 389, 545, 2250, 957, 1511, 2323, 1670, 678, 280, 200, 2132, 2208]",[],"[568, 389, 2250, 957, 545, 1511, 2323, 678, 200, 1670, 2208]"
2189,389,"TEKwriterUSA Gelwriter Gel Pen Set with Stadium Stand, 68-Count (27106-D)",39,"[568, 2198, 545, 2250, 957, 1511, 1902, 2323, 1692, 1244, 1670, 678, 280, 200, 2132]",[],"[568, 2198, 2250, 957, 545, 1511, 2323, 678, 280, 200, 1670]"
2190,880,3M MP300 Mobile Projector,27,[],[],[]
2191,49,"GP Spectrum Multi-Use Paper, 8.5 x 11 Inches, 3-Ream Pack (1500 Sheets) (998606)",25,"[273, 1461, 447, 494, 378, 2160, 2102, 407, 1058, 487, 1807, 1066, 890, 421, 1582, 243, 1257, 484, 19, 1368, 947]",[],"[903, 1952, 115, 819, 1141, 774, 1160, 1204, 1509, 151, 1309, 1464, 494, 378, 505, 89, 451, 407, 1662, 1103, 281, 633, 1969, 2386, 966, 2078, 1134, 2376, 1807, 1925, 699, 1775, 86, 890, 1322, 220, 2381, 243, 800, 47, 484, 1436, 2168, 19, 736, 557, 139]"
2192,2407,Kodak i2900 Scanner,30,"[2368, 2013, 2367, 1115, 1430, 751, 1771]",[2368],[]
2193,1044,Panasonic KXTG7872S Dect_6.0 2-Handset Landline Telephone,37,[],"[1438, 1600]","[2419, 2041, 1547, 2030, 1600]"
2194,827,"Belkin 4-Feet MIXIT Micro USB Cable (Green), Compatible with Amazon Fire Phone",29,[],[],[]
2195,188,"Sharpie Neon Fine Point Permanent Markers, 5 Colored Ink Markers",39,"[845, 1350, 1352, 2395, 1329, 200, 771, 2085, 119, 484, 1363, 1724, 1216, 1061, 136, 1065]",[],"[1350, 516, 1363, 678, 200, 845, 2395, 1329, 1987, 34, 119, 53, 1216, 1134, 1352, 2250, 2300, 859, 771, 1065, 957, 1511, 484, 1724, 202, 1061, 136]"
2196,223,"Quartet Magnetic Dry-Erase Board, 17 inch x 23 inch, Black or Wood Finish Frame (Frame Choice Not Available)(MWDW1723M)",26,"[189, 1770, 441, 362, 843, 534, 1730, 178, 500, 1164, 884, 394, 1966, 37, 2357]",[],"[1770, 1730, 1390, 500, 361, 372, 5, 49, 2370, 494, 34, 1662, 1663, 1443, 1260, 154, 1013, 321, 37, 362, 178, 1136, 1637, 1812, 843, 865, 1419, 484, 56, 1164, 2168, 1217, 1966, 454]"
2197,582,"Quartet Euro Frame Magnetic Dry-Erase Board, 2 x 3 Feet, Aluminum (ukte2436-W)",26,"[1785, 843, 1730, 178, 884, 154, 223, 1064, 2357]",[],"[843, 154]"
2198,993,VTECH IS7121-2 DECT 6.0 2-Handset Video Doorbell Landline Telephone,37,[],[2360],[]
2199,287,Westcott iPoint Curve Axis Electric Pencil Sharpener for School or Office (15511),39,"[371, 517, 1300, 774, 576, 654, 2153, 684, 387, 506, 861, 575, 864, 637, 278, 687, 878, 1917, 1199, 888, 337, 756, 661]",[],"[387, 371, 1135, 903, 337, 774]"
2200,371,Westcott iPoint Curve Axis Electric Heavy Duty Pencil Sharpener (15512),39,"[847, 517, 1300, 576, 654, 2153, 684, 387, 506, 861, 575, 610, 637, 278, 662, 687, 878, 1917, 1199, 888, 337, 756, 287, 661]",[],"[387, 1135, 903, 800, 774, 890, 484, 1648, 287, 1464]"
2201,1600,Panasonic KXTG6841B Dect_6.0 1-Handset 1-Line Landline Telephone,37,[],"[1044, 2390]","[231, 796, 1044]"
2202,1438,Panasonic KXTG6842B DECT 6.0 2-Handset High Quality Phone System with Answering Capability,37,[],[1044],[]
2203,2043,Brother Printer HL3170CDW Wireless Color Printer with Wireless Networking and Duplex for Small Businesses,29,"[718, 2033, 1439, 1118, 1591, 990, 1414, 933, 1593, 86, 2050, 991, 1033, 1392, 1191, 1108, 917, 1793]",[],"[718, 1417, 477, 2332, 791, 786, 1115, 1301, 995, 483, 151, 2289, 86, 406, 1033, 1222, 49]"
2204,322,"Fellowes I-Spire Series Wrist Rocker, White (9314801)",11,"[323, 499, 390, 513, 1797, 1361, 835, 2211, 432, 1861]",[],[]
2205,432,"Fellowes I-Spire Series Wrist Rocker, Gray (9311801)",11,"[323, 499, 390, 513, 59, 704, 640, 1361, 835, 322]",[],[]
2206,1439,"Canon imageCLASS MF8280cw Wireless 4-In-1 Color Laser Multifunction Printer with Scanner, Copier and Fax",29,[],[1431],"[1432, 1115, 407, 1431, 2343, 1419, 484, 736, 49]"
2207,500,"Quartet&reg; Magnetic Combination Calendar Board, 17&quot; x 23&quot;, Dry-Erase &amp; Cork, 1-Month Design with List, Black Frame (79380-WM)",11,"[1770, 556, 726, 372, 2180, 37]",[],"[1770, 630, 158, 843, 115, 1390, 361, 1663, 1419, 1164, 2164, 223, 1013, 2370, 587, 37]"
2208,664,AmazonBasics Thermal Laminator,27,"[1098, 1609, 533, 1163, 25, 137, 383, 94, 635, 1742, 1364, 1501, 1075, 194, 2205, 2369, 908, 437, 901, 373, 760, 665]",[],"[438, 1699, 618, 267, 1098, 1163, 615, 1421, 494, 1473, 1137, 633, 635, 1663, 284, 966, 1694, 75, 1030, 1501, 1075, 1322, 2369, 908, 888, 941, 901, 1396, 2116, 665, 25, 736, 557, 139]"
2209,145,"PSC50 1.88 by 60-Yard Corru-Grip Premium Hot Melt Packing Tape, Clear",16,[220],[],[]
2210,203,"Samsill 1/2-Inch Round Ring View Speedy Spine Binders, White - 6 Pack (M18117C)",1,"[840, 359, 1139, 557, 1309]",[],"[2072, 115, 1375, 840, 1401, 1628, 49, 1309, 439, 494, 2102, 2005, 407, 1055, 966, 2078, 1357, 587, 1134, 114, 421, 1322, 214, 2082, 1396, 484, 2116, 1234, 435, 733, 736, 557, 589, 139]"
2211,665,AmazonBasics Thermal Laminating Pouches - 8.9-Inch x 11.4-Inch (100-Pack),27,"[191, 1699, 1098, 1609, 1328, 1163, 664, 137, 94, 635, 1742, 1364, 1501, 1075, 194, 2205, 2369, 908, 437, 901, 104, 25]",[],"[893, 1699, 267, 1098, 1222, 1163, 664, 494, 1137, 1662, 94, 635, 1742, 1364, 1086, 1501, 1075, 194, 2205, 2369, 908, 437, 941, 800, 901, 1644, 557, 484, 2148]"
2212,323,Fellowes I-Spire Series Document Lift (9311501),11,"[837, 390, 513, 1730, 178, 1675, 1164, 1873, 82, 1966, 603, 322, 432]",[],[]
2213,390,Fellowes I-Spire Series Laptop Lift (9311201),11,"[323, 513, 758, 2123, 603, 1239, 740, 1984, 863, 322, 432]",[],[]
2214,513,Fellowes I-Spire Series Monitor Lift (9311101),11,"[390, 375, 1860, 1575, 1358, 836, 1479]",[],[]
2215,828,"Samsung Multifunction Xpress SL-M2875FW Wireless Monochrome Printer with Scanner, Copier and Fax",29,[],"[991, 1046]",[]
2216,111,Epson Expression Home XP-410 Small-in-One All-in-One Wireless Inkjet Printer (C11CC87201),29,[],"[281, 1122, 451, 187]","[938, 281, 451, 447, 49, 1437]"
2217,761,HP Envy 4500 Wireless Color Photo Printer with Scanner and Copier,29,[],"[281, 111, 724, 541]","[763, 541, 978, 1591, 2015, 648, 952, 1995, 941, 447, 1569, 2326, 49]"
2218,1440,"HP OJ 7610 Wireless Color Photo Printer with Scanner, Copier and Fax",29,[],"[763, 187, 459]","[1537, 1591, 1585, 1176, 1975, 1304, 1411, 1775, 1314, 850, 139]"
2219,928,USPS PS-10USBGB Desktop Postal Scale with USB Port - 10 lb. Load Capacity,16,"[1310, 449, 1566, 38, 1294, 1097, 613, 1379, 956, 1149, 1765, 547, 912, 967]",[],"[1349, 1379, 550, 466, 915]"
2220,141,"Acme Westcott iPoint USB Pencil Sharpener, Black (15912)",39,"[387, 506, 371, 575, 687, 1917, 1300, 654, 1497, 278]",[],[]
2221,194,"Scotch PRO Thermal Laminator, 2 Roller System, 16.06 x 4.25 x 4.96 Inches",27,"[1098, 666, 1609, 1163, 664, 137, 383, 1081, 511, 94, 1742, 676, 1364, 354, 1075, 2205, 2369, 437, 901, 760, 665]",[],"[908, 1699, 901, 1098, 267, 635, 1501, 1075, 1163, 557, 2369, 665]"
2222,2408,Number 1 in Service RFID Blocking Credit Card Secure Sleeve and Passport Case Set (10x CC Sleeve and 2x Passport Holding Sleeve),11,[2034],[],[2034]
2223,176,Poliagendas Polibook Things to Do Pad Task Manager Daily Agenda,25,[149],[],[]
2224,1120,Samsung ProXpress SL-M3320ND Monochrome Printer,29,[],"[86, 1125]","[994, 1432, 2332, 786, 1125, 1921, 1428, 921]"
2225,1601,"South Shore Morgan Storage Console, Royal Cherry",2,[],[],[]
2226,204,"Mead 2-Inch Zipper Binder with Zipper Storage, Blue (72192)",1,"[468, 1935, 228]",[],"[228, 903, 215, 774, 840, 1472, 1367, 49, 1464, 505, 468, 1617, 698, 1663, 2386, 2070, 1481, 890, 2058, 1935, 82, 1259, 243, 800, 1648, 2168, 2078]"
2227,228,"Five Star Zipper Binder Plus Multi Access File, 2-Inch Capacity, 13.75 x 12.12 x 3.5 Inches, Blue (72188)",1,"[2051, 204, 1935, 468]",[],"[1050, 903, 774, 840, 1165, 1472, 49, 1464, 505, 468, 1617, 698, 2386, 2070, 1134, 1481, 1925, 1949, 295, 890, 1935, 204, 1624, 1135, 243, 2168]"
2228,1441,"36 Stainless Steel Collar Stays in Clear Plastic Box, Order the Sizes You Need",22,[],[],[]
2229,64,"Wilson Jones Heavy Duty Round Ring View Binder with Extra Durable Hinge, 3-Inch, White (W363-49WA)",1,"[1139, 418, 243, 174, 725, 2048, 2195, 1472, 2070, 557]",[],"[1050, 903, 215, 1082, 774, 840, 1472, 1464, 505, 181, 53, 1969, 2386, 2070, 1134, 2359, 1481, 1925, 890, 2058, 82, 1924, 1624, 243, 800, 733, 2168, 557]"
2230,340,"Wilson Jones Heavy Duty Round Ring Binder with Extra Durable Hinge, 2-Inch, Red (W364-44-1797)",1,"[1740, 243, 174, 2048, 1472, 1139, 557]",[],"[1050, 903, 840, 1472, 1464, 2372, 505, 181, 2005, 1617, 2386, 366, 2070, 1134, 2359, 1481, 1925, 1636, 890, 1086, 82, 114, 1624, 243, 800, 484, 195, 2168, 1139]"
2231,45,"Wilson Jones Ultra Duty D-Ring View Binder with Extra Durable Hinge, 1.5-Inch, Black (W86661)",1,"[725, 2195, 1472, 2070, 557]",[],"[903, 215, 774, 840, 1472, 1464, 505, 89, 1617, 53, 2070, 1208, 1134, 2359, 1481, 235, 890, 114, 82, 243, 800, 1504, 484, 733, 2168, 557]"
2232,288,"Wilson Jones Ultra Duty D-Ring Binder with Extra Durable Hinge, 1.5-Inch, Eggplant (W876-34-519)",1,"[1139, 243, 725, 2048, 2195, 1472, 2070, 557]",[],"[1050, 903, 215, 774, 840, 1204, 1472, 49, 1464, 505, 89, 1617, 53, 2195, 1969, 1208, 1134, 1949, 2051, 890, 114, 842, 243, 800, 2310, 484, 733, 2168, 1139, 557]"
2233,195,"Paper Mate Mates 1.3mm Mechanical Pencils, 8 Colored Barrel Mechanical Pencils (1862168)",39,"[1481, 1925, 1949, 34, 1340, 2261, 1721, 1259, 87, 842]",[],"[1050, 903, 1082, 188, 1371, 505, 34, 1340, 53, 698, 2012, 1721, 2070, 1134, 1481, 2084, 1949, 894, 1636, 890, 1259, 2374, 842, 1135, 243, 800, 484, 2119, 2168, 1884, 202]"
2234,994,"Samsung Multifunction ProXpress SL-M3370FD Monochrome Printer with Scanner, Copier and Fax",29,[],[991],[1120]
2235,205,"Five Star Zipper Binder Plus Multi Access File, 2-Inch Capacity, 13.75 x 12.12 x 3.5 Inches, Blue (72188)",1,"[2051, 204, 1935, 468]",[],"[1050, 903, 774, 840, 1165, 1472, 49, 1464, 505, 468, 1617, 698, 2386, 2070, 1134, 1481, 1925, 1949, 295, 890, 1935, 204, 1624, 1135, 243, 2168]"
2236,177,The Packaging Wholesalers 3 Cubic Feet 18-1/8 x 18 x 16 Inches Medium Moving Box with 32 ECT Room Locator Check-Off Box (BS181816MMB),16,[47],[],[]
2237,2409,Printronic Compatible Ink Cartridge Replacement for Canon PGI-250XL CLI-251XL 6432B001 6448B001 6449B001 6450B001 6451B001 (1 Large Black 1 Small Black 1 Cyan 1 Magenta 1 Yellow) 5 Pack for Pixma IP7220 MG5420 MG6320 MX722 MX922,28,[],"[430, 187]","[826, 1436, 187, 430]"
2238,883,"Mead Weekly Planning Desk Organizer, Green (72312)",14,[881],[],[881]
2239,881,"Mead Class Supplies Wall Storage, Blue (72344)",14,[],[],[1617]
2240,882,"Mead Classroom Wall Scheduler, Teal (72334)",14,[881],[],[881]
2241,146,Scotch Expressions Magic Tape/ 3/4 x 300 Inches/ Classic Triangle/ Orange/ Blue/ 3-Rolls/Pack (C214-3PK-6),35,[],[],"[1473, 317]"
2242,1788,Satechi Desk Mat &amp; Mate 24&quot; x 14&quot; Desk Pad &amp; Protector Mouse Pad for desktops and laptops (Cream White)),11,[],[],"[802, 1317, 361, 2064, 1673, 630, 2372, 1012, 1479, 1694, 317, 998, 1090, 1008, 762, 536, 746, 1321, 2116, 740, 1395, 736, 835, 850]"
2243,1121,"Five Star Hanging Locker Shelf, Red (72230)",23,[289],[],"[1770, 1919, 289]"
2244,289,"Five Star Magnetic Storage Pocket, Neoprene, Black/Blue (72250)",23,[1121],[],"[1121, 215]"
2245,929,"Five Star Stackable Locker Shelf, Purple (72228)",23,"[1121, 289]",[],"[215, 289, 243, 1121, 1134]"
2246,211,"Five Star Split Pencil Cup, Purple (72260)",23,"[1121, 289]",[],"[1121, 289]"
2247,2410,"AT-A-GLANCE 2014 Weekly Appointment Book, 8.25 x 10.88 x .56 Inches, Black (70-950-05)",5,"[2035, 2317]",[],"[736, 49, 494, 1323, 407, 1470, 1297, 206, 1583, 2411, 421, 484, 745, 1628]"
2248,2411,"AT-A-GLANCE 2014 Monthly Desk Pad, Black and White, 22 x 17 Inches (SK24-00)",5,"[2412, 2342, 1780]",[],"[1398, 115, 361, 124, 963, 49, 494, 378, 1473, 2088, 407, 1662, 633, 1260, 1297, 745, 966, 2087, 109, 587, 1134, 2078, 1008, 1583, 1264, 1780, 421, 1235, 1322, 1212, 2381, 835, 735, 843, 1107, 2410, 2237, 1419, 484, 1333, 2116, 736, 1139, 557, 850, 139]"
2249,2412,"Brownline 2015 Monthly Desk Pad, 22 x 17 Inches (C1731-14)",5,"[2411, 2342, 1780]",[],"[1398, 1217, 1676, 115, 1730, 361, 2064, 963, 49, 1628, 494, 378, 1473, 89, 407, 633, 2245, 1297, 1869, 966, 2087, 1167, 1635, 587, 2078, 1323, 1615, 1807, 998, 1008, 699, 2325, 1583, 1264, 421, 1235, 1322, 1212, 843, 1107, 2333, 2410, 2237, 1419, 484, 2116, 1343, 769, 1396, 1921, 736, 2214, 850, 139]"
2250,556,"Quartet Magnetic Dry-Erase Calendar Tile, 14 x 14 Inches, 1-Month Design, Frameless, Silver (48114-SL)",11,"[1770, 726, 372, 2180, 500, 546]",[],"[362, 1770, 843, 1013, 2300, 1107, 1663, 546, 1448, 2370, 37]"
2251,106,"Quartet Cork Bulletin Board, 2 x 3 Feet, Oak Finish Frame (MWDB2436M)",26,"[158, 1730, 408, 1419, 2245, 434, 321]",[],"[1730, 115, 361, 434, 49, 494, 378, 1473, 2088, 1785, 407, 1662, 633, 1260, 745, 1013, 966, 587, 158, 1583, 421, 1235, 1322, 223, 1645, 843, 1419, 484, 1343, 1396, 736, 850, 139]"
2252,532,"AmazonBasics 12-Sheet High Security Micro-Cut Paper, CD, and Credit Card Shredder with Pullout Basket",24,[],"[156, 622, 196, 581]","[156, 1390, 313, 151, 49, 2047, 1764, 378, 630, 103, 196, 633, 587, 1807, 1330, 86, 1109, 1235, 736, 139]"
2253,178,"Quartet Magnetic Dry-Erase Board, 11 x 14 Inches, Black/Silver Frame (79367)",26,"[189, 1770, 441, 362, 843, 534, 1730, 160, 1164, 884, 394, 223, 1966, 546, 486, 37, 2357]",[],"[1770, 1398, 1050, 1730, 361, 5, 2370, 1150, 505, 1662, 1663, 206, 154, 1013, 966, 37, 736, 1710, 1637, 223, 843, 484, 1343, 2168, 1217, 1966, 589, 139]"
2254,158,"Quartet Push Pins, 1-Inch, Assorted Colors, 30 Pack (27954)",35,"[1645, 1770, 1419, 2245, 434, 154, 321]",[],"[1770, 1398, 500, 361, 434, 1473, 2372, 633, 2245, 1260, 154, 966, 321, 37, 1134, 2300, 1979, 1322, 1645, 843, 1107, 2237, 1419, 484, 2116, 1343, 884, 1921, 19, 2357]"
2255,372,"Quartet 4-Month Dry-Erase Planner Board, 23 x 35 Inches, Black Frame (05149SV)",26,"[2180, 556, 500]",[],"[1770, 438, 1730, 115, 1390, 5, 49, 2370, 494, 378, 1662, 1663, 2245, 1260, 154, 1013, 587, 37, 1615, 1136, 1637, 421, 1446, 2205, 843, 2237, 1396, 1164, 1821, 223]"
2256,884,"Quartet Magnetic Combination Board, 17 x 23 Inches, Dry-Erase and Cork, Black/Silver Frame (79370)",26,"[362, 1770, 843, 1730, 178, 500, 1164, 223, 1966, 2357, 37, 440]",[],"[1770, 516, 1730, 361, 963, 49, 630, 1663, 2245, 154, 745, 1013, 37, 158, 1008, 1136, 638, 223, 843, 1419, 484, 2116, 736]"
2257,56,"Quartet&reg; Chalkboard, 14&quot; x 14&quot;, Wood Finish Frame (90006)",26,"[2104, 1241]",[],"[1241, 2104, 484, 197, 223]"
2258,1200,"10 Pack Compatible Canon PGI-250 , CLI-251, Canon 251, Canon 250 2 Small Black, 2 Cyan, 2 Magenta, 2 Yellow, 2 Big Black for use with Canon PIXMA iP7220, PIXMA MG5420, PIXMA MG5422, PIXMA MG6320, PIXMA MX722, PIXMA MX922. Ink Cartridges for inkjet printers. CLI-251BK , CLI-251C , CLI-251M , CLI-251Y , PGI-250BK &copy; Blake Printing Supply",28,[],"[826, 1436, 187]","[49, 1807, 770, 1436, 430, 187, 826]"
2259,2044,Sophia Global Compatible Ink Cartridge Replacement for Canon PGI-250XL (1 Large Black),28,[1436],[],[]
2260,2045,"Document Scanner Mobile Scanner Handheld Scanner 900DPI Color &amp; Mono Handyscan For Document, Photo, Receipts, Books - Optical Character Recognition (Ocr) Software Included",30,"[1764, 330, 477, 1403, 1416, 1734, 1971, 695, 1981, 1561]",[1403],[]
2261,2413,piQx Xcanex Portable Book and Document Scanner,30,"[1764, 1307, 477, 1416, 1403, 723, 1734, 786, 1115, 860, 695, 709, 1042]",[],[]
2262,724,HP Envy 5530 Inkjet Multifunction Printer - Color - Photo Print - Desktop,29,[],"[541, 761, 648]","[541, 978, 1591, 2015, 74, 648, 1995, 447, 1569, 2326]"
2263,557,"Wilson Jones 362 Basic Round Ring View Binder, 1 Inch, White, 4 Pack (W70362-14W)",1,"[1050, 2359, 1740, 903, 1481, 505, 243, 840, 890, 2058, 1472, 1139, 203, 1134, 1309]",[],"[1050, 903, 774, 840, 1336, 1472, 49, 1464, 1309, 494, 505, 2005, 34, 53, 206, 1969, 2386, 2070, 2078, 1134, 2359, 1481, 1925, 890, 2058, 1086, 1924, 1624, 1135, 243, 800, 865, 2168, 1648, 19, 1139, 1755, 589, 139]"
2264,418,"Wilson Jones 363 Heavy Duty Round Ring View Binder with Extra Durable Hinge, 1&quot;, White, 4 Pack (W70363-14)",1,"[1139, 1740, 243, 774, 557, 174, 1617, 2310, 2048, 2195, 114, 1472, 2070, 203, 1605, 1309]",[],"[1624, 215, 1481, 505, 243, 840, 557, 1617, 733, 484, 114, 2168, 421, 1924, 49, 1309]"
2265,583,"Brother Printer Work Smart MFCJ870DW Wireless Color Inkjet All-In-One Printer with Scanner, Copier and Fax",29,[],"[1122, 406, 1595, 187]","[2354, 1595, 86, 447, 1122, 49, 917]"
2266,762,"Floortex Advantagemat Phthalate-Free PVC, Rectangular Chair Mat with Lip for Hard Floors, 36 x 48 Inches, Clear (PF129020LV), Amazon Exclusive",11,"[1027, 1956, 1012, 1395]",[],"[494, 199, 630, 1615, 1807, 1673, 2137, 361, 484, 740, 124, 1012, 1446, 736, 1509, 49, 589]"
2267,1602,Brother PT-P700 PC Connectable Label Maker for PC and MAC,29,[],[296],"[1834, 1295, 1426, 296, 1791, 1420, 1577, 912]"
2268,2414,"Verbatim HP CE321A Remanufactured Toner Cartridge for LaserJet Enterprise CP1525, CM1415, Cyan 98335",28,[],[],[]
2269,666,Black &amp; Decker Flash Pro XL Thermal Laminator 12.5-Inch (LAM125FH),27,"[728, 1098, 779, 533, 664, 137, 383, 511, 1081, 94, 635, 1742, 676, 1364, 354, 1075, 194, 2205, 908, 437, 760]",[],[]
2270,533,Black &amp; Decker Flash Thermal Laminator 9.5-Inch (LAM95),27,"[1098, 666, 1609, 664, 137, 383, 511, 1081, 94, 1742, 635, 676, 760, 1364, 602, 1501, 194, 2205, 437, 373, 25, 665]",[],"[908, 1098, 635, 1501, 1075, 1163, 664]"
2271,229,"Post-it Study Kit with Tabs, Flags, Arrow Flags, Note Tabs, Grid Notes, Full Adhesive Notes, Label Pads, and Flag + Highlighter",25,"[1150, 20, 76, 9, 2017, 2119, 1769, 1758, 161, 589]",[],"[76, 361, 1769, 1472, 1758, 2023, 1150, 20, 2378, 34, 53, 131, 1550, 894, 2017, 2228, 370, 2119, 1061, 557, 2257, 589]"
2272,885,Logitech G440 Hard Gaming Mouse Pad for High DPI Gaming,11,"[1513, 1962, 704, 930, 1735, 155]",[],[930]
2273,930,Logitech G240 Cloth Gaming Mouse Pad for Low-DPI Gaming,11,[],"[704, 885]","[704, 885]"
2274,2415,"Inateck&reg; Bluetooth Wireless Barcode Scanner (Laser Wireless Bluetooth &amp; USB2.0 Wired) USB Rechargeable Barcode Bar-code Handscanner Operation with iPad Air/mini, iPhone, Android Phones, Tablets or Computers, Support Win7, Win8.1, iOS7, Mac OS X 10.8.4 or above, Linux - USB Charging",24,[],[1295],"[833, 1018, 1295, 1426, 1835, 1276, 1211, 1198, 86, 1331, 1420, 2278, 912, 2289, 1138]"
2275,787,HP DJ 2540 Wireless Color Photo Printer with Scanner and Copier,29,[],"[281, 761, 541]","[763, 541, 978, 648, 1995, 1569, 2326]"
2276,763,"HP OJ 4630 Wireless Color Photo Printer with Scanner, Copier and Fax",29,[],"[1122, 541, 187, 761]","[541, 978, 1591, 648, 1995, 1111, 1077, 761, 447, 1569, 1079, 2326, 787, 49]"
2277,1603,HOT Sale!HD 3 Inch TFT Biometric Fingerprint Time Pin Attendance Recorder Time Clock Sk-c3 (Support U Disk to Download Data+ U Disk Export Attendance Report Without Attendance Software+ Record Capacity: 150000+ Fingerprint Capacity: 600),27,[],[],"[494, 1583, 49, 109, 139]"
2278,212,"Zebra Stylus Pen with Super Smooth Advanced Ink- Black Ink, Onyx Barrel- 1 pack",39,"[1731, 2256]",[],[]
2279,2046,JOTO Premium Ultra Clear Screen Protector Film for ASUS MeMO Pad HD 7-Inch Tablet - Lifetime Replacement Warranty (3 Pack),11,[],[],[]
2280,1122,"Brother Printer MFCJ450DW Easy-To-Use Inkjet All-In-One Color Printer with Scanner, Copier and Fax",29,[],"[583, 111, 187]","[86, 1595, 49, 447]"
2281,1201,"Brother Printer MFCJ6920DW Color Inkjet Multi-Function Center with Scanner, Copier and Fax",29,[],[187],"[2001, 1595, 1198, 1108, 2354, 49, 1368]"
2282,514,"Canon PIXMA MG7120 Wireless Color Photo All-In-One Printer, Mobile Smart Phone and Tablet Printing, Black",29,[],"[826, 1436, 187]","[168, 770, 1436, 444, 826, 49]"
2283,1045,Brother DS920DW Wireless Duplex Mobile Color Page Scanner,30,[],[1042],"[918, 664, 665]"
2284,1442,Brother ADS1000W Compact Color Desktop Scanner with Duplex and Wireless Networking,30,[],"[1115, 1042]","[2033, 1417, 1591, 1115, 1276, 156, 1313, 86, 1988, 484, 151]"
2285,232,Epson DS-510 WorkForce Document Scanner (B11B209201),30,[],"[1115, 1042, 786, 1016]","[115, 1975, 1429, 917, 1591, 2332, 1016, 2389, 1042, 966, 1276, 1316, 86, 1030, 1478, 1235, 2033, 786, 1115]"
2286,829,SimpleScan DP SM48300 Duplex Mobile Document Scanner,30,"[1764, 1307, 1045, 330, 1416, 723, 1442, 477, 786, 2201, 1016, 1315, 695, 232, 860, 1042, 1561]",[1042],[]
2287,179,Epson C11CD31201 Expression Premium XP-610 Wireless Color Photo Printer with Scanner and Copier,29,[],"[281, 111, 187]","[110, 823, 1782, 938]"
2288,230,"Epson C11CD29201 Expression Premium XP-810 Small Wireless Color Photo Printer with Scanner, Copier and Fax",29,[],"[179, 111, 187]","[823, 1782, 938, 79]"
2289,696,Epson C11CD28201 Expression Photo XP-950 Wireless Color Photo Printer with Scanner and Copier,29,[],"[179, 722, 230]","[681, 938]"
2290,42,"Pilot MR Animal Collection Fountain Pen, Matte Blue with Leopard Accent, Medium Nib, Black Ink (91133)",39,"[1837, 1587, 708, 539, 1020, 891, 2330, 965, 1332, 1832]",[],"[1837, 1587, 708, 539, 2281, 902, 1020, 2327, 573, 891, 1701, 965, 1332, 2330, 848, 1383, 2229]"
2291,931,Ricoh Aficio SP 204SN Monochrome Multifunction Laser Printer with Color Photo Scanner and Copier (Windows Only),29,"[1439, 1311, 791, 1593, 1440, 1191, 1025, 1591, 2332, 1120, 718, 933, 1431, 2343, 86, 1039, 452, 763, 1417, 1432, 1607, 1123, 764, 1033, 923]","[1033, 1431]",[]
2292,558,"Rolodex Mesh Collection Mobile Device and Tablet Stand, Black (1866297)",11,"[2123, 1239]",[],"[630, 998, 1239, 1107, 1575, 361, 1343, 2064]"
2293,546,"Quartet Dry-Erase Board, 5 1/2 x 14 Inches, Black (90223-BK)",26,"[189, 441, 73, 362, 2300, 178, 160, 500, 1164, 394, 223, 1966, 556]",[],"[1770, 73, 2300, 37, 160, 154, 556]"
2294,1123,Ricoh Aficio SP 311SFNw Wireless Monochrome Multifunction Printer with AIO Cartridge Technology,28,[],"[931, 1431]",[]
2295,764,Ricoh Aficio SP 311DNw Wireless Monochrome Laser Printer,29,"[791, 1598, 1191, 258, 1591, 1120, 718, 2343, 1431, 86, 1039, 1030, 1778, 931, 1432, 1607, 995, 1123, 1033, 923]","[86, 931, 1431]",[]
2296,373,"Fellowes Laminator L80-95, 9.5-Inch  with 10 Pouches (5711001)",27,"[390, 1328, 533, 664, 137, 383, 511, 94, 1742, 635, 203, 1364, 354, 602, 1075, 194, 2205, 908, 437, 760, 665]",[],[]
2297,597,"basyx by HON HVL532 Mesh High-Back 2-Way Arms Task Chair, Black",8,"[785, 2341, 614, 608, 755, 781, 643, 1978, 646, 1673, 609, 2362]",[],[]
2298,453,"Swingline Bling Fashion Stapler, 20 Sheets, Black with DIY Jewel Stickers (S7087886)",31,"[1473, 820, 164, 115, 34, 894, 361, 245, 424, 1343, 163, 1704, 590, 736, 49, 139]",[],[]
2299,1315,Brother DS-820W Wireless Document Scanner,30,"[1764, 1307, 1045, 1442, 1416, 723, 411, 1734, 477, 1115, 1177, 695, 232, 860, 829, 1042, 1561]","[1042, 1045]",[]
2300,932,"Swingline ProStyle+ Super Cross-cut Junk Mail Shredder, 14 Sheets, 1 User (1757391)",24,"[1266, 1202, 143, 1029, 621, 581, 1243, 876, 532, 156, 1245, 217, 992, 983, 1873, 525, 622]","[532, 156, 581]",[]
2301,621,"Paper Shredder by Swingline, Duo Super Cross-Cut Junk Mail Shredder, 12 sheet (1757394)",24,[],"[156, 217, 581]","[2047, 196, 1008, 1322, 111, 49]"
2302,622,"AmazonBasics 17-Sheet Cross-Cut Paper, CD, and Credit Card Shredder with Pullout Basket",24,[],"[532, 156, 581]","[2239, 1730, 2032, 151, 49, 2047, 494, 630, 2102, 196, 745, 1807, 1109, 1583, 846, 232, 1015, 1322, 786, 2237, 1396, 484, 1234, 182, 1378]"
2303,490,"Pilot Acroball Pro Retractable Advanced Ink Ball Point Pens, Medium Point, Assorted Color Ink, 3-Pack (31922)",39,"[799, 1942, 1621, 1365, 2090, 1641]",[],"[1484, 1942]"
2304,2047,"Fellowes Powershred Performance Shredder Oil, 16 oz. Extended Nozzle Bottle Shredder (3525010)",24,[],"[1109, 196, 625, 156]","[581, 532, 156, 217, 625, 49, 1245, 196, 992, 1202, 924, 1330, 1109, 525, 622, 876, 488, 932, 1873]"
2305,281,Epson XP-310 Wireless Color Photo Printer with Scanner and Copier,29,[],"[451, 111]","[938, 74, 451, 770, 248, 447, 1060, 111, 49, 1437]"
2306,233,"Quartet Magnetic Notepad, 3 x 7.5 Inches, Pink (48121-PK)",25,[803],[],[]
2307,300,"Quartet Magnetic Combination Board, 11 x 14 Inches, Dry-Erase and Cork, Black Frame (79363-BK)",26,"[189, 1770, 73, 362, 1661, 178, 500, 1419, 1164, 884, 223, 1966, 546, 2370, 321, 556, 2357]",[],[]
2308,259,"Quartet Magnetic Dry-Erase Board Tile, 5 1/2 x 14 Inches, Frameless, Silver (85401-SL)",11,"[441, 1770, 73, 189, 362, 178, 160, 500, 1164, 884, 394, 223, 546, 486, 556, 2357]",[],"[1770, 556, 843, 2300, 1663, 154, 2350, 546, 37]"
2309,189,"Quartet Magnetic Dry-Erase Board, 11 x 14 Inches, Green Frame (MHOW1114-GN)",26,"[441, 1770, 73, 362, 556, 843, 534, 178, 160, 1164, 884, 394, 223, 1966, 546, 486, 37]",[],"[1770, 843, 1013, 2370, 486, 37]"
2310,598,"Quartet Magnetic Dry-Erase Calendar, 1-month, 11 x 14 Inches, White Frame (MHOP1114-W)",5,"[1770, 843, 726, 37, 372, 500, 2180, 1164, 556]",[],[]
2311,534,"Quartet Dry-Erase Board, 11 x 17 Inches, Black Frame (21-580532Q-BK)",26,"[189, 1770, 441, 362, 843, 1730, 2300, 178, 1663, 1164, 884, 223, 1966, 1013, 2370, 37, 2357]",[],[]
2312,341,"Quartet Cork Bulletin Board, 17 x 23 Inches, Black Frame (MHOB1723-BK)",26,"[408, 2245, 321, 434]",[],[]
2313,301,"Quartet Magnetic Mail Organizer Storage Pouch, 10 x 7 Inches, Black (48123-BK)",11,"[788, 669, 556, 289]",[],[]
2314,584,"Quartet Magnetic Combination Board, Cork/Dry-Erase, 17 x 23 Inches, Silver Frame (21-580653Q-SL)",26,"[1770, 500, 2245, 884, 434, 154, 223, 2357, 321, 37, 440]",[],"[1770, 843, 361, 1013, 37]"
2315,266,"Quartet Magnetic Pencil/Pen Cup Holder, White (48120-WT)",11,"[301, 1821, 1217, 546, 1694]",[],"[1770, 73, 438, 1730, 1390, 500, 5, 2370, 301, 1662, 633, 1663, 1443, 154, 1013, 2087, 37, 1694, 2300, 1637, 1616, 843, 1107, 2104, 484, 1343, 1821, 546, 850, 139]"
2316,51,"Wilson Jones Ultra Duty Round Ring View Binder with Extra Durable Hinge, 1-Inch, White (W87902PP2)",1,"[215, 243, 363, 468, 557, 2051, 292, 174, 2048, 2168, 1204, 1139, 203]",[],[]
2317,2048,"Wilson Jones Ultra Duty Round Ring View Binder with Extra Durable Hinge, 1.5 Inch, White (W87905PP2)",1,"[2359, 51, 183, 243, 800, 1082, 840, 174, 2168, 1204, 1472, 1139, 557, 1605, 1309, 1464]",[],"[243, 890, 2168, 903]"
2318,309,"Wilson Jones Ultra Duty Round Ring View Binder with Extra Durable Hinge, 2-Inch, White (W87908PP3)",1,"[51, 725, 206, 2048, 484, 1472, 1139, 557]",[],[]
2319,725,"Wilson Jones Ultra Duty Round Ring View Binder with Extra Durable Hinge, 3 Inch, White (W87911PP3)",1,"[2359, 1139, 228, 840, 2051, 174, 2195, 1086, 1472, 2070, 557, 1624]",[],[]
2320,213,"Wilson Jones Heavy Duty D-Ring View Binder with Extra Durable Hinge, 3-Inch, White (W385-49WPP2)",1,"[1139, 2051, 1617, 725, 174, 2195, 1935, 114, 1472, 2070, 557]",[],[733]
2321,391,"Wilson Jones Heavy Duty D-Ring View Binder with Extra Durable Hinge, 1 1/2-Inch, White (W385-34WPP1)",1,"[1740, 51, 2051, 1617, 725, 2048, 53, 292, 82, 557, 1309]",[],[]
2322,113,"Wilson Jones Heavy Duty D-Ring View Binder with Extra Durable Hinge, 1-Inch, White (W385-14WPP1)",1,"[1050, 1740, 51, 395, 2051, 174, 2048, 557]",[],"[1949, 840, 890, 2116, 2168, 1472]"
2323,310,"Wilson Jones Heavy Duty D-Ring View Binder with Extra Durable Hinge, 2-Inch, White (W385-44WPP2)",1,"[51, 215, 840, 2051, 1617, 725, 2048, 292, 2195, 82, 1472, 1139, 557]",[],[]
2324,241,"Post-it Super Sticky Notes, Evernote Collection, 3 x 3 Inches, Electric Yellow, 4 Pads per Pack, 90 Sheets per Pad (654-4SSY-EV)",11,"[2372, 76, 2378, 89, 370, 2116, 1979, 9, 659]",[],"[115, 2327, 1764, 494, 1150, 633, 53, 161, 295, 370, 1583, 421, 735, 2222, 786, 2237, 484, 740, 659, 2214]"
2325,25,"Swingline Thermal Laminating Pouch, Letter Size, Standard Thickness, 50/Pack (3202017)",27,"[191, 1699, 1098, 1163, 664, 137, 383, 94, 635, 1742, 1364, 1501, 1075, 194, 2205, 2369, 908, 437, 901, 420, 665]",[],"[833, 1699, 1098, 267, 1472, 1163, 664, 494, 1625, 94, 635, 1617, 1501, 1075, 2205, 2369, 437, 901, 484, 665]"
2326,667,"Bankers Box File Storage Box with Lift-Off Lid, Letter/Legal, 12 x 10 x 15 Inches, White, 4-Pack (0070329)",23,"[1807, 631, 327, 1211, 701, 342, 638, 1234, 353, 672, 537, 732, 697]",[],"[516, 963, 313, 1509, 49, 1309, 378, 89, 407, 112, 587, 1807, 998, 1583, 421, 1322, 220, 2082, 484, 1234, 736, 589]"
2327,623,"Bankers Box Hang'N'Stor Medium-Duty Storage Boxes, Letter, 4-Pack (0078403)",23,"[736, 1807, 631, 327, 156, 537, 638, 1234, 353, 421, 672, 667, 732, 697]",[],[]
2328,697,"Bankers Box File Medium-Duty Storage Boxes with Lift-Off Lid, Legal, 4-Pack (0070209)",23,"[631, 327, 623, 537, 638, 1234, 421, 672, 667, 732]",[],[]
2329,501,"Swingline Stratus Acrylic Business Card Holder, 4.5 x 3.5 x 2.25 Inches, Clear (S7010135)",11,"[481, 998, 2037, 471, 585, 2297]",[],"[1322, 773, 585]"
2330,535,"Swingline Stratus Acrylic Document Tray, 13.25 x 10.75 x 2.5 Inches, Clear (S7010132)",11,"[481, 361, 501, 471, 1321, 515, 585, 1616]",[],[]
2331,585,"Swingline Stratus Acrylic Pen Cup, 4.25 x 2.75 x 4.5 Inches, Clear (S7010137)",11,"[1985, 481, 1107, 501, 471, 850, 515, 535, 1694]",[],"[471, 501, 1218]"
2332,481,"Swingline Stratus Acrylic Memo &amp; Paper Clip Holder, 7 x 5 x 2.5, Clear (S7010136)",11,"[501, 471, 515, 585, 535]",[],[]
2333,515,"Swingline Stratus Acrylic Magazine Rack, 10.5 x 10.25 x 3.5, Clear (S7010133)",16,"[501, 535, 481, 585]",[],[]
2334,471,"Swingline Stratus Acrylic Letter Sorter, 7.5 x 3.25 x 3.5, Clear (S7010134)",11,"[501, 535, 481, 585]",[],[]
2335,2416,"Epson WorkForce WF 3530 Wireless Color Printer with Scanner, Copier and Fax",29,[],"[58, 182, 79]","[938, 1786, 79, 532, 2040, 633, 2403, 447, 182, 58, 49, 508]"
2336,830,"Mead Organizher Loyalty Card Organizher, 20 Cards, 3.38 x 2.12 Inches, Orange (33129)",5,"[765, 668, 788, 726, 295, 624, 669]",[],"[668, 788, 669]"
2337,788,"Mead Organizher Hanging Magnetic Storage Pockets, Small, 6 x 10 Inches, Gray with Floral Accents (98048)",5,"[765, 668, 301, 830, 726, 295, 160, 624, 669]",[],"[765, 1770, 830, 726, 154, 669]"
2338,767,"Mead Organizher Monthly Undated Tabbed Wall Calendar, One Year, 12 x 17 Inches (47037)",5,"[765, 668, 788, 830, 726, 624, 2411, 669]",[],[]
2339,766,"Mead Organizher Write 'N Wipe Weekly Undated Dry-Erase Calendar, 15 x 4 Inches, Gray (98131)",5,"[765, 1770, 788, 726, 500, 416, 669, 556]",[],"[765, 1770, 668, 843, 788, 726, 1663, 1013, 669, 37]"
2340,789,"Mead Organizher Shopping Companion, 5.5 x 8.5 Inches, Pink (67022)",5,"[668, 830, 669]",[],"[668, 788, 830, 34, 871, 295, 149, 2310, 82, 1472, 669, 1167]"
2341,624,"Mead Organizher To-Do Magnetic Notepad, 4 x 9 Inches, 75 Sheets Per Pad (57123)",5,"[765, 668, 788, 830, 726, 669]",[],[669]
2342,727,"Mead Organizher Expense Tracker, 8.5 x 11 Inches, Purple Poly (64047)",5,"[765, 668, 1802, 2073, 788, 830, 295, 669]",[],"[765, 668, 1802, 2073, 788, 830, 295, 149, 2317, 2310, 1617, 1529, 2350, 669, 2189]"
2343,668,"Mead Organizher Password Keeper, 3.5 x 6.5 Inches, 64 Pages, Pink (43051)",5,"[830, 726, 295, 669]",[],"[2083, 830, 726, 2310, 669]"
2344,726,"Mead Organizher Write 'N Wipe Monthly Undated Dry-Erase Calendar, 15 x 12 Inches, Gray (98119)",5,"[765, 788, 500, 2180, 416, 669, 556]",[],"[1770, 668, 843, 788, 1663, 669, 2370, 37]"
2345,765,"Mead Organizher Reminder Center, 24 x 16 Inches (98137)",5,"[668, 843, 788, 34, 726, 295, 830, 149, 500, 624, 416, 669, 37]",[],"[788, 843]"
2346,670,"Mead Organizher School Memory Keeper, 14-Folder Organizher, 10.25 x 11.5 Inches, Purple (64051)",5,"[765, 668, 1802, 788, 830, 726, 295, 468, 2051, 204, 669]",[],"[668, 830, 669]"
2347,669,"Mead Organizher Magnetic Shopping List, 7.38 x 10 Inches, 75 Sheets Per Pad (57109)",5,"[765, 668, 788, 830, 726, 624, 416]",[],"[668, 788, 830, 726, 149, 624, 161, 37]"
2348,502,"3M Polarizing LED Task Light Desk Lamp, Touch Sensor Control, 5 Brightness Settings, Easy Adjust, UL Approved, Black",18,"[370, 1479, 904]",[],[]
2349,2417,BLUE Monkey Fist Self Defense Keychain 1&quot; Steel Ball Double Line 550lb Tensile Strentgh Military Paracord (Length 6 5/8&quot;) by Muzitao&copy;,19,[],[],[]
2350,290,Arrow Fastener Arrow PT50 Pneumatic Staple Gun,31,[],[],[]
2351,2418,OXA Bluetooth Wireless Keyboard with Aluminum Alloy Holder Cover with Stand for Ipad Mini Black (Built-in Wireless Bluetooth 3.0 Keyboard and Lithium Battery)(iPad Not Included),11,[],[],[]
2352,353,"Bankers Box SmoothMove Moving Boxes with No-Tape Assembly, Lift -Off Lids And Easy-Carry Handles, 15 x 10 x 12 Inches - 10 Pack (7714203)",16,"[351, 327, 1232, 537, 342, 638, 1234, 672, 667, 220, 732]",[],"[634, 1232, 342, 1720, 1881, 49, 1378, 407, 1331, 1807, 939, 421, 1322, 428, 220, 732, 2170, 351, 47, 484, 1234, 736, 537, 1247]"
2353,342,"Bankers Box SmoothMove Moving Kit, 8 Small Boxes, 6 Medium Boxes, 4 Rolls Bubble Wrap, 1 Roll Packing Tape and 1 Marker (7716301)",16,"[351, 939, 1232, 1234, 353, 537, 428, 220]",[],"[351, 428, 939, 171, 47, 871, 1331, 1232, 1247, 1234, 353, 1720, 1216, 1881, 2170, 220]"
2354,291,"Bankers Box SmoothMove Basic Moving Boxes, Small, 16 x 12 x 12 Inches, 15-Pack (7713802)",16,"[351, 1232, 342, 1234, 353, 537, 428, 220]",[],"[351, 60, 1720, 939, 47, 1247, 1232, 1011, 342, 1331, 1234, 353, 428, 1881, 220, 2170]"
2355,163,"Swingline Customizable Fashion Stapler, 20 Sheets, Assorted Skins Designs (S7087880)",31,[453],[],[]
2356,2049,Smart Weigh SWS1KG Elite Digital Pocket Scale 1000 x 0.1g,14,[2269],[],[]
2357,404,"Smead Cascading Vertical Wall Organizer, 6 Pockets, Poly, Gray with Bright Color Pockets (92060)",11,[1008],[],"[1770, 115, 840, 361, 1628, 439, 494, 1473, 633, 94, 2245, 1060, 745, 2078, 1167, 1667, 1615, 1807, 331, 1008, 1583, 850, 421, 1235, 1616, 1107, 484, 1333, 1343, 769, 736, 557, 589, 139]"
2358,324,"Smead 3 Section SuperTab Folder, Letter Size, Assorted Colors, 12 per Pack (11905)",18,[435],[],[]
2359,1124,"Quartet Cork Bulletin Board, 3 x 2 Feet, Black Aluminum Frame (2303B)",26,"[408, 2245, 321, 434]",[],"[1770, 115, 361, 963, 151, 494, 1473, 630, 1662, 633, 2245, 1013, 321, 587, 1008, 2325, 1235, 421, 1616, 1322, 843, 2082, 1419, 484, 736, 1336, 139]"
2360,559,,33,[],[],[]
2361,625,AmazonBasics 6-Sheet Cross-Cut Shredder,24,[],"[156, 488, 581]","[2047, 477, 1807, 196, 2082, 1109, 484, 1260, 963, 736, 49]"
2362,1202,"AmazonBasics 24-Sheet Cross-Cut Paper, CD, and Credit Card Shredder with Pullout Basket",24,[],"[532, 1245, 622]","[2047, 361, 49, 1109]"
2363,491,"Quartet Prestige 2 Connects Marker Caddy, 4 EnduraGlide Dry-Erase Markers, 1 Eraser (85377)",39,"[843, 1662, 1390, 414, 5, 1637, 1821, 1217, 1013, 37, 173]",[],"[1662, 1390, 414, 361, 5, 1637, 154, 1217, 1013]"
2364,768,"basyx by HON HVL251 Task Chair for Office or Computer Desk, Black Fabric",8,"[1673, 608]",[],[]
2365,790,Philips WeCall Bluetooth Conference Speaker Phone AECS7000/37,37,[],[],"[1807, 1662, 1390, 740, 1013]"
2366,1604,"Quze Adjustable Wooden Laptop Desk Notebook Computer Stand with Built in Cooling Fan Portable, Foldable Lap Desk (Wood)",11,"[1197, 2287, 1186, 2111, 867, 1596, 2338, 1296]",[],"[2338, 1479]"
2367,626,Canon Office Products MX472 Wireless Office All-In-One Inkjet Printer,29,[],"[452, 187]","[49, 474, 1586, 693, 1276, 692, 447, 452, 615]"
2368,569,Canon Office Products MX532 Wireless Office All-In-One Printer,0,[],"[826, 626, 187]","[1586, 693, 692, 555, 615]"
2369,586,Canon Office Products IP8720 Wireless Inkjet Photo Printer,29,[],"[826, 187, 514]","[477, 1435, 770, 1436, 561, 826]"
2370,627,Canon Office Products IX6820 Wireless Inkjet Business Printer,29,[],"[826, 187, 514]","[2394, 444, 2332, 716, 1416, 1364, 814, 151, 770, 1583, 1436, 1200, 530, 2202, 187, 826]"
2371,482,"3M Easy Adjust Desk Mount Monitor Arm, Elegant Space Saving Design, For Monitors Up to 20 lbs and &lt;= 30 in, Silver",11,"[1895, 1489, 1096, 480, 489, 1023]",[],[]
2372,354,"Fellowes Laminator Venus2 125 Laminator, 12.5-Inch  with 10 Pouches (5734801)",27,"[728, 1689, 666, 779, 664, 137, 383, 511, 1081, 94, 1742, 635, 815, 676, 1364, 194, 2205, 908, 437, 483, 104, 420, 373, 760]",[],"[635, 104, 420, 1501]"
2373,728,"Fellowes Laminator Neptune3 125 Laminator, 12.5-Inch  with 10 Pouches (5721401)",27,"[137, 383, 908, 511, 1081, 1364, 354, 94, 104, 420, 815, 666, 779, 760, 194, 2205, 676, 664]",[],[]
2374,1789,Aleratec DVD CD Shredder XC2,24,"[1266, 581, 686, 217, 2115]",[],[]
2375,2419,Ooma Telo Free Home Phone Service VoIP Phone and Device,37,[],[231],"[2390, 2041, 1183, 1031, 2008, 1299, 1787, 580, 412, 151, 1044]"
2376,1443,"Shacke&#153; 24 Magnetic Push Pins - Assorted Colors - For Metal Filing Cabinets, Whiteboards, Bulletin &amp; Cork Boards, and Refrigerators - Made From Strong Neodymium Magnets - Lifetime Guaranteed (Assorted)",26,[154],[],"[1770, 1390, 5, 1662, 1663, 154, 1013, 37, 2300, 1136, 223, 1064, 843, 1164, 740, 2168, 1821, 1217, 2357]"
2377,438,"Low-Odor Dry Erase Markers, Ultra-Fine Point, Assorted Colors, Set of 8",39,"[1770, 843, 1662, 1663, 5, 1637, 1821, 1013, 2370, 37]",[],"[1770, 1730, 1390, 372, 5, 2370, 1662, 1663, 53, 1013, 37, 362, 890, 1637, 1065, 843, 484, 1164, 1821]"
2378,547,"Smart Weigh ACE110 Digital Shipping Postal Scale (110lb.) with Extendable Cord and Bright Blue Backlight Display, Batteries and AC Adapter Included",16,"[1310, 449, 1566, 1294, 1097, 613, 956, 1149, 1765, 1608, 1905, 967]",[],"[38, 1660, 1659, 1379, 1232, 2289, 1421, 378, 449, 1088, 1331, 1312, 1206, 958, 550, 112, 1231, 1009, 2278, 462, 1700, 1018, 109, 1068, 853, 939, 171, 1276, 86, 1274, 1149, 466, 220, 1295, 2004, 47, 543, 1349, 484, 1865, 736, 1905, 915]"
2379,1790,Jumbl High-Resolution 14MP Scanner/Digitizer - Converts 35mm Negatives &amp; Slides to 14- or 22-Megapixel Digital JPEGs Using Built-In Software Interpolation - No Computer/Software Required to Operate - Features 2.4&quot; Color LCD &amp; TV Out,30,[],[],[]
2380,1605,"Wilson Jones Heavy Duty Round Ring View Binder with Extra Durable Hinge, 1.5 Inch, White, 4 Pack (W70363-34WAPP)",1,"[418, 292, 2048, 206, 557, 1309]",[],[]
2381,570,Epson WorkForce DS-560 Document Scanner,30,"[1045, 969, 2404, 458, 1732, 1016, 2406, 2022, 1042, 1307, 695, 232, 411, 1442, 751, 786, 1115, 374, 1305, 2379, 459, 860]","[786, 2406, 232]",[]
2382,405,"Epson LabelWorks LW-600P App-enabled, Portable Label Printer with Bonus 1&quot; (24mm) Tape Cartridge",24,[],[103],"[1772, 988, 103]"
2383,671,"HON Purpose Mid-Back Chair with YouFit Flex Motion, Adjustable Arms, Platinum Shell and Platinum Base, Cerulean Fabric",8,[1673],[],[]
2384,831,"Samsung SL-C1860FW/XAA Wireless Color Printer with Scanner, Copier and Fax",17,[],"[1125, 791]",[]
2385,933,Samsung SL-C1810W/XAA Wireless Color Printer,29,[],[1125],[]
2386,1046,"Samsung SL-M2885FW/XAA Wireless Monochrome Printer with Scanner, Copier and Fax",17,[],"[1125, 791]","[1125, 995]"
2387,503,"Pilot Dr. Grip 4+1 Multifunction Ballpoint Pen + Pencil, Assorted Color Inks, Blue Barrel, 1-Pack (36221)",39,"[1621, 818, 265, 252, 1484]",[],[53]
2388,311,"Avery Textured Scallop Round Labels, White, 2.5-Inch Diameter, Pack of 27 (80500)",22,"[335, 320, 381, 368, 393, 334, 2095, 349, 382, 304, 467, 242]",[],"[1447, 335, 320, 941, 368, 393, 334, 75, 349, 382, 304, 242]"
2389,729,Motorola IT6 DECT 6.0 Digital Cordless Home Phone with Answering Machine,37,"[2360, 1106, 985, 596, 412, 975, 2391, 993, 1600]",[2360],[]
2390,1444,"HP OfficeJet Pro 8620 Wireless Color Photo Printer with Scanner, Copier and Fax (A7F65A#B1H)",17,[],[1316],"[2376, 2392, 786, 1394, 1304, 1276, 2136, 2389, 447, 49]"
2391,791,"Samsung SL-M2070FW/XAA Wireless Monochrome Printer with Scanner, Copier and Fax",29,[],"[1125, 1431, 991]","[458, 79, 374, 1125, 560, 995, 483, 86, 583, 406, 459, 2043]"
2392,1316,"HP Officejet Pro 8610 Wireless Color Photo Printer with Scanner, Copier and Fax (A7F64A#B1H)",17,[],"[187, 1444, 922]","[49, 2376, 2392, 1953, 1591, 74, 626, 922, 232, 2210, 2043, 187, 587]"
2393,242,"Avery Textured Wraparound Labels, White, 7.85 x 1.75 Inches, Pack of 50 (08217)",22,"[1447, 335, 320, 433, 368, 393, 334, 1816, 382, 366, 304, 467]",[],"[334, 393, 320, 467]"
2394,312,"Mead Durable D-Ring View Binder, 1 Inch, Red (W465-14-1797PP) - Pack of 4",1,"[1050, 2359, 1139, 1740, 243, 2051, 890, 1472, 2070, 557, 1134, 1309]",[],"[1050, 903, 215, 774, 840, 963, 1472, 599, 1464, 505, 34, 1617, 53, 1663, 206, 1969, 2386, 2070, 1134, 2359, 1481, 1925, 890, 2058, 114, 1259, 1924, 1624, 243, 800, 2168, 1921, 1139, 557, 1755, 2078]"
2395,2050,Brother Printer HLL8350CDW Wireless Color Laser Printer,29,[],"[1108, 2043, 1414]","[477, 786, 1066, 86, 705, 2202]"
2396,995,Samsung SL-M2020W/XAA Wireless Monochrome Printer,29,[],"[86, 1125, 791]","[458, 791, 990, 79, 1125, 560, 374, 483, 86, 583, 406, 1046, 1033, 459, 2043]"
2397,1125,Samsung SL-M2835DW/XAA Wireless Monochrome Printer,29,[],"[86, 995, 791]","[1764, 791, 786, 995, 1046, 814, 1042, 49]"
2398,1791,Brother Printer PTP750W Wireless Label Maker,24,[],[1602],"[1577, 1602]"
2399,2051,"Five Star Flex Hybrid NoteBinder, 1-Inch Capacity, Customizable Cover, 11.5 x 10.75 x 1.25 Inches, Berry Pink/Purple (72522)",1,"[183, 228, 468, 206, 1792]",[],"[1050, 903, 215, 23, 1529, 1472, 183, 505, 34, 1729, 1617, 53, 206, 1208, 1481, 1925, 1949, 1636, 890, 1185, 114, 82, 243, 865, 2310, 589, 1559]"
2400,572,"Five Star Zipper Binder Plus Multi Access File, 2-Inch Capacity, 13.75 x 12.12 x 3.5 Inches, Blue (72534)",1,"[228, 468, 2051, 1935, 204]",[],"[1050, 1624, 228, 903, 505, 1481, 34, 1919, 243, 468, 865, 890, 2168, 2386, 1472, 599, 1464]"
2401,571,"Five Star Flex Hybrid NoteBinder, 1-Inch Capacity, 11.5 x 10.75 x 1.25 Inches, Berry Pink/Purple (72514)",1,"[1740, 183, 228, 51, 468, 2051, 206, 1792, 204]",[],"[1683, 1050, 493, 1228, 840, 23, 907, 1472, 49, 20, 183, 34, 1729, 1340, 53, 1617, 206, 1731, 1208, 1134, 1481, 1347, 1949, 1925, 1636, 2051, 890, 82, 1212, 2374, 1325, 1624, 243, 2009, 865, 1678, 589]"
2402,832,"Five Star Locker Storage Pocket with Dry Erase Surface, 4 x 6.5 Inches, White with Red Pocket (72616)",26,"[1121, 289]",[],[]
2403,457,"Five Star Locker Light, 7.5 x 1.62 Inches, Cobalt Blue (72542)",18,"[1121, 289]",[],"[1770, 903, 289, 1949, 243, 1636]"
2404,1606,"Trapper Keeper Snapper Trapper Notebook, 1 Subject, 9.5 x 6 Inches, Green (72706)",25,"[228, 505, 243, 468, 2051]",[],[]
2405,2052,"Five Star Wirebound Notebook, 1-Subject, 100 College-Ruled Sheets, 11 x 8.5 Inch Sheet Size, Orange (72448)",25,"[206, 774]",[],[]
2406,1792,"Five Star Composition Book, 100 College-Ruled Sheets, 9.75 x 7.5 Inch Sheet Size, Berry Pink/Purple (72492)",25,"[1050, 243, 2051, 53, 206, 1134]",[],[]
2407,628,"Five Star Wirebound Notebook, 5-Subject, 200 College-Ruled Sheets, 11 x 8.5 Inch Sheet Size, Teal (72458)",25,"[1050, 903, 243, 2051, 53, 206, 890, 2070, 1134]",[],[1925]
2408,1607,Canon LBP6200D Monochrome Printer,29,[],"[86, 2343]","[1439, 2343, 421]"
2409,406,"Epson WorkForce WF-3620 Wireless and WiFi Direct All-in-One Color Inkjet Printer, Copier, Scanner, 2-Sided Auto Duplex, ADF, Fax. Prints from Tablet/Smartphone. AirPrint Compatible. (C11CD19201)",29,[],"[111, 187, 483]","[458, 1070, 791, 938, 79, 374, 560, 995, 483, 86, 459, 182, 49]"
2410,459,"Epson WorkForce WF-7610 Wireless and WiFi Direct, All-in-One Wide-Format Color Inkjet Printer, Copier, Scanner, 2-Sided Auto Duplex, ADF, Fax. Prints from Tablet/Smartphone. AirPrint Compatible. (C11CC98201)",29,[],"[406, 483]","[458, 791, 79, 374, 560, 483, 995, 86, 406, 124]"
2411,483,"Epson WorkForce WF-3640 Wireless and WiFi Direct All-in-One Color Inkjet Printer, Copier, Scanner, 2-Sided Auto Duplex, ADF, Fax. Prints from Tablet/Smartphone. AirPrint Compatible. (C11CD16201)",29,[],[406],"[458, 791, 79, 374, 560, 995, 1379, 583, 406, 447, 459, 182, 58, 2043, 49]"
2412,560,"Epson WorkForce Pro WF-4640 Wireless and WiFi Direct, All-in-One Color Inkjet Printer, Copier, Scanner, 2-Sided Auto Duplex, ADF, Fax. Prints from Tablet/Smartphone. AirPrint Compatible. (C11CD11201)",29,[],"[374, 458, 483]","[458, 791, 938, 79, 1193, 374, 483, 995, 583, 406, 459, 182, 58]"
2413,374,"Epson WorkForce Pro WF-4630 Wireless and WiFi Direct All-in-One Color Inkjet Printer, Copier, Scanner, 2-Sided Auto Duplex, ADF, Fax. Prints from Tablet/Smartphone. AirPrint Compatible. (C11CD10201)",0,[],"[406, 483, 560]","[458, 791, 938, 79, 560, 483, 995, 144, 86, 406, 459]"
2414,458,"Epson WorkForce WF-7620 Wireless and WiFi Direct, All-in-One Wide-Format Color Inkjet Printer, Copier, Scanner, 2-Sided Auto Duplex, ADF, Fax. Prints from Tablet/Smartphone. AirPrint Compatible. (C11CC97201)",29,[],"[406, 459]","[630, 791, 938, 79, 374, 560, 1595, 483, 995, 406, 1033, 459, 182, 49]"
2415,1793,"Brother Printer MFC-L8850CDW Wireless Color Laser Printer with Scanner, Copier and Fax",29,[],[1108],"[2419, 1679]"
2416,2420,"Classic Glow Filler Paper, Wide Ruled,600, MADE IN USA",25,"[1050, 2359, 1980, 1135, 903, 1481, 505, 243, 800, 871, 774, 1755, 2058, 1648, 2386, 557, 1665]",[],[]
2417,934,"SentrySafe CHW20221 Medium Chest Safe, Charcoal Gray",19,[2011],[],[]
2418,935,"SentrySafe FHW40220 Large File Safe, Charcoal Gray",19,"[1556, 2011, 1904, 934]",[],[]
2419,1608,"Accuteck ShipPro 110lbs x 0.1 oz. Digital Shipping Postal Scale, Black (W-8580-110-Black)",16,"[1310, 449, 1566, 1294, 1097, 613, 1379, 956, 1149, 1765, 547, 2289, 967, 1421]",[],[]
